date,TAVG,TMAX,TMIN,PRCP,PRCP_6mo_avg,fire_occurred
1990-05-02,17.2,24.4,11.7,0.0,0.0,0
1990-05-03,14.7,21.1,7.2,0.0,0.0,0
1990-05-04,18.2,28.3,8.3,0.0,0.0,0
1990-05-05,17.8,28.9,8.3,0.0,0.0,0
1990-05-06,11.1,19.4,4.4,0.0,0.0,0
1990-05-07,12.1,21.7,2.8,0.0,0.0,0
1990-05-08,10.0,18.3,5.0,0.0,0.0,0
1990-05-09,11.8,13.9,10.0,0.0,0.0,0
1990-05-10,11.5,14.4,8.3,0.0,0.0,0
1990-05-11,9.5,11.7,8.3,0.0,0.0,0
1990-05-12,7.9,8.3,7.2,0.0,0.0,0
1990-05-14,10.6,13.3,8.3,0.0,0.0,0
1990-05-15,10.9,16.7,7.2,0.0,0.0,0
1990-05-16,9.9,16.7,5.0,0.0,0.0,0
1990-05-17,9.3,11.7,7.8,0.0,0.0,0
1990-05-18,8.8,10.0,7.8,0.0,0.0,0
1990-05-19,10.9,15.0,7.8,0.0,0.0,0
1990-05-20,11.7,13.3,10.0,0.0,0.0,0
1990-05-21,13.8,18.9,8.3,0.0,0.0,0
1990-05-22,15.4,20.0,10.0,0.0,0.0,0
1990-05-23,11.7,14.4,8.9,0.0,0.0,0
1990-05-24,10.7,16.1,5.6,0.0,0.0,0
1990-05-25,10.3,15.6,3.9,0.0,0.0,0
1990-05-26,13.7,20.6,6.7,0.0,0.0,0
1990-05-27,12.8,14.4,11.1,0.8,0.032,0
1990-05-28,11.7,14.4,10.0,29.0,1.146153846153846,0
1990-05-29,12.7,17.2,8.9,0.0,1.1037037037037036,0
1990-05-30,12.2,15.0,10.6,0.0,1.0642857142857145,0
1990-05-31,11.8,16.1,7.8,0.0,1.0275862068965518,0
1990-06-01,11.6,18.9,4.4,0.0,0.9933333333333334,0
1990-06-02,12.9,20.6,4.4,0.0,0.9612903225806452,0
1990-06-03,14.0,21.7,6.7,0.0,0.93125,0
1990-06-04,13.1,17.8,8.9,0.0,0.9030303030303032,0
1990-06-05,14.4,21.1,9.4,0.0,0.8764705882352941,0
1990-06-06,15.3,21.1,11.7,0.0,0.8514285714285714,0
1990-06-07,15.7,21.7,9.4,0.0,0.8277777777777778,0
1990-06-08,19.7,30.6,9.4,0.0,0.8054054054054054,0
1990-06-09,16.3,23.9,9.4,0.0,0.7842105263157895,0
1990-06-10,14.3,18.9,10.0,0.0,0.7641025641025642,0
1990-06-11,14.8,20.0,8.9,0.0,0.745,0
1990-06-12,13.3,19.4,7.8,0.0,0.7268292682926829,0
1990-06-13,11.4,13.9,7.8,0.0,0.7095238095238096,0
1990-06-14,13.5,15.0,10.0,0.0,0.6930232558139535,0
1990-06-15,12.2,15.0,10.6,0.0,0.6772727272727272,0
1990-06-16,11.9,17.8,10.0,0.0,0.6622222222222223,0
1990-06-17,12.6,19.4,8.9,0.0,0.6478260869565218,0
1990-06-18,12.6,19.4,7.2,0.0,0.6340425531914894,0
1990-06-19,16.1,27.2,6.1,0.0,0.6208333333333333,0
1990-06-20,23.0,33.9,15.6,0.0,0.6081632653061224,0
1990-06-21,17.3,25.0,11.1,0.0,0.596,0
1990-06-22,14.8,20.6,11.7,0.0,0.5843137254901961,0
1990-06-23,13.5,20.0,11.1,0.0,0.573076923076923,0
1990-06-24,11.6,17.2,10.0,0.0,0.5622641509433962,0
1990-06-25,10.8,19.4,6.7,0.0,0.5518518518518518,0
1990-06-26,10.5,23.3,5.6,0.0,0.5418181818181819,0
1990-06-27,13.7,21.1,6.1,0.0,0.5321428571428571,1
1990-06-28,14.8,20.0,10.6,0.0,0.5228070175438596,0
1990-06-29,13.7,18.9,10.6,0.0,0.5137931034482759,0
1990-07-02,-16.7,-15.6,-17.8,0.0,0.5050847457627119,0
1990-07-03,13.8,18.9,7.8,0.0,0.4966666666666667,0
1990-07-04,15.9,22.8,7.8,0.0,0.4885245901639344,0
1990-07-05,18.9,26.1,8.3,0.0,0.4806451612903226,0
1990-07-06,16.9,19.4,13.3,0.0,0.473015873015873,0
1990-07-07,14.9,20.6,11.7,0.0,0.465625,0
1990-07-08,14.8,21.1,11.7,0.0,0.4584615384615385,0
1990-07-09,16.8,24.4,10.0,0.0,0.4515151515151515,0
1990-07-10,21.7,30.0,8.9,0.0,0.444776119402985,0
1990-07-11,23.9,30.6,16.1,0.0,0.438235294117647,0
1990-07-12,24.7,30.6,16.1,0.0,0.4318840579710145,0
1990-07-13,30.4,31.7,29.4,0.0,0.4257142857142857,0
1990-07-14,20.3,22.2,15.0,0.0,0.4197183098591549,0
1990-07-15,22.7,22.8,22.2,0.0,0.4138888888888889,0
1990-07-16,18.5,24.4,12.8,0.0,0.4082191780821917,0
1990-07-17,18.9,23.9,12.2,0.0,0.4027027027027027,0
1990-07-18,18.1,26.1,12.8,0.0,0.3973333333333333,0
1990-07-19,17.8,22.8,11.1,0.0,0.3921052631578947,0
1990-07-20,21.2,26.1,11.7,0.0,0.387012987012987,0
1990-07-21,18.4,25.6,10.6,0.0,0.3820512820512821,0
1990-07-22,15.4,20.6,10.6,0.0,0.3772151898734177,0
1990-07-23,13.5,17.8,10.6,0.0,0.3725,0
1990-07-24,13.1,18.3,-12.8,0.0,0.3679012345679012,0
1990-07-25,13.7,18.9,10.0,0.0,0.3634146341463414,0
1990-07-26,17.1,22.2,10.0,0.0,0.3590361445783133,0
1990-07-27,15.7,22.2,9.4,0.0,0.3547619047619048,0
1990-07-30,14.6,18.9,13.3,0.0,0.3505882352941176,0
1990-07-31,15.1,21.1,11.7,0.0,0.3465116279069767,0
1990-08-01,14.3,20.6,10.6,0.0,0.3425287356321839,0
1990-08-02,16.3,25.0,11.1,0.0,0.3386363636363636,0
1990-08-03,16.3,23.3,11.7,0.0,0.3348314606741573,0
1990-08-04,14.8,22.2,11.7,0.0,0.3311111111111111,0
1990-08-05,18.4,25.0,10.0,0.5,0.3329670329670329,0
1990-08-06,21.0,26.1,15.0,0.0,0.3293478260869565,0
1990-08-07,21.8,30.6,15.6,0.0,0.3258064516129032,0
1990-08-08,20.1,32.2,13.9,0.0,0.3223404255319149,0
1990-08-09,19.6,26.7,13.3,0.0,0.3189473684210526,0
1990-08-10,18.4,25.0,11.7,0.0,0.315625,0
1990-08-11,14.9,25.6,10.6,0.0,0.3123711340206185,0
1990-08-12,16.4,24.4,9.4,0.0,0.3091836734693877,0
1990-08-13,15.4,21.7,11.7,0.0,0.3060606060606061,0
1990-08-14,13.9,15.6,12.2,0.0,0.303,0
1990-08-15,15.8,20.6,13.3,0.0,0.3,0
1990-08-16,17.0,21.1,13.9,0.0,0.2970588235294117,0
1990-08-17,17.4,22.2,14.4,0.0,0.2941747572815534,0
1990-08-18,18.1,21.7,15.0,0.0,0.2913461538461538,0
1990-08-19,17.5,21.1,13.9,0.0,0.2885714285714286,0
1990-08-20,17.3,23.3,13.3,0.0,0.2858490566037736,0
1990-08-21,15.3,21.7,10.6,0.0,0.2831775700934579,0
1990-08-22,16.6,26.1,7.8,0.0,0.2805555555555555,0
1990-08-23,13.6,21.7,8.9,0.0,0.2779816513761468,0
1990-08-24,13.5,15.0,12.2,0.0,0.2754545454545454,0
1990-08-25,14.7,20.0,12.8,0.0,0.2729729729729729,0
1990-08-26,15.3,20.6,12.2,0.0,0.2705357142857142,0
1990-08-27,16.2,23.3,12.2,0.0,0.268141592920354,0
1990-08-28,15.7,25.6,10.6,0.0,0.2657894736842105,0
1990-08-29,16.2,23.9,11.1,0.0,0.2634782608695652,0
1990-08-30,15.6,21.7,11.7,0.0,0.2612068965517241,0
1990-08-31,15.6,20.6,13.3,0.0,0.258974358974359,0
1990-09-01,14.9,18.9,12.2,0.0,0.2567796610169491,0
1990-09-02,15.1,22.8,11.1,0.0,0.2546218487394958,0
1990-09-03,14.9,21.1,10.0,0.0,0.2525,0
1990-09-04,14.7,22.2,8.3,0.0,0.2504132231404958,0
1990-09-05,14.6,23.3,8.9,0.0,0.2483606557377049,0
1990-09-06,14.5,22.2,8.3,0.0,0.2463414634146341,0
1990-09-07,14.9,23.9,8.3,0.0,0.2443548387096774,0
1990-09-08,13.4,22.2,6.7,0.0,0.2424,0
1990-09-09,13.8,24.4,6.7,0.0,0.2404761904761904,0
1990-09-10,13.2,19.4,8.9,0.0,0.2385826771653543,0
1990-09-11,14.7,21.1,11.1,0.0,0.23671875,0
1990-09-12,14.5,23.9,8.3,0.0,0.2348837209302325,0
1990-09-13,14.3,20.0,10.6,0.0,0.233076923076923,0
1990-09-14,16.8,20.6,11.7,0.0,0.2312977099236641,0
1990-09-15,13.3,20.0,8.3,0.0,0.2295454545454545,0
1990-09-16,13.5,20.6,8.3,0.0,0.2278195488721804,0
1990-09-17,15.5,20.6,13.3,0.0,0.2261194029850746,0
1990-09-18,13.8,15.0,12.8,0.0,0.2244444444444444,0
1990-09-19,13.3,13.3,13.3,0.0,0.2227941176470588,0
1990-09-20,15.0,17.8,12.8,0.0,0.2211678832116788,0
1990-09-21,8.7,8.9,8.3,0.0,0.2195652173913043,0
1990-09-22,22.2,23.3,21.1,0.0,0.2179856115107913,0
1990-09-24,15.1,21.7,10.0,0.0,0.2164285714285714,0
1990-09-25,16.0,21.1,11.7,0.0,0.2148936170212766,0
1990-09-26,14.2,20.0,9.4,0.0,0.2133802816901408,0
1990-09-27,15.3,20.0,13.3,0.0,0.2118881118881118,0
1990-09-28,16.9,21.7,12.8,0.0,0.2104166666666666,0
1990-09-29,15.7,22.2,8.9,0.0,0.2089655172413793,0
1990-09-30,17.3,27.8,8.9,0.0,0.2075342465753424,0
1990-10-01,14.3,20.0,8.9,0.0,0.2061224489795918,0
1990-10-02,15.9,21.7,11.7,0.0,0.2047297297297297,0
1990-10-03,24.6,31.1,16.7,0.0,0.2033557046979865,0
1990-10-04,18.4,24.4,13.3,0.0,0.202,0
1990-10-05,14.6,17.2,13.3,0.0,0.2006622516556291,0
1990-10-06,14.3,20.0,9.4,0.0,0.1993421052631579,0
1990-10-07,17.9,25.0,12.2,0.0,0.1980392156862745,0
1990-10-08,20.7,26.7,15.0,0.0,0.1967532467532467,0
1990-10-09,20.1,28.3,12.8,0.0,0.1954838709677419,0
1990-10-10,16.1,25.0,9.4,0.0,0.1942307692307692,0
1990-10-11,18.8,30.0,8.9,0.0,0.1929936305732484,0
1990-10-12,17.5,26.7,8.9,0.0,0.1917721518987341,0
1990-10-13,13.9,19.4,6.7,0.0,0.190566037735849,0
1990-10-14,12.8,22.2,6.1,0.0,0.189375,0
1990-10-15,12.6,19.4,6.1,0.0,0.1881987577639751,0
1990-10-16,15.6,24.4,11.1,0.0,0.187037037037037,0
1990-10-17,13.6,21.7,9.4,0.0,0.1858895705521472,0
1990-10-18,14.2,20.0,9.4,0.0,0.1847560975609756,0
1990-10-19,13.8,18.3,10.6,0.0,0.1836363636363636,0
1990-10-20,13.2,19.4,8.9,0.0,0.1825301204819277,0
1990-10-21,16.2,25.6,8.3,0.0,0.181437125748503,0
1990-10-22,15.7,25.0,6.7,0.0,0.1803571428571428,0
1990-10-23,15.3,26.1,5.0,0.0,0.1792899408284023,0
1990-10-24,18.6,27.8,11.7,0.0,0.178235294117647,0
1990-10-25,15.3,21.7,8.9,0.0,0.1771929824561403,0
1990-10-26,16.3,26.1,8.9,0.0,0.1761627906976744,0
1990-10-27,15.8,25.0,8.3,0.0,0.1751445086705202,0
1990-10-28,13.6,21.1,7.8,0.0,0.1741379310344827,0
1990-10-29,11.2,17.8,5.0,0.0,0.1731428571428571,0
1990-10-30,13.1,20.0,6.1,0.0,0.1721590909090909,0
1990-10-31,13.0,15.6,5.6,0.0,0.1711864406779661,0
1990-11-01,9.3,15.0,2.8,0.0,0.1702247191011236,0
1990-11-02,11.9,17.2,8.3,0.0,0.1692737430167598,1
1990-11-03,14.6,22.2,9.4,0.0,0.1683333333333333,0
1990-11-04,12.9,22.2,6.7,0.0,0.167403314917127,0
1990-11-05,11.7,18.9,7.2,0.0,0.1664835164835164,0
1990-11-06,14.2,17.2,11.1,0.0,0.1664835164835164,0
1990-11-07,13.8,20.6,7.8,0.0,0.1664835164835164,0
1990-11-08,19.0,25.0,9.4,0.0,0.1664835164835164,0
1990-11-09,19.0,26.1,8.9,0.0,0.1664835164835164,0
1990-11-10,19.1,27.8,8.9,0.0,0.1664835164835164,0
1990-11-11,19.6,29.4,13.3,0.0,0.1664835164835164,0
1990-11-12,18.4,29.4,11.1,0.0,0.1664835164835164,0
1990-11-13,11.9,21.7,7.2,0.0,0.1664835164835164,0
1990-11-14,9.9,11.1,7.8,0.0,0.1664835164835164,0
1990-11-15,13.6,18.9,9.4,0.0,0.1664835164835164,0
1990-11-16,14.1,18.9,8.9,0.0,0.1664835164835164,0
1990-11-17,11.0,16.7,6.7,0.0,0.1664835164835164,0
1990-11-18,11.7,17.8,7.2,0.0,0.1664835164835164,0
1990-11-19,10.3,16.7,6.7,3.3,0.1846153846153846,0
1990-11-20,8.4,13.3,3.3,1.0,0.1901098901098901,0
1990-11-21,9.9,14.4,6.1,0.0,0.1901098901098901,0
1990-11-22,13.4,18.3,9.4,0.0,0.1901098901098901,0
1990-11-23,13.8,19.4,9.4,0.0,0.1901098901098901,0
1990-11-24,10.6,19.4,3.3,0.0,0.1901098901098901,0
1990-11-25,9.1,12.8,3.9,0.0,0.1901098901098901,0
1990-11-26,6.9,12.2,2.2,0.5,0.1928571428571428,0
1990-11-27,6.7,12.8,0.6,0.0,0.1928571428571428,0
1990-11-28,9.4,15.0,3.3,0.0,0.1928571428571428,0
1990-11-29,12.4,21.7,5.6,0.0,0.1928571428571428,0
1990-11-30,10.2,16.1,4.4,0.0,0.1884615384615384,0
1990-12-01,9.8,18.3,4.4,0.0,0.0291208791208791,0
1990-12-02,11.6,17.8,3.9,0.0,0.0291208791208791,0
1990-12-03,10.3,15.6,6.7,0.0,0.0291208791208791,0
1990-12-04,11.3,17.2,5.6,0.0,0.0291208791208791,0
1990-12-05,11.9,17.8,7.2,0.0,0.0291208791208791,0
1990-12-06,13.2,19.4,8.9,0.0,0.0291208791208791,0
1990-12-07,14.9,23.3,7.8,0.0,0.0291208791208791,0
1990-12-08,14.7,23.3,7.8,0.0,0.0291208791208791,0
1990-12-09,14.9,22.8,8.3,0.0,0.0291208791208791,0
1990-12-10,9.6,13.9,7.8,0.0,0.0291208791208791,0
1990-12-11,8.9,13.3,5.6,0.0,0.0291208791208791,0
1990-12-12,8.2,12.2,3.3,0.0,0.0291208791208791,0
1990-12-13,6.3,11.7,1.1,0.0,0.0291208791208791,0
1990-12-14,7.2,12.8,0.6,0.0,0.0291208791208791,0
1990-12-15,5.9,9.4,4.4,0.0,0.0291208791208791,0
1990-12-16,5.2,10.0,1.7,0.0,0.0291208791208791,0
1990-12-17,8.1,14.4,1.7,0.0,0.0291208791208791,0
1990-12-18,6.4,9.4,2.2,0.0,0.0291208791208791,0
1990-12-19,3.2,6.7,-1.1,0.0,0.0291208791208791,0
1990-12-20,2.9,5.6,-0.6,0.0,0.0291208791208791,0
1990-12-21,-3.8,2.2,-7.8,0.0,0.0291208791208791,0
1990-12-22,-3.1,2.8,-6.1,0.0,0.0291208791208791,0
1990-12-23,-0.8,2.2,-5.6,0.0,0.0291208791208791,0
1990-12-24,1.6,6.1,-2.8,0.0,0.0291208791208791,0
1990-12-25,5.7,10.0,1.7,0.0,0.0291208791208791,0
1990-12-26,8.4,11.1,5.6,0.0,0.0291208791208791,0
1990-12-27,7.5,14.4,3.3,0.0,0.0291208791208791,0
1990-12-28,4.1,8.9,-0.6,0.0,0.0291208791208791,0
1990-12-29,5.0,7.2,2.2,0.0,0.0291208791208791,0
1990-12-30,4.6,10.6,0.0,0.0,0.0291208791208791,0
1990-12-31,6.7,12.8,2.8,0.0,0.0291208791208791,0
1991-01-01,5.6,6.1,5.0,0.0,0.0291208791208791,0
1991-01-02,11.5,16.7,8.3,0.0,0.0291208791208791,0
1991-01-03,9.0,13.3,5.6,13.0,0.1005494505494505,0
1991-01-04,7.6,15.0,3.3,8.1,0.145054945054945,0
1991-01-05,6.3,12.2,2.2,0.0,0.145054945054945,0
1991-01-06,8.7,12.2,6.1,0.0,0.145054945054945,0
1991-01-07,7.7,9.4,5.6,0.0,0.145054945054945,0
1991-01-24,7.3,13.3,1.7,0.0,0.145054945054945,0
1991-01-25,7.2,13.3,0.6,0.0,0.145054945054945,0
1991-01-26,7.1,12.2,1.1,0.0,0.145054945054945,0
1991-01-27,6.4,11.7,1.1,0.0,0.145054945054945,0
1991-01-28,6.4,13.3,0.0,0.0,0.145054945054945,0
1991-01-29,8.2,15.0,1.1,0.0,0.145054945054945,0
1991-01-30,9.7,18.3,1.1,0.0,0.145054945054945,0
1991-01-31,7.2,16.7,2.8,0.0,0.145054945054945,0
1991-02-01,12.6,18.3,3.9,0.0,0.145054945054945,0
1991-02-02,11.5,12.8,8.9,0.0,0.145054945054945,0
1991-02-03,11.8,17.8,6.7,0.0,0.145054945054945,0
1991-02-04,11.9,17.8,6.1,0.0,0.145054945054945,0
1991-02-05,10.6,15.0,6.1,0.0,0.145054945054945,0
1991-02-06,12.1,20.0,5.0,0.0,0.145054945054945,0
1991-02-07,13.4,23.9,6.7,0.0,0.145054945054945,0
1991-02-08,9.1,17.2,3.3,0.0,0.145054945054945,0
1991-02-09,7.4,19.4,1.7,0.0,0.145054945054945,0
1991-02-10,10.0,16.7,3.9,0.0,0.145054945054945,0
1991-02-11,10.8,19.4,5.0,0.0,0.145054945054945,0
1991-02-12,9.8,18.3,2.2,0.0,0.145054945054945,0
1991-02-13,13.8,22.2,6.1,0.0,0.145054945054945,0
1991-02-14,15.4,23.9,8.9,0.0,0.145054945054945,0
1991-02-15,11.5,15.0,8.9,0.0,0.145054945054945,0
1991-02-16,9.4,11.1,7.8,0.0,0.145054945054945,0
1991-02-17,9.8,12.8,6.1,0.0,0.145054945054945,0
1991-02-18,9.6,18.3,3.3,0.0,0.145054945054945,0
1991-02-19,13.9,22.2,6.7,0.0,0.145054945054945,0
1991-02-20,14.7,22.2,5.6,0.0,0.1423076923076923,0
1991-02-21,12.3,20.6,8.3,0.0,0.1423076923076923,0
1991-02-22,9.9,13.9,5.0,0.0,0.1423076923076923,0
1991-02-23,8.9,20.6,2.8,0.0,0.1423076923076923,0
1991-02-24,13.2,21.1,3.9,0.0,0.1423076923076923,0
1991-02-25,12.1,21.7,6.1,0.0,0.1423076923076923,0
1991-02-26,10.1,16.1,5.6,0.0,0.1423076923076923,0
1991-02-27,10.6,12.2,8.9,63.0,0.4884615384615385,0
1991-02-28,10.9,14.4,9.4,41.9,0.7186813186813188,0
1991-03-01,10.2,11.7,8.3,20.8,0.8329670329670329,0
1991-03-02,11.6,13.9,10.0,0.0,0.8329670329670329,0
1991-03-03,12.0,13.3,9.4,0.0,0.8329670329670329,0
1991-03-04,11.8,13.9,7.2,5.6,0.8637362637362637,0
1991-03-05,6.3,11.1,1.7,0.0,0.8637362637362637,0
1991-03-06,7.5,11.1,0.6,0.0,0.8637362637362637,0
1991-03-07,7.3,14.4,2.8,0.0,0.8637362637362637,0
1991-03-08,10.3,17.2,3.3,0.0,0.8637362637362637,0
1991-03-09,7.8,13.3,3.3,0.0,0.8637362637362637,0
1991-03-10,5.6,10.6,3.9,0.3,0.8653846153846154,0
1991-03-11,5.5,11.1,1.1,0.0,0.8653846153846154,0
1991-03-12,7.3,10.0,2.2,0.0,0.8653846153846154,0
1991-03-13,7.5,10.6,3.3,2.0,0.8763736263736264,0
1991-03-14,6.1,10.0,1.7,0.0,0.8763736263736264,0
1991-03-15,6.5,11.1,2.2,0.0,0.8763736263736264,0
1991-03-16,7.9,10.6,5.6,0.0,0.8763736263736264,0
1991-03-17,6.6,9.4,4.4,0.0,0.8763736263736264,0
1991-03-18,8.1,12.8,3.3,26.2,1.0203296703296705,0
1991-03-19,7.4,11.1,3.9,36.8,1.2225274725274726,0
1991-03-20,5.9,7.8,4.4,13.2,1.295054945054945,0
1991-03-21,6.6,8.3,5.0,0.0,1.295054945054945,0
1991-03-22,6.5,10.0,3.3,0.0,1.295054945054945,0
1991-03-23,6.7,9.4,4.4,0.0,1.295054945054945,0
1991-03-24,6.8,9.4,4.4,0.0,1.295054945054945,0
1991-03-25,6.2,10.0,3.9,17.8,1.3928571428571428,0
1991-03-26,4.3,7.2,1.7,18.8,1.4961538461538462,0
1991-03-27,7.4,11.7,2.8,8.9,1.545054945054945,0
1991-03-28,9.2,15.0,4.4,0.0,1.545054945054945,0
1991-03-29,8.4,18.9,1.1,0.0,1.545054945054945,0
1991-03-30,13.2,20.0,5.0,0.0,1.545054945054945,0
1991-03-31,10.8,13.9,8.3,0.0,1.545054945054945,0
1991-04-01,9.5,12.2,6.7,0.5,1.5478021978021976,0
1991-04-02,9.2,14.4,4.4,0.0,1.5478021978021976,0
1991-04-03,12.1,20.0,5.0,0.0,1.5478021978021976,0
1991-04-04,12.3,20.0,4.4,0.0,1.5478021978021976,0
1991-04-05,11.5,17.8,4.4,0.0,1.5478021978021976,0
1991-04-06,9.8,15.0,2.8,0.0,1.5478021978021976,0
1991-04-07,7.3,13.9,1.1,0.0,1.5478021978021976,0
1991-04-08,10.2,17.2,4.4,0.0,1.5478021978021976,0
1991-04-09,10.3,16.1,2.8,0.0,1.5478021978021976,0
1991-04-10,8.1,13.3,1.7,0.0,1.5478021978021976,0
1991-04-11,9.9,15.6,3.3,0.0,1.5478021978021976,0
1991-04-12,10.5,18.9,2.2,0.0,1.5478021978021976,0
1991-04-13,10.3,16.1,3.3,0.0,1.5478021978021976,0
1991-04-14,7.4,10.0,3.3,0.0,1.5478021978021976,0
1991-04-15,8.7,11.1,6.7,0.0,1.5478021978021976,0
1991-04-16,8.3,12.2,6.1,0.0,1.5478021978021976,0
1991-04-17,8.2,11.7,6.1,0.0,1.5478021978021976,0
1991-04-18,8.9,12.8,4.4,0.0,1.5478021978021976,0
1991-04-19,13.3,17.2,9.4,0.0,1.5478021978021976,0
1991-04-20,10.9,15.6,7.8,0.0,1.5478021978021976,0
1991-04-21,10.7,15.6,6.1,0.0,1.5478021978021976,0
1991-04-22,8.5,10.6,6.7,0.0,1.5478021978021976,0
1991-04-23,7.9,11.7,5.6,0.0,1.5478021978021976,0
1991-04-24,7.8,10.0,6.1,0.0,1.5478021978021976,0
1991-04-25,10.3,13.9,7.2,0.3,1.5494505494505495,0
1991-04-26,10.8,14.4,7.2,0.0,1.5494505494505495,0
1991-04-27,10.1,17.8,3.3,0.0,1.5494505494505495,0
1991-04-28,10.5,21.7,2.8,0.0,1.5494505494505495,0
1991-04-29,14.4,26.1,5.6,0.0,1.5494505494505495,0
1991-04-30,10.0,13.9,4.4,0.0,1.5494505494505495,0
1991-05-01,8.3,11.1,5.6,0.0,1.5494505494505495,0
1991-05-02,8.3,8.9,7.2,0.0,1.5494505494505495,0
1991-05-03,9.3,12.8,7.2,0.0,1.5494505494505495,0
1991-05-04,9.4,16.7,5.6,0.0,1.5494505494505495,0
1991-05-05,9.4,13.3,6.1,0.0,1.5494505494505495,0
1991-05-06,10.8,17.2,7.2,0.0,1.5494505494505495,0
1991-05-07,13.7,20.6,7.8,0.0,1.5494505494505495,0
1991-05-08,9.0,11.1,7.8,0.0,1.5494505494505495,0
1991-05-09,8.7,13.3,3.3,0.0,1.5494505494505495,0
1991-05-10,10.8,17.2,3.3,0.0,1.5494505494505495,0
1991-05-11,9.2,12.8,5.0,0.0,1.5494505494505495,0
1991-05-12,9.4,13.9,6.7,0.0,1.5494505494505495,0
1991-05-13,8.9,12.2,5.6,0.0,1.5494505494505495,0
1991-05-14,11.3,15.6,6.1,0.0,1.5494505494505495,0
1991-05-15,10.8,18.3,3.9,0.0,1.5494505494505495,0
1991-05-16,10.6,15.0,8.3,0.0,1.5494505494505495,0
1991-05-17,8.9,11.1,6.7,0.0,1.5494505494505495,0
1991-05-18,9.1,12.2,6.7,0.0,1.5494505494505495,0
1991-05-19,9.5,15.6,3.3,0.0,1.5494505494505495,0
1991-05-20,7.0,9.4,5.6,0.0,1.5494505494505495,0
1991-05-21,10.6,16.7,5.6,0.0,1.5494505494505495,0
1991-05-22,10.8,15.6,7.2,0.0,1.5494505494505495,0
1991-05-23,14.7,21.7,6.7,0.0,1.5494505494505495,0
1991-05-24,15.1,23.9,6.7,0.0,1.5494505494505495,0
1991-05-25,10.9,16.7,6.7,0.0,1.5494505494505495,0
1991-05-26,10.3,14.4,6.7,0.0,1.5494505494505495,0
1991-05-27,11.8,17.2,5.6,0.0,1.5494505494505495,0
1991-05-28,10.9,15.0,7.2,0.0,1.5494505494505495,0
1991-05-29,10.4,12.8,7.8,0.0,1.5494505494505495,0
1991-05-30,9.7,13.3,4.4,0.0,1.5494505494505495,0
1991-05-31,15.8,21.1,5.6,0.0,1.5494505494505495,0
1991-06-01,17.1,26.1,9.4,0.0,1.5494505494505495,0
1991-06-02,13.8,20.0,8.9,0.0,1.5494505494505495,0
1991-06-03,12.2,16.7,6.1,0.0,1.5494505494505495,0
1991-06-04,11.9,20.0,5.0,0.0,1.5494505494505495,0
1991-06-05,11.2,17.8,5.0,0.0,1.5313186813186812,0
1991-06-06,11.4,16.7,7.8,0.0,1.5258241758241755,0
1991-06-07,13.6,22.2,6.7,0.0,1.5258241758241755,0
1991-06-08,12.6,22.2,6.7,0.0,1.5258241758241755,0
1991-06-09,13.4,22.8,7.8,0.0,1.5258241758241755,0
1991-06-10,14.9,28.3,6.7,0.0,1.5258241758241755,0
1991-06-11,12.8,20.6,7.2,0.0,1.5258241758241755,0
1991-06-12,12.2,17.8,6.1,0.0,1.523076923076923,0
1991-06-13,11.3,17.2,4.4,0.0,1.523076923076923,0
1991-06-14,12.2,20.6,4.4,0.0,1.523076923076923,0
1991-06-15,10.9,17.2,4.4,0.0,1.523076923076923,0
1991-06-16,11.6,17.2,5.0,0.0,1.523076923076923,0
1991-06-17,11.6,19.4,3.3,0.0,1.523076923076923,0
1991-06-18,9.6,14.4,6.1,0.0,1.523076923076923,0
1991-06-19,10.4,13.9,7.8,0.0,1.523076923076923,0
1991-06-20,10.8,15.6,6.7,0.0,1.523076923076923,0
1991-06-21,10.8,13.9,8.3,0.0,1.523076923076923,0
1991-06-22,10.6,15.6,8.3,0.0,1.523076923076923,0
1991-06-23,10.4,13.3,8.3,0.0,1.523076923076923,0
1991-06-24,10.4,11.7,9.4,0.0,1.523076923076923,0
1991-06-25,11.2,15.0,10.0,0.0,1.523076923076923,0
1991-06-26,10.9,15.6,8.9,0.0,1.523076923076923,0
1991-06-27,13.4,18.3,9.4,0.3,1.5247252747252746,0
1991-06-28,13.1,16.1,11.1,0.0,1.5247252747252746,0
1991-06-29,13.3,18.9,8.3,0.0,1.5247252747252746,0
1991-06-30,19.0,27.8,7.8,0.0,1.5247252747252746,0
1991-07-01,23.9,33.9,15.0,0.0,1.5247252747252746,0
1991-07-02,24.2,32.2,14.4,0.0,1.5247252747252746,0
1991-07-03,20.1,28.3,10.6,0.0,1.5247252747252746,0
1991-07-04,16.9,27.2,10.0,0.0,1.5247252747252746,0
1991-07-05,15.6,24.4,9.4,0.0,1.5247252747252746,0
1991-07-06,15.8,25.0,9.4,0.0,1.5247252747252746,0
1991-07-07,15.3,21.1,11.1,0.0,1.5247252747252746,0
1991-07-08,13.3,17.8,10.6,3.3,1.5428571428571427,0
1991-07-09,12.5,17.2,9.4,0.0,1.5428571428571427,0
1991-07-10,13.9,19.4,7.8,0.0,1.5428571428571427,0
1991-07-11,13.9,21.7,7.8,0.0,1.5428571428571427,0
1991-07-12,14.8,21.7,8.9,0.0,1.5428571428571427,0
1991-07-13,14.8,21.1,9.4,0.0,1.5428571428571427,0
1991-07-14,11.7,17.8,10.0,0.0,1.5428571428571427,0
1991-07-15,14.7,20.0,10.0,0.0,1.5428571428571427,0
1991-07-16,15.7,21.1,12.2,0.0,1.5428571428571427,0
1991-07-17,15.5,21.1,11.1,0.0,1.5428571428571427,0
1991-07-18,13.8,21.1,9.4,0.0,1.5428571428571427,0
1991-07-19,14.3,21.1,10.6,0.0,1.5428571428571427,0
1991-07-20,16.0,22.2,11.1,0.0,1.471428571428571,0
1991-07-21,15.6,22.2,10.0,0.0,1.426923076923077,0
1991-07-22,16.2,23.9,8.9,0.0,1.426923076923077,0
1991-07-23,15.0,22.2,10.0,0.0,1.426923076923077,0
1991-07-24,13.6,18.3,11.1,0.0,1.426923076923077,0
1991-07-25,14.2,20.6,7.8,0.0,1.426923076923077,0
1991-07-26,15.2,26.1,6.1,0.0,1.426923076923077,0
1991-07-27,15.8,24.4,8.3,0.0,1.426923076923077,0
1991-07-28,16.4,25.0,9.4,0.0,1.426923076923077,0
1991-07-29,17.5,28.3,8.9,0.0,1.426923076923077,0
1991-07-30,17.0,26.1,9.4,0.0,1.426923076923077,0
1991-07-31,15.4,22.2,10.0,0.0,1.426923076923077,0
1991-08-01,14.3,22.2,8.9,0.0,1.426923076923077,0
1991-08-02,13.2,18.3,10.6,0.0,1.426923076923077,0
1991-08-03,11.7,14.4,10.6,0.0,1.426923076923077,0
1991-08-04,12.2,15.0,10.6,0.0,1.426923076923077,0
1991-08-05,12.5,15.0,11.1,0.0,1.426923076923077,0
1991-08-06,15.6,20.0,12.8,0.0,1.426923076923077,0
1991-08-07,16.5,25.6,10.0,0.0,1.426923076923077,0
1991-08-08,17.3,25.0,10.6,0.0,1.426923076923077,0
1991-08-09,16.4,22.8,11.7,0.0,1.426923076923077,0
1991-08-10,16.1,24.4,10.6,0.0,1.426923076923077,0
1991-08-11,14.1,24.4,7.2,0.0,1.426923076923077,0
1991-08-12,16.9,23.9,10.0,0.0,1.426923076923077,0
1991-08-13,22.6,32.8,16.1,0.0,1.426923076923077,0
1991-08-14,17.1,21.1,13.3,0.0,1.426923076923077,0
1991-08-15,14.4,21.1,11.7,0.0,1.426923076923077,0
1991-08-16,15.0,20.0,11.7,0.0,1.426923076923077,0
1991-08-17,13.9,18.9,11.7,0.0,1.426923076923077,0
1991-08-18,14.6,21.7,11.7,0.0,1.426923076923077,0
1991-08-19,14.7,21.1,11.7,0.0,1.426923076923077,0
1991-08-20,14.2,19.4,11.1,0.0,1.426923076923077,0
1991-08-21,13.8,21.1,9.4,0.0,1.426923076923077,0
1991-08-22,15.2,20.0,10.6,0.0,1.426923076923077,0
1991-08-23,13.9,25.0,8.3,0.0,1.426923076923077,1
1991-08-24,14.2,22.2,5.6,0.0,1.426923076923077,0
1991-08-25,13.9,20.0,10.6,0.0,1.426923076923077,0
1991-08-26,14.2,18.3,10.6,0.0,1.426923076923077,0
1991-08-27,14.6,18.9,11.1,0.0,1.426923076923077,0
1991-08-28,18.0,23.3,11.7,0.0,1.0807692307692307,0
1991-08-29,14.7,23.9,11.1,0.0,0.8505494505494506,0
1991-08-30,16.4,22.8,10.0,0.0,0.7362637362637363,0
1991-08-31,16.2,22.2,12.8,0.0,0.7362637362637363,0
1991-09-01,15.8,24.4,10.0,0.0,0.7362637362637363,0
1991-09-02,22.9,32.2,13.9,0.0,0.7054945054945055,0
1991-09-03,17.8,25.6,11.1,0.0,0.7054945054945055,0
1991-09-04,15.9,27.2,8.9,0.0,0.7054945054945055,0
1991-09-05,15.8,25.0,10.6,0.0,0.7054945054945055,0
1991-09-06,16.0,23.3,12.2,0.0,0.7054945054945055,0
1991-09-07,15.4,22.2,11.1,0.0,0.7054945054945055,0
1991-09-08,13.7,23.3,8.9,0.0,0.7038461538461538,0
1991-09-09,11.4,13.9,8.3,0.0,0.7038461538461538,0
1991-09-10,15.4,22.2,7.2,0.0,0.7038461538461538,0
1991-09-11,16.0,22.8,8.9,0.0,0.6928571428571428,0
1991-09-12,12.6,20.0,8.3,0.0,0.6928571428571428,0
1991-09-13,14.3,21.1,7.8,0.0,0.6928571428571428,0
1991-09-14,13.9,22.2,8.9,0.0,0.6928571428571428,0
1991-09-15,13.2,21.1,8.3,0.0,0.6928571428571428,0
1991-09-16,15.8,26.1,7.2,0.0,0.548901098901099,0
1991-09-17,19.7,31.1,9.4,0.0,0.3467032967032967,0
1991-09-18,16.4,24.4,7.2,0.0,0.2741758241758242,0
1991-09-19,16.3,23.9,7.2,0.0,0.2741758241758242,0
1991-09-20,16.9,23.3,10.6,0.0,0.2741758241758242,0
1991-09-23,22.9,28.3,12.8,0.0,0.2741758241758242,0
1991-09-24,25.4,33.9,13.3,0.0,0.2741758241758242,0
1991-09-25,15.7,26.1,10.0,0.0,0.1763736263736263,0
1991-09-26,14.0,21.1,10.6,0.0,0.073076923076923,0
1991-09-27,14.6,20.6,11.7,0.0,0.0241758241758241,0
1991-09-28,15.8,25.6,7.8,2.3,0.0368131868131868,0
1991-09-29,19.6,31.1,11.1,0.0,0.0368131868131868,0
1991-09-30,16.8,25.6,10.6,0.0,0.0368131868131868,0
1991-10-01,15.7,22.8,10.6,0.0,0.0368131868131868,0
1991-10-02,18.7,28.9,8.9,0.0,0.034065934065934,0
1991-10-03,23.5,33.3,15.0,0.0,0.034065934065934,0
1991-10-04,18.2,25.0,11.7,0.0,0.034065934065934,0
1991-10-05,14.1,22.2,9.4,0.0,0.034065934065934,0
1991-10-06,15.1,21.7,9.4,0.0,0.034065934065934,0
1991-10-07,16.3,25.0,10.0,0.0,0.034065934065934,0
1991-10-08,16.1,26.1,8.9,0.0,0.034065934065934,0
1991-10-09,23.3,32.8,10.6,0.0,0.034065934065934,0
1991-10-10,24.1,35.0,15.0,0.0,0.034065934065934,0
1991-10-11,22.2,31.7,16.1,0.0,0.034065934065934,0
1991-10-12,20.9,30.0,12.8,0.0,0.034065934065934,0
1991-10-13,21.3,28.9,14.4,0.0,0.034065934065934,0
1991-10-14,22.0,30.0,16.1,0.0,0.034065934065934,0
1991-10-15,17.8,28.9,8.9,0.0,0.034065934065934,0
1991-10-16,12.9,26.1,7.2,0.0,0.034065934065934,0
1991-10-17,14.2,21.7,8.3,0.0,0.034065934065934,0
1991-10-18,17.1,31.1,8.3,0.0,0.034065934065934,0
1991-10-19,21.7,32.2,13.9,0.0,0.034065934065934,0
1991-10-20,24.7,30.0,19.4,0.0,0.034065934065934,0
1991-10-21,18.8,23.3,14.4,0.0,0.034065934065934,0
1991-10-22,13.6,16.7,8.9,0.0,0.034065934065934,0
1991-10-23,8.4,17.8,3.3,0.0,0.034065934065934,0
1991-10-24,12.0,15.6,6.7,0.0,0.034065934065934,0
1991-10-25,13.2,15.6,11.1,0.0,0.034065934065934,0
1991-10-26,10.9,13.9,9.4,9.4,0.084065934065934,0
1991-10-27,8.5,16.1,3.3,0.0,0.084065934065934,0
1991-10-28,11.3,17.2,5.6,0.0,0.084065934065934,0
1991-10-29,10.8,16.1,6.1,0.0,0.084065934065934,0
1991-10-30,12.1,16.1,7.8,0.0,0.084065934065934,0
1991-10-31,14.7,20.0,7.2,0.0,0.084065934065934,0
1991-11-01,11.9,22.8,5.6,0.0,0.084065934065934,0
1991-11-02,13.4,22.8,7.8,0.0,0.084065934065934,0
1991-11-03,11.4,22.2,7.2,0.0,0.084065934065934,0
1991-11-04,15.4,22.2,8.3,0.0,0.084065934065934,0
1991-11-05,14.4,26.1,8.3,0.0,0.084065934065934,0
1991-11-06,22.1,28.3,11.7,0.0,0.084065934065934,0
1991-11-07,18.9,25.0,15.0,0.0,0.084065934065934,0
1991-11-08,13.9,18.3,11.1,0.0,0.084065934065934,0
1991-11-09,11.2,12.8,9.4,0.0,0.084065934065934,0
1991-11-10,10.9,21.7,8.3,0.0,0.084065934065934,0
1991-11-11,15.0,21.7,11.1,0.0,0.084065934065934,0
1991-11-12,15.7,24.4,8.9,0.0,0.084065934065934,0
1991-11-13,10.7,17.8,5.6,0.0,0.084065934065934,0
1991-11-14,10.3,13.9,6.1,0.0,0.084065934065934,0
1991-11-15,9.9,15.6,2.2,0.0,0.084065934065934,0
1991-11-16,11.2,17.8,2.8,0.0,0.084065934065934,0
1991-11-17,11.4,13.9,9.4,0.0,0.084065934065934,0
1991-11-18,9.6,16.1,5.0,0.0,0.084065934065934,0
1991-11-19,9.1,18.3,5.0,0.0,0.084065934065934,0
1991-11-20,12.1,18.3,6.1,0.0,0.084065934065934,0
1991-11-21,9.2,9.4,8.9,0.0,0.084065934065934,0
1991-11-22,14.1,17.2,12.2,0.0,0.084065934065934,0
1991-11-23,14.9,23.3,7.2,0.0,0.084065934065934,0
1991-11-24,14.6,21.7,7.2,0.0,0.084065934065934,0
1991-11-25,14.2,21.7,7.8,0.0,0.084065934065934,0
1991-11-26,13.2,21.7,6.7,0.0,0.084065934065934,0
1991-11-27,10.9,14.4,6.7,0.0,0.084065934065934,0
1991-11-28,9.1,15.0,2.2,0.0,0.084065934065934,1
1991-11-29,7.3,13.3,1.7,0.0,0.084065934065934,0
1991-11-30,9.8,15.0,5.6,0.0,0.084065934065934,0
1991-12-02,9.9,16.7,6.7,0.0,0.084065934065934,0
1991-12-03,10.3,17.2,5.0,0.0,0.084065934065934,0
1991-12-04,10.8,19.4,5.6,0.0,0.084065934065934,0
1991-12-05,8.7,18.3,3.3,0.0,0.084065934065934,0
1991-12-06,9.2,15.6,3.3,0.0,0.084065934065934,0
1991-12-07,8.9,12.2,5.0,1.0,0.0895604395604395,0
1991-12-08,11.0,13.9,7.2,3.6,0.1093406593406593,0
1991-12-09,13.2,20.0,6.7,0.3,0.1109890109890109,0
1991-12-10,10.3,17.2,3.9,1.5,0.1192307692307692,0
1991-12-11,10.5,17.2,4.4,0.0,0.1192307692307692,0
1991-12-12,12.1,17.2,6.1,0.0,0.1192307692307692,0
1991-12-13,10.4,18.9,6.1,0.0,0.1192307692307692,0
1991-12-14,8.1,15.6,4.4,0.0,0.1192307692307692,0
1991-12-15,11.7,19.4,7.8,0.0,0.1192307692307692,0
1991-12-16,12.1,19.4,6.1,0.0,0.1192307692307692,0
1991-12-17,7.9,14.4,-17.8,0.0,0.1192307692307692,0
1991-12-18,9.6,12.8,5.0,0.0,0.1192307692307692,0
1991-12-19,6.0,11.1,1.7,0.0,0.1192307692307692,0
1991-12-20,8.6,13.9,4.4,0.0,0.1192307692307692,0
1991-12-21,8.7,16.7,2.2,0.0,0.1192307692307692,0
1991-12-22,8.8,15.0,4.4,0.0,0.1192307692307692,0
1991-12-23,8.9,17.8,3.9,0.0,0.1192307692307692,0
1991-12-24,10.2,25.6,-13.3,0.0,0.1192307692307692,0
1991-12-25,11.1,17.8,6.1,0.0,0.1192307692307692,0
1991-12-26,11.0,13.9,10.0,0.0,0.1192307692307692,0
1991-12-27,10.8,13.3,9.4,13.5,0.1934065934065934,0
1991-12-28,9.2,10.0,8.3,13.5,0.2675824175824176,0
1991-12-29,7.8,10.0,5.0,48.0,0.5296703296703297,0
1991-12-30,8.1,11.7,3.9,0.5,0.5324175824175824,0
1991-12-31,8.3,15.0,3.3,0.0,0.5324175824175824,0
1992-01-01,15.0,17.2,10.6,0.0,0.5324175824175824,0
1992-01-02,10.8,13.3,9.4,0.3,0.5340659340659341,0
1992-01-03,8.6,16.1,-17.8,4.8,0.5604395604395604,0
1992-01-04,9.5,11.7,7.8,0.3,0.5620879120879122,0
1992-01-05,7.6,10.6,6.1,32.0,0.737912087912088,0
1992-01-06,7.1,9.4,5.6,0.0,0.737912087912088,0
1992-01-07,6.0,7.8,3.3,6.9,0.775824175824176,0
1992-01-08,10.4,12.8,3.9,0.0,0.775824175824176,0
1992-01-09,9.9,16.1,2.2,0.0,0.7576923076923078,0
1992-01-10,9.8,16.1,3.3,0.0,0.7576923076923078,0
1992-01-11,9.4,12.8,6.7,0.0,0.7576923076923078,0
1992-01-12,7.7,13.9,1.7,0.0,0.7576923076923078,0
1992-01-13,6.2,13.3,2.8,0.0,0.7576923076923078,0
1992-01-14,11.7,15.0,7.2,0.0,0.7576923076923078,0
1992-01-15,12.0,20.0,7.2,0.0,0.7576923076923078,0
1992-01-16,7.7,17.2,3.9,0.0,0.7576923076923078,0
1992-01-17,9.9,14.4,5.0,0.0,0.7576923076923078,0
1992-01-18,10.2,16.1,5.6,0.0,0.7576923076923078,0
1992-01-19,12.7,20.6,5.6,0.0,0.7576923076923078,0
1992-01-20,10.1,18.9,3.9,0.0,0.7576923076923078,0
1992-01-21,9.2,18.3,2.8,0.0,0.7576923076923078,0
1992-01-22,7.9,16.1,3.9,0.0,0.7576923076923078,0
1992-01-23,6.4,15.6,1.7,0.0,0.7576923076923078,0
1992-01-24,11.7,19.4,5.0,0.0,0.7576923076923078,0
1992-01-25,11.7,16.7,6.7,0.0,0.7576923076923078,0
1992-01-26,7.7,9.4,5.6,0.0,0.7576923076923078,0
1992-01-27,13.4,18.9,9.4,0.0,0.7576923076923078,0
1992-01-28,11.3,18.3,8.9,0.0,0.7576923076923078,0
1992-01-29,12.1,18.3,6.7,0.0,0.7576923076923078,0
1992-01-30,14.3,19.4,7.8,0.0,0.7576923076923078,0
1992-01-31,14.4,17.2,10.0,0.0,0.7576923076923078,0
1992-02-01,9.2,13.3,2.8,0.0,0.7576923076923078,0
1992-02-02,13.5,15.6,8.3,0.0,0.7576923076923078,0
1992-02-03,12.4,17.2,8.3,0.0,0.7576923076923078,0
1992-02-04,12.8,18.3,6.1,0.0,0.7576923076923078,0
1992-02-05,9.9,20.0,4.4,2.8,0.773076923076923,0
1992-02-06,10.4,14.4,8.9,20.6,0.8862637362637362,0
1992-02-07,11.4,14.4,10.6,24.4,1.0203296703296705,0
1992-02-08,11.6,12.8,10.6,0.0,1.0203296703296705,0
1992-02-09,10.8,13.3,8.9,11.9,1.0857142857142856,0
1992-02-10,10.2,12.2,8.9,30.0,1.2505494505494503,0
1992-02-11,11.1,13.9,8.9,35.1,1.4434065934065934,0
1992-02-12,11.4,14.4,8.9,40.9,1.6681318681318682,0
1992-02-13,9.3,11.1,7.8,17.5,1.7642857142857145,0
1992-02-14,8.9,10.6,7.8,0.0,1.7642857142857145,0
1992-02-15,6.7,10.0,3.9,18.8,1.8675824175824172,0
1992-02-16,9.3,12.2,6.7,0.3,1.8692307692307693,0
1992-02-17,8.4,12.2,6.1,0.0,1.8692307692307693,0
1992-02-18,9.9,12.2,7.2,0.0,1.8692307692307693,0
1992-02-19,12.2,13.9,10.0,0.0,1.8692307692307693,0
1992-02-20,12.8,16.1,10.0,0.0,1.8692307692307693,0
1992-02-21,12.2,13.9,9.4,0.0,1.8692307692307693,0
1992-02-22,12.6,18.3,7.8,0.0,1.8692307692307693,0
1992-02-23,11.9,19.4,6.1,0.0,1.8692307692307693,0
1992-02-24,15.6,24.4,6.1,0.0,1.8692307692307693,0
1992-02-25,17.3,24.4,8.3,0.0,1.8692307692307693,0
1992-02-26,15.3,26.7,6.7,0.0,1.8692307692307693,0
1992-02-27,16.0,26.1,8.3,0.0,1.8692307692307693,0
1992-02-28,13.7,22.8,8.9,0.0,1.8692307692307693,0
1992-02-29,12.9,18.3,9.4,0.0,1.8692307692307693,0
1992-03-01,12.1,15.6,8.9,3.6,1.8890109890109887,0
1992-03-02,12.1,15.6,9.4,52.3,2.176373626373626,0
1992-03-03,10.2,13.3,7.8,15.5,2.261538461538461,0
1992-03-04,10.8,15.0,6.1,0.0,2.261538461538461,0
1992-03-05,10.5,13.9,7.2,0.0,2.261538461538461,0
1992-03-06,9.1,14.4,5.0,17.0,2.354945054945055,0
1992-03-07,9.6,13.9,6.1,0.0,2.354945054945055,0
1992-03-08,11.1,14.4,8.3,0.0,2.354945054945055,0
1992-03-09,11.2,15.0,8.9,0.0,2.354945054945055,0
1992-03-10,11.9,18.9,8.3,0.0,2.354945054945055,0
1992-03-11,9.9,16.1,4.4,0.0,2.354945054945055,0
1992-03-12,9.9,18.9,3.9,0.0,2.354945054945055,0
1992-03-13,10.7,13.9,8.9,0.0,2.354945054945055,0
1992-03-14,10.1,13.3,7.8,0.0,2.354945054945055,0
1992-03-15,9.6,11.7,7.8,0.0,2.354945054945055,0
1992-03-16,9.3,12.8,6.1,0.0,2.354945054945055,0
1992-03-17,10.4,15.0,5.0,0.0,2.354945054945055,0
1992-03-18,11.0,18.3,4.4,0.0,2.354945054945055,0
1992-03-19,11.3,16.7,6.1,0.0,2.354945054945055,0
1992-03-20,10.8,16.1,8.3,35.1,2.5478021978021976,0
1992-03-21,8.8,10.6,7.2,7.1,2.586813186813187,0
1992-03-22,11.6,15.6,7.2,26.4,2.731868131868132,0
1992-03-23,9.7,16.1,6.1,4.8,2.758241758241758,0
1992-03-24,11.1,18.9,7.2,0.0,2.758241758241758,0
1992-03-25,12.2,17.8,7.8,0.0,2.758241758241758,0
1992-03-26,11.8,18.9,6.1,5.3,2.787362637362637,0
1992-03-27,12.7,17.8,10.0,13.7,2.8626373626373627,0
1992-03-28,10.5,15.0,7.2,0.0,2.8626373626373627,0
1992-03-29,10.6,13.3,7.2,0.0,2.85,0
1992-03-30,9.7,11.1,7.2,0.0,2.85,0
1992-03-31,12.0,17.8,5.0,0.0,2.85,0
1992-04-01,14.0,22.2,7.2,8.4,2.896153846153846,0
1992-04-02,12.0,18.9,8.3,0.0,2.896153846153846,0
1992-04-03,11.9,16.1,10.0,0.0,2.896153846153846,0
1992-04-04,10.6,15.0,5.6,0.0,2.896153846153846,0
1992-04-05,8.4,15.0,2.2,0.0,2.896153846153846,0
1992-04-06,9.6,17.2,2.2,0.0,2.896153846153846,0
1992-04-07,12.7,21.1,3.9,0.0,2.896153846153846,0
1992-04-08,10.8,17.8,3.9,0.0,2.896153846153846,0
1992-04-09,10.1,17.2,3.3,0.0,2.896153846153846,0
1992-04-10,12.3,18.3,6.1,0.0,2.896153846153846,0
1992-04-11,12.4,15.6,10.6,0.0,2.896153846153846,0
1992-04-12,11.2,13.9,7.2,0.0,2.896153846153846,0
1992-04-13,11.4,17.8,6.7,0.0,2.896153846153846,0
1992-04-14,12.2,17.2,8.3,0.0,2.896153846153846,0
1992-04-15,12.7,16.7,8.9,0.0,2.896153846153846,0
1992-04-16,15.2,19.4,11.7,0.0,2.896153846153846,0
1992-04-17,13.3,17.8,6.7,0.0,2.896153846153846,0
1992-04-18,13.3,22.2,5.6,0.0,2.896153846153846,0
1992-04-19,17.6,25.0,8.3,0.0,2.896153846153846,0
1992-04-20,12.3,19.4,7.2,0.0,2.896153846153846,0
1992-04-21,10.3,14.4,5.6,0.0,2.896153846153846,0
1992-04-22,8.7,15.0,2.8,0.0,2.896153846153846,0
1992-04-23,12.5,22.2,2.2,0.0,2.896153846153846,0
1992-04-24,16.2,25.6,8.9,0.0,2.896153846153846,0
1992-04-25,16.1,25.0,7.8,0.0,2.896153846153846,0
1992-04-26,14.0,23.3,6.7,0.0,2.844505494505494,0
1992-04-27,15.7,26.1,7.2,0.0,2.844505494505494,0
1992-04-28,17.9,27.2,10.0,0.0,2.844505494505494,0
1992-04-29,15.8,23.3,6.7,0.0,2.844505494505494,0
1992-04-30,12.1,14.4,10.0,0.0,2.844505494505494,0
1992-05-01,14.2,21.7,8.3,0.0,2.844505494505494,0
1992-05-02,17.4,25.0,7.2,0.0,2.844505494505494,0
1992-05-03,16.3,22.8,11.7,0.0,2.844505494505494,0
1992-05-04,14.3,22.8,9.4,0.0,2.844505494505494,0
1992-05-05,13.6,20.6,8.3,1.0,2.85,0
1992-05-06,14.1,20.0,11.1,0.0,2.85,0
1992-05-07,13.7,18.3,11.1,0.0,2.85,0
1992-05-08,13.1,17.2,9.4,0.0,2.85,0
1992-05-09,14.9,25.6,8.3,0.0,2.85,0
1992-05-10,15.1,24.4,8.3,0.0,2.85,0
1992-05-11,15.7,23.3,8.9,0.0,2.85,0
1992-05-12,12.9,20.0,7.2,0.0,2.85,0
1992-05-13,12.3,18.3,7.8,0.0,2.85,0
1992-05-14,12.4,18.9,8.9,0.0,2.85,0
1992-05-15,11.7,18.3,6.7,0.0,2.85,0
1992-05-16,13.2,20.6,6.7,0.0,2.85,0
1992-05-17,12.8,21.1,5.0,0.0,2.85,0
1992-05-18,14.3,21.1,10.0,0.0,2.85,0
1992-05-19,14.2,20.0,9.4,0.0,2.85,0
1992-05-20,13.2,18.3,6.7,0.0,2.85,0
1992-05-21,12.5,22.2,6.1,0.0,2.85,0
1992-05-22,14.3,22.2,6.1,0.0,2.85,0
1992-05-23,15.3,24.4,6.1,0.0,2.85,0
1992-05-24,14.0,21.1,7.8,0.0,2.85,0
1992-05-25,14.6,21.1,7.8,0.0,2.85,0
1992-05-26,13.9,19.4,11.1,0.0,2.85,0
1992-05-27,14.4,21.1,10.6,0.0,2.85,0
1992-05-28,14.2,21.1,11.1,0.0,2.85,0
1992-05-29,13.6,20.6,10.6,0.0,2.85,0
1992-05-30,13.8,19.4,10.0,0.0,2.85,0
1992-05-31,15.4,22.8,10.0,0.0,2.85,0
1992-06-01,13.2,22.8,10.0,0.0,2.85,0
1992-06-02,14.5,21.7,9.4,0.0,2.85,0
1992-06-03,14.1,22.2,8.9,0.0,2.85,0
1992-06-04,13.9,22.2,6.7,0.0,2.85,0
1992-06-05,15.3,21.1,11.1,0.0,2.85,0
1992-06-06,14.4,20.0,10.0,0.0,2.844505494505494,0
1992-06-07,13.3,18.3,10.0,0.0,2.824725274725275,0
1992-06-08,13.1,18.3,10.0,0.0,2.823076923076923,0
1992-06-09,14.4,20.6,10.0,0.0,2.8148351648351646,0
1992-06-10,12.6,17.2,9.4,0.0,2.8148351648351646,0
1992-06-11,13.2,18.3,8.9,0.0,2.8148351648351646,0
1992-06-12,13.9,18.3,10.0,0.0,2.8148351648351646,0
1992-06-13,13.7,17.2,10.0,0.0,2.8148351648351646,0
1992-06-14,12.9,17.8,10.0,0.0,2.8148351648351646,0
1992-06-15,12.8,17.2,10.0,0.0,2.8148351648351646,0
1992-06-16,14.1,20.6,9.4,0.0,2.8148351648351646,0
1992-06-17,10.8,15.6,8.9,0.0,2.8148351648351646,0
1992-06-18,10.4,11.7,10.0,0.0,2.8148351648351646,0
1992-06-19,10.0,10.0,10.0,0.0,2.8148351648351646,0
1992-06-24,13.9,13.9,13.9,0.0,2.8148351648351646,0
1992-06-25,15.4,17.2,13.9,0.0,2.8148351648351646,0
1992-06-26,17.6,23.3,12.8,0.0,2.8148351648351646,0
1992-06-27,14.2,14.4,13.3,0.0,2.8148351648351646,0
1992-06-28,15.1,17.8,11.7,0.0,2.8148351648351646,0
1992-06-29,15.2,18.3,13.9,0.0,2.8148351648351646,0
1992-06-30,14.2,18.9,12.8,0.0,2.7406593406593407,0
1992-07-01,13.2,13.3,12.8,0.0,2.6664835164835163,0
1992-07-02,12.4,13.3,11.1,0.0,2.4027472527472526,0
1992-07-03,11.8,15.0,10.6,0.0,2.4,0
1992-07-04,13.3,13.3,13.3,0.0,2.4,0
1992-07-05,7.8,7.8,7.8,0.0,2.4,1
1992-07-06,18.3,20.0,13.3,0.0,2.3983516483516483,0
1992-07-07,16.7,23.9,13.3,0.5,2.3747252747252747,0
1992-07-08,16.7,23.3,10.0,0.3,2.3747252747252747,0
1992-07-09,18.0,25.6,15.0,0.0,2.198901098901098,0
1992-07-10,19.2,26.7,14.4,0.0,2.198901098901098,0
1992-07-11,18.4,21.7,14.4,0.0,2.160989010989011,0
1992-07-12,16.4,23.3,12.8,1.3,2.1681318681318684,0
1992-07-13,19.6,25.6,13.3,0.0,2.1681318681318684,0
1992-07-14,20.9,27.2,12.8,0.0,2.1681318681318684,0
1992-07-15,17.9,26.1,11.7,0.0,2.1681318681318684,0
1992-07-16,17.3,25.0,11.7,0.0,2.1681318681318684,0
1992-07-17,16.9,23.9,12.2,0.0,2.1681318681318684,0
1992-07-18,18.2,24.4,12.8,0.0,2.1681318681318684,0
1992-07-19,17.8,23.9,13.9,0.0,2.1681318681318684,0
1992-07-20,16.3,20.6,13.3,0.0,2.1681318681318684,0
1992-07-21,14.9,18.3,13.9,0.0,2.1681318681318684,0
1992-07-22,14.8,18.3,12.8,0.0,2.1681318681318684,0
1992-07-23,19.9,23.3,12.2,0.0,2.1681318681318684,0
1992-07-24,16.4,23.9,9.4,0.0,2.1681318681318684,0
1992-07-25,13.7,22.2,9.4,0.0,2.1681318681318684,0
1992-07-26,16.7,25.0,10.0,0.0,2.1681318681318684,0
1992-07-27,17.1,26.1,9.4,0.0,2.1681318681318684,0
1992-07-28,15.6,25.6,8.3,0.0,2.1681318681318684,0
1992-07-29,15.1,22.8,8.9,0.0,2.1681318681318684,0
1992-07-30,14.8,21.1,10.6,0.0,2.1681318681318684,0
1992-07-31,15.2,22.2,10.6,0.0,2.1681318681318684,0
1992-08-01,15.3,25.6,7.8,0.0,2.1681318681318684,0
1992-08-02,16.9,26.7,9.4,0.0,2.1681318681318684,0
1992-08-03,13.6,21.7,7.8,0.0,2.1681318681318684,1
1992-08-04,14.7,23.9,6.7,0.0,2.1681318681318684,0
1992-08-05,13.0,15.0,9.4,0.0,2.1681318681318684,0
1992-08-06,15.3,22.2,11.1,0.0,2.1681318681318684,0
1992-08-07,16.7,22.8,11.7,0.0,2.1681318681318684,0
1992-08-08,16.6,23.9,9.4,0.0,2.1681318681318684,0
1992-08-09,19.6,30.6,8.3,0.0,2.1527472527472526,0
1992-08-10,20.1,31.1,10.0,0.0,2.0395604395604394,0
1992-08-11,17.3,26.1,9.4,0.0,1.9054945054945056,0
1992-08-12,17.5,24.4,12.8,0.0,1.9054945054945056,0
1992-08-13,17.6,25.6,12.8,0.0,1.8401098901098905,0
1992-08-14,18.0,27.2,12.2,0.0,1.675274725274725,1
1992-08-15,21.7,33.3,13.3,0.0,1.4824175824175825,0
1992-08-16,18.6,29.4,10.6,0.0,1.2576923076923077,1
1992-08-17,15.6,26.7,9.4,0.0,1.1615384615384616,0
1992-08-18,16.3,28.9,6.1,0.0,1.1615384615384616,0
1992-08-19,17.2,29.4,8.9,0.0,1.0582417582417585,0
1992-08-20,15.0,25.0,8.3,0.0,1.0565934065934066,0
1992-08-21,13.2,20.6,7.2,0.0,1.0565934065934066,0
1992-08-22,13.9,21.1,7.8,0.0,1.0565934065934066,0
1992-08-23,17.8,30.0,7.2,0.0,1.0565934065934066,0
1992-08-24,16.1,26.1,7.8,0.0,1.0565934065934066,0
1992-08-25,15.2,23.3,8.3,0.0,1.0565934065934066,0
1992-08-26,16.2,27.2,8.9,0.0,1.0565934065934066,0
1992-08-27,15.2,26.1,7.2,0.0,1.0565934065934066,0
1992-08-28,15.6,25.0,10.0,0.0,1.0565934065934066,0
1992-08-29,14.2,17.8,11.7,0.0,1.0565934065934066,0
1992-08-30,15.2,19.4,11.7,0.0,1.0565934065934066,0
1992-08-31,14.7,18.9,11.1,0.0,1.0565934065934066,0
1992-09-01,15.7,21.7,10.6,0.0,1.0565934065934066,0
1992-09-02,14.7,21.1,10.0,0.0,1.0565934065934066,0
1992-09-03,14.5,19.4,9.4,0.0,1.036813186813187,0
1992-09-04,15.1,23.3,9.4,0.0,0.7494505494505495,0
1992-09-05,16.8,27.2,10.0,0.0,0.6642857142857144,0
1992-09-06,15.8,26.7,7.2,0.0,0.6642857142857144,0
1992-09-07,16.5,27.2,7.8,0.0,0.6642857142857144,0
1992-09-08,16.3,26.7,7.2,0.0,0.570879120879121,0
1992-09-09,14.7,23.3,7.2,0.0,0.570879120879121,0
1992-09-10,14.8,21.1,10.6,0.0,0.570879120879121,0
1992-09-11,16.5,22.8,10.0,0.0,0.570879120879121,0
1992-09-12,15.9,25.0,10.0,0.0,0.570879120879121,0
1992-09-13,19.6,30.6,9.4,0.0,0.570879120879121,0
1992-09-14,12.4,20.0,6.1,0.0,0.570879120879121,0
1992-09-15,14.3,22.8,5.0,0.0,0.570879120879121,0
1992-09-16,14.0,21.7,8.3,0.0,0.570879120879121,0
1992-09-17,13.7,22.8,8.9,0.0,0.570879120879121,0
1992-09-18,13.9,23.9,6.1,0.0,0.570879120879121,0
1992-09-19,15.0,27.2,7.2,0.0,0.570879120879121,0
1992-09-20,14.2,23.9,8.9,0.0,0.570879120879121,0
1992-09-21,14.5,23.9,7.2,0.0,0.570879120879121,0
1992-09-22,15.2,23.9,9.4,0.0,0.378021978021978,0
1992-09-23,16.3,25.6,11.1,0.0,0.339010989010989,0
1992-09-24,15.4,21.1,10.6,0.0,0.1939560439560439,1
1992-09-25,20.8,29.4,14.4,0.0,0.1675824175824175,0
1992-09-26,22.8,31.7,14.4,0.0,0.1675824175824175,0
1992-09-27,20.3,31.1,12.8,0.0,0.1675824175824175,0
1992-09-28,20.6,31.1,12.2,0.0,0.1384615384615384,0
1992-09-29,15.2,26.1,9.4,0.0,0.0631868131868131,0
1992-09-30,19.3,25.6,14.4,0.0,0.0631868131868131,0
1992-10-01,14.7,17.8,10.0,0.0,0.0631868131868131,0
1992-10-02,13.9,19.4,8.9,0.0,0.0631868131868131,0
1992-10-03,14.7,23.3,8.9,0.0,0.0631868131868131,0
1992-10-04,17.2,26.7,9.4,0.0,0.017032967032967,0
1992-10-05,18.6,28.9,10.0,0.0,0.017032967032967,0
1992-10-06,22.8,31.1,14.4,0.0,0.017032967032967,0
1992-10-07,23.1,32.8,14.4,0.0,0.017032967032967,0
1992-10-08,18.7,30.0,8.9,0.0,0.017032967032967,0
1992-10-09,20.4,31.7,8.9,0.0,0.017032967032967,0
1992-10-10,21.6,32.8,15.6,0.0,0.017032967032967,0
1992-10-11,20.6,28.9,14.4,0.0,0.017032967032967,0
1992-10-12,17.5,28.9,9.4,0.0,0.017032967032967,1
1992-10-13,13.1,21.7,8.3,0.0,0.017032967032967,0
1992-10-14,13.8,18.3,11.7,0.0,0.017032967032967,0
1992-10-15,13.3,19.4,8.3,0.0,0.017032967032967,0
1992-10-16,13.1,22.8,7.2,0.0,0.017032967032967,0
1992-10-17,14.2,25.6,7.8,0.0,0.017032967032967,0
1992-10-18,12.8,21.1,7.8,0.0,0.017032967032967,0
1992-10-19,15.6,22.8,9.4,0.0,0.017032967032967,0
1992-10-20,16.6,25.0,10.6,0.0,0.017032967032967,0
1992-10-21,14.6,20.0,7.8,2.5,0.0307692307692307,0
1992-10-22,15.6,24.4,7.8,0.0,0.0307692307692307,0
1992-10-23,19.1,29.4,11.1,1.3,0.0379120879120879,0
1992-10-24,17.9,25.0,13.3,1.3,0.045054945054945,0
1992-10-25,14.9,21.1,11.1,0.0,0.045054945054945,0
1992-10-26,16.3,25.0,11.7,0.0,0.045054945054945,0
1992-10-27,13.6,20.6,11.7,0.0,0.045054945054945,0
1992-10-28,12.0,13.3,11.1,0.0,0.045054945054945,0
1992-10-29,13.6,15.0,11.7,0.5,0.0478021978021978,0
1992-10-30,13.4,16.7,11.1,12.2,0.1148351648351648,0
1992-10-31,14.3,20.0,10.0,0.0,0.1148351648351648,0
1992-11-01,15.3,20.6,11.7,0.0,0.1148351648351648,0
1992-11-02,15.1,20.6,12.8,0.0,0.1148351648351648,0
1992-11-03,18.3,23.9,11.7,0.0,0.1148351648351648,0
1992-11-04,14.2,22.8,9.4,0.0,0.1148351648351648,0
1992-11-05,14.6,23.9,9.4,0.0,0.1148351648351648,0
1992-11-06,15.0,24.4,9.4,0.0,0.1148351648351648,0
1992-11-07,12.8,17.8,9.4,0.0,0.1093406593406593,0
1992-11-08,11.4,18.3,8.3,0.0,0.1093406593406593,0
1992-11-09,11.2,17.2,5.6,0.0,0.1093406593406593,0
1992-11-10,10.3,16.1,5.0,0.0,0.1093406593406593,0
1992-11-11,10.7,18.9,3.3,0.0,0.1093406593406593,0
1992-11-12,13.3,20.0,5.6,0.0,0.1093406593406593,0
1992-11-13,15.1,25.0,8.9,0.0,0.1093406593406593,0
1992-11-14,15.4,26.1,9.4,0.0,0.1093406593406593,0
1992-11-15,12.2,22.8,6.1,0.0,0.1093406593406593,0
1992-11-16,11.8,18.3,3.9,0.0,0.1093406593406593,0
1992-11-17,11.4,15.6,7.2,0.0,0.1093406593406593,0
1992-11-18,10.2,17.8,5.0,0.0,0.1093406593406593,0
1992-11-19,8.7,12.8,5.0,0.0,0.1093406593406593,0
1992-11-20,8.6,15.6,5.0,0.0,0.1093406593406593,0
1992-11-21,9.7,16.7,4.4,0.0,0.1093406593406593,0
1992-11-22,8.9,11.7,5.0,0.0,0.1093406593406593,0
1992-11-23,8.6,13.3,3.3,0.0,0.1093406593406593,0
1992-11-24,9.7,12.8,6.7,0.0,0.1093406593406593,0
1992-11-25,11.7,19.4,7.2,0.0,0.1093406593406593,0
1992-11-26,14.7,19.4,7.8,0.0,0.1093406593406593,0
1992-11-27,11.2,18.3,5.6,0.0,0.1093406593406593,0
1992-11-28,10.6,15.6,5.6,0.0,0.1093406593406593,0
1992-11-29,11.2,15.6,5.0,0.0,0.1093406593406593,0
1992-11-30,10.5,19.4,5.0,0.0,0.1093406593406593,0
1992-12-01,10.6,20.0,4.4,0.0,0.1093406593406593,0
1992-12-02,8.1,11.1,3.3,0.0,0.1093406593406593,0
1992-12-03,8.9,12.8,4.4,0.0,0.1093406593406593,0
1992-12-04,8.3,13.3,1.7,1.3,0.1164835164835164,0
1992-12-05,8.9,13.3,3.3,0.0,0.1164835164835164,0
1992-12-06,9.3,11.7,7.8,4.1,0.139010989010989,0
1992-12-07,6.9,10.6,2.8,70.6,0.5269230769230768,0
1992-12-08,8.9,13.3,2.8,0.0,0.5269230769230768,0
1992-12-09,13.3,14.4,12.2,0.0,0.5269230769230768,0
1992-12-10,11.3,12.8,8.3,0.0,0.5269230769230768,0
1992-12-11,7.2,11.7,2.8,1.5,0.5351648351648352,0
1992-12-12,6.9,11.7,2.2,0.0,0.5351648351648352,0
1992-12-13,9.1,12.8,6.1,0.0,0.5351648351648352,0
1992-12-14,9.2,16.1,2.8,0.0,0.5351648351648352,0
1992-12-15,9.0,12.8,5.6,0.0,0.5351648351648352,0
1992-12-16,8.9,14.4,4.4,0.0,0.5351648351648352,0
1992-12-17,6.0,8.3,0.6,5.6,0.5659340659340658,0
1992-12-18,3.1,11.1,-1.1,0.0,0.5659340659340658,0
1992-12-19,5.0,11.1,-1.1,0.0,0.5659340659340658,0
1992-12-20,7.9,13.3,2.8,0.0,0.5659340659340658,0
1992-12-21,8.8,12.2,6.1,0.0,0.5659340659340658,0
1992-12-22,8.8,13.9,2.8,0.0,0.5659340659340658,0
1992-12-23,11.8,16.1,8.3,0.0,0.5659340659340658,0
1992-12-24,10.4,18.9,5.0,0.0,0.5659340659340658,0
1992-12-25,10.2,20.0,5.0,0.0,0.5659340659340658,0
1992-12-26,9.2,18.3,2.8,0.0,0.5659340659340658,0
1992-12-27,7.9,10.6,1.7,9.7,0.6192307692307691,0
1992-12-28,8.8,10.0,7.2,2.0,0.6302197802197802,0
1992-12-29,6.4,8.3,2.2,23.6,0.7598901098901097,0
1992-12-30,5.8,10.6,2.8,0.5,0.7626373626373626,0
1992-12-31,8.1,10.6,4.4,0.0,0.7626373626373626,0
1993-01-01,6.6,11.1,0.6,0.0,0.7626373626373626,0
1993-01-02,2.5,8.9,-1.7,9.7,0.8159340659340659,0
1993-01-03,1.9,7.8,-2.2,0.0,0.8159340659340659,0
1993-01-04,2.9,11.1,-2.2,0.0,0.8159340659340659,0
1993-01-05,4.4,8.9,-0.6,0.0,0.8131868131868132,0
1993-01-06,8.5,13.3,3.9,58.4,1.1324175824175822,0
1993-01-07,8.6,11.1,6.7,50.3,1.408791208791209,0
1993-01-08,7.2,10.0,3.3,0.8,1.413186813186813,0
1993-01-09,5.3,11.1,1.1,0.8,1.4175824175824177,0
1993-01-10,4.2,8.3,0.0,8.4,1.4565934065934063,0
1993-01-11,4.0,9.4,0.0,0.0,1.4565934065934063,0
1993-01-12,6.2,12.8,1.1,17.5,1.5527472527472526,0
1993-01-13,12.1,13.3,11.1,36.8,1.754945054945055,0
1993-01-14,7.8,12.2,3.9,23.9,1.886263736263736,0
1993-01-15,9.2,13.3,5.6,29.7,2.0494505494505493,0
1993-01-16,8.0,13.9,3.9,11.9,2.114835164835165,0
1993-01-17,8.3,10.6,6.1,15.7,2.201098901098901,0
1993-01-18,7.8,10.0,6.1,32.3,2.378571428571429,0
1993-01-19,8.3,10.6,6.1,0.0,2.378571428571429,0
1993-01-20,11.2,13.3,10.0,0.0,2.378571428571429,0
1993-01-21,12.3,14.4,8.9,0.0,2.378571428571429,0
1993-01-22,8.8,13.3,5.0,0.0,2.378571428571429,0
1993-01-23,8.5,13.3,5.6,0.0,2.378571428571429,0
1993-01-24,11.4,17.2,6.7,0.0,2.378571428571429,0
1993-01-25,13.0,21.7,7.2,0.0,2.378571428571429,0
1993-01-26,11.9,21.7,6.7,0.0,2.378571428571429,0
1993-01-27,11.7,22.2,5.6,0.0,2.378571428571429,0
1993-01-28,11.5,17.8,6.1,0.0,2.378571428571429,0
1993-01-29,13.8,17.2,10.0,0.0,2.378571428571429,0
1993-01-30,9.9,15.0,3.3,2.5,2.392307692307692,0
1993-01-31,9.1,17.2,2.8,0.3,2.3939560439560434,0
1993-02-01,9.9,19.4,2.8,0.0,2.3939560439560434,0
1993-02-02,10.3,17.8,5.6,0.0,2.3939560439560434,0
1993-02-03,12.8,16.7,10.0,0.0,2.3939560439560434,0
1993-02-04,14.7,20.6,9.4,0.0,2.3939560439560434,0
1993-02-05,11.4,17.2,7.2,0.0,2.3939560439560434,0
1993-02-06,12.3,19.4,8.3,0.0,2.3939560439560434,0
1993-02-07,12.1,13.9,9.4,40.6,2.6170329670329666,0
1993-02-08,10.1,11.1,8.3,25.1,2.754945054945055,0
1993-02-09,8.7,11.1,5.0,0.0,2.754945054945055,0
1993-02-10,8.8,13.9,3.9,0.0,2.754945054945055,0
1993-02-11,9.4,13.9,3.9,0.0,2.754945054945055,0
1993-02-12,6.5,12.8,2.2,0.0,2.754945054945055,0
1993-02-13,7.7,13.3,2.8,0.0,2.754945054945055,0
1993-02-14,7.6,14.4,1.7,0.0,2.754945054945055,0
1993-02-15,7.4,11.1,0.6,0.0,2.754945054945055,0
1993-02-16,7.3,10.0,4.4,0.0,2.754945054945055,0
1993-02-17,9.4,11.7,6.7,0.0,2.754945054945055,0
1993-02-18,11.7,14.4,9.4,51.6,3.0384615384615383,0
1993-02-19,9.1,12.2,2.8,21.3,3.1554945054945054,0
1993-02-20,6.3,10.0,3.3,10.9,3.215384615384615,0
1993-02-21,7.2,12.8,4.4,0.0,3.215384615384615,0
1993-02-22,9.2,10.6,6.1,0.0,3.215384615384615,0
1993-02-23,8.4,10.0,5.6,11.7,3.2796703296703296,0
1993-02-24,4.6,10.0,2.2,0.0,3.2796703296703296,0
1993-02-25,4.7,8.9,1.1,0.0,3.2796703296703296,0
1993-02-26,5.7,10.0,2.2,5.1,3.3076923076923075,0
1993-02-27,4.4,5.0,3.9,0.0,3.3076923076923075,0
1993-03-01,9.2,13.3,3.9,0.0,3.3076923076923075,0
1993-03-02,9.2,17.2,2.2,0.0,3.3076923076923075,0
1993-03-03,9.7,15.0,5.0,0.0,3.3076923076923075,0
1993-03-04,9.3,16.7,4.4,0.0,3.3076923076923075,0
1993-03-05,11.6,21.1,3.3,0.0,3.3076923076923075,0
1993-03-06,15.9,23.3,8.3,0.0,3.3076923076923075,0
1993-03-07,14.3,24.4,8.3,0.0,3.3076923076923075,0
1993-03-08,12.0,21.1,6.7,0.0,3.3076923076923075,0
1993-03-09,11.8,19.4,8.9,0.0,3.3076923076923075,0
1993-03-10,11.9,17.2,8.3,0.0,3.3076923076923075,0
1993-03-11,12.2,20.0,8.3,0.0,3.3076923076923075,0
1993-03-12,13.8,23.9,8.3,0.0,3.3076923076923075,0
1993-03-13,13.3,20.6,8.9,0.0,3.3076923076923075,0
1993-03-14,12.4,17.2,7.8,0.0,3.3076923076923075,0
1993-03-15,12.6,17.8,7.8,0.0,3.3076923076923075,0
1993-03-16,12.7,18.3,8.3,0.0,3.3076923076923075,0
1993-03-17,12.9,15.6,11.1,0.0,3.3076923076923075,0
1993-03-18,12.2,16.1,9.4,0.0,3.3076923076923075,0
1993-03-19,10.7,15.6,6.1,0.0,3.3076923076923075,0
1993-03-20,11.7,17.2,6.7,0.0,3.3076923076923075,0
1993-03-21,10.6,15.6,6.1,0.0,3.3076923076923075,0
1993-03-22,10.8,18.9,3.9,0.0,3.3076923076923075,0
1993-03-23,11.6,13.9,8.9,0.0,3.3076923076923075,0
1993-03-24,9.6,15.0,5.6,0.0,3.3076923076923075,0
1993-03-25,9.1,14.4,5.0,45.7,3.5587912087912086,0
1993-03-26,9.1,11.7,7.2,16.8,3.651098901098901,0
1993-03-27,6.7,8.3,5.0,3.0,3.6675824175824174,0
1993-03-28,8.8,13.9,4.4,4.1,3.6901098901098894,0
1993-03-29,10.2,15.0,6.7,0.0,3.6901098901098894,0
1993-03-30,10.4,16.1,6.1,0.0,3.6901098901098894,0
1993-03-31,10.1,16.1,6.1,0.0,3.6901098901098894,0
1993-04-01,8.8,14.4,4.4,0.0,3.6901098901098894,0
1993-04-02,10.8,17.2,3.3,0.0,3.6901098901098894,0
1993-04-03,11.6,17.2,7.8,0.0,3.6901098901098894,0
1993-04-04,11.1,15.0,7.8,0.0,3.6901098901098894,0
1993-04-05,9.7,14.4,5.0,0.0,3.6901098901098894,0
1993-04-06,11.6,17.2,6.1,0.0,3.6901098901098894,0
1993-04-07,11.7,20.6,5.0,0.0,3.6901098901098894,0
1993-04-08,12.1,18.3,6.7,0.0,3.6901098901098894,0
1993-04-09,10.4,16.7,5.6,0.0,3.6901098901098894,0
1993-04-10,9.4,15.0,3.9,0.0,3.6901098901098894,0
1993-04-11,8.7,16.1,2.2,0.0,3.6901098901098894,0
1993-04-12,10.3,16.7,2.8,0.0,3.6901098901098894,0
1993-04-13,9.1,14.4,1.7,0.0,3.6901098901098894,0
1993-04-14,12.0,16.1,8.3,0.0,3.6901098901098894,0
1993-04-15,10.8,14.4,6.7,0.0,3.6901098901098894,0
1993-04-16,9.7,17.2,3.9,0.0,3.6901098901098894,0
1993-04-17,11.0,13.3,8.3,0.0,3.6901098901098894,0
1993-04-18,10.3,15.0,5.0,0.0,3.6901098901098894,0
1993-04-19,12.3,21.1,3.9,0.0,3.6901098901098894,0
1993-04-20,13.1,21.7,6.1,0.0,3.6901098901098894,0
1993-04-21,11.8,17.8,6.7,0.0,3.6901098901098894,0
1993-04-22,10.6,14.4,5.0,0.0,3.6763736263736257,0
1993-04-23,10.2,14.4,5.0,0.0,3.6763736263736257,0
1993-04-24,12.2,17.2,7.8,0.0,3.669230769230769,0
1993-04-25,12.7,21.1,5.6,0.0,3.662087912087912,0
1993-04-26,10.1,16.1,5.0,0.0,3.662087912087912,0
1993-04-27,10.4,17.8,4.4,0.0,3.662087912087912,0
1993-04-28,12.2,22.8,3.9,0.0,3.662087912087912,0
1993-04-29,13.6,19.4,8.3,0.0,3.662087912087912,0
1993-04-30,14.2,22.2,7.2,0.0,3.6593406593406583,0
1993-05-01,16.7,25.0,8.3,0.0,3.592307692307692,0
1993-05-02,12.3,18.3,7.8,0.0,3.592307692307692,0
1993-05-03,10.8,12.8,8.3,0.0,3.592307692307692,0
1993-05-04,10.4,16.1,5.0,0.0,3.592307692307692,0
1993-05-05,11.6,18.9,5.6,0.0,3.592307692307692,0
1993-05-06,11.1,15.0,6.7,0.0,3.592307692307692,0
1993-05-07,10.4,15.6,3.3,0.0,3.592307692307692,0
1993-05-08,11.8,18.3,4.4,0.0,3.592307692307692,0
1993-05-09,18.5,29.4,7.2,0.0,3.592307692307692,0
1993-05-10,16.4,22.2,11.1,0.0,3.592307692307692,0
1993-05-11,8.7,10.6,3.9,0.0,3.592307692307692,1
1993-05-12,10.0,15.0,4.4,0.0,3.592307692307692,0
1993-05-13,12.0,17.2,6.7,0.0,3.592307692307692,0
1993-05-14,11.9,18.3,5.6,0.0,3.592307692307692,0
1993-05-15,12.2,20.0,5.6,0.5,3.5950549450549447,0
1993-05-16,12.8,20.6,5.6,0.0,3.5950549450549447,0
1993-05-17,12.6,18.3,8.3,0.0,3.5950549450549447,0
1993-05-18,16.3,22.8,8.9,0.0,3.5950549450549447,0
1993-05-19,17.0,22.2,14.4,0.0,3.5950549450549447,1
1993-05-20,15.3,20.0,12.8,0.0,3.5950549450549447,0
1993-05-21,14.4,20.0,7.8,0.0,3.5950549450549447,0
1993-05-22,15.2,24.4,7.2,0.0,3.5950549450549447,1
1993-05-23,13.3,19.4,9.4,0.0,3.5950549450549447,0
1993-05-24,13.3,17.8,10.6,0.0,3.5950549450549447,0
1993-05-25,14.8,20.0,9.4,0.0,3.5950549450549447,0
1993-05-26,13.6,15.0,12.2,0.0,3.5950549450549447,0
1993-05-27,13.4,16.7,10.0,0.0,3.5950549450549447,0
1993-05-28,13.3,20.0,7.2,0.0,3.5950549450549447,0
1993-05-29,16.3,24.4,7.2,0.0,3.5950549450549447,0
1993-05-30,15.9,20.6,12.2,0.0,3.5950549450549447,0
1993-05-31,15.3,20.0,11.1,0.0,3.5950549450549447,0
1993-06-01,14.9,20.6,10.0,0.0,3.5950549450549447,0
1993-06-02,13.6,17.2,10.0,0.0,3.5950549450549447,0
1993-06-03,13.4,17.2,11.1,0.0,3.5950549450549447,0
1993-06-04,12.1,15.0,10.0,0.0,3.5950549450549447,0
1993-06-05,11.8,16.7,7.8,19.3,3.693956043956044,0
1993-06-06,12.2,15.0,10.0,0.0,3.693956043956044,0
1993-06-07,13.3,17.2,11.1,0.0,3.671428571428572,0
1993-06-08,13.5,20.0,8.3,0.0,3.283516483516484,0
1993-06-09,12.8,23.3,7.2,0.0,3.283516483516484,0
1993-06-10,13.7,17.8,10.0,0.0,3.283516483516484,1
1993-06-11,12.8,19.4,6.1,0.0,3.283516483516484,0
1993-06-12,13.7,22.8,6.1,0.0,3.275274725274725,0
1993-06-13,14.8,23.9,6.1,0.0,3.275274725274725,0
1993-06-14,16.8,23.9,9.4,0.0,3.275274725274725,0
1993-06-15,11.9,12.2,11.7,0.0,3.275274725274725,0
1993-06-17,23.1,31.7,14.4,0.0,3.275274725274725,0
1993-06-18,21.4,31.1,14.4,0.0,3.275274725274725,0
1993-06-19,19.0,28.9,10.0,0.0,3.2445054945054945,0
1993-06-20,13.6,20.0,9.4,0.0,3.2445054945054945,0
1993-06-21,12.9,17.2,8.3,0.0,3.2445054945054945,0
1993-06-22,11.3,20.0,5.0,0.0,3.2445054945054945,0
1993-06-23,17.9,26.7,6.1,0.0,3.2445054945054945,0
1993-06-24,27.1,34.4,17.8,0.0,3.2445054945054945,0
1993-06-25,27.0,36.1,16.1,0.0,3.2445054945054945,0
1993-06-26,18.8,28.9,9.4,0.0,3.2445054945054945,0
1993-06-27,13.8,22.2,7.2,0.0,3.2445054945054945,0
1993-06-28,12.0,18.9,7.2,0.0,3.2445054945054945,0
1993-06-29,16.1,26.1,7.8,0.0,3.191208791208791,0
1993-06-30,17.8,27.8,8.3,0.0,3.18021978021978,0
1993-07-01,16.7,27.8,7.8,0.0,3.050549450549451,0
1993-07-02,12.9,18.9,7.8,0.0,3.047802197802198,0
1993-07-03,15.2,23.3,8.3,0.0,3.047802197802198,0
1993-07-04,15.4,23.9,8.3,0.0,3.047802197802198,0
1993-07-05,17.2,27.2,10.0,0.0,2.9945054945054945,0
1993-07-06,15.9,24.4,8.3,0.0,2.9945054945054945,0
1993-07-07,15.1,22.8,8.3,0.0,2.9945054945054945,0
1993-07-08,14.9,22.8,9.4,0.0,2.9945054945054945,0
1993-07-09,14.3,21.1,9.4,0.0,2.673626373626374,0
1993-07-10,15.6,23.3,10.0,0.0,2.397252747252747,0
1993-07-11,16.7,23.9,9.4,0.0,2.392857142857143,0
1993-07-12,15.5,21.7,7.8,0.0,2.3884615384615384,0
1993-07-13,14.2,21.7,8.3,0.0,2.3423076923076924,0
1993-07-14,14.6,20.6,10.0,0.0,2.3423076923076924,0
1993-07-15,14.3,20.6,10.0,0.0,2.246153846153846,0
1993-07-16,14.3,21.7,8.3,0.0,2.043956043956044,0
1993-07-17,15.8,26.7,6.1,0.0,1.9126373626373627,0
1993-07-18,15.3,23.3,7.8,0.0,1.7494505494505497,0
1993-07-19,13.1,19.4,9.4,0.0,1.684065934065934,0
1993-07-20,14.6,20.0,10.6,0.0,1.597802197802198,0
1993-07-21,14.8,21.7,8.9,0.0,1.4203296703296704,0
1993-07-22,14.8,22.2,8.3,0.0,1.4203296703296704,0
1993-07-23,15.6,21.7,13.3,0.0,1.4203296703296704,0
1993-07-30,22.4,27.8,14.4,0.0,1.4203296703296704,0
1993-07-31,25.1,36.1,14.4,0.0,1.4203296703296704,0
1993-08-01,26.8,36.7,18.3,0.0,1.4203296703296704,0
1993-08-02,22.8,33.9,12.2,0.0,1.4203296703296704,0
1993-08-03,16.1,26.7,10.6,0.0,1.4203296703296704,0
1993-08-04,17.8,24.4,13.3,0.0,1.4203296703296704,0
1993-08-05,16.6,21.7,12.8,0.0,1.4203296703296704,0
1993-08-06,14.7,21.1,12.2,0.0,1.4203296703296704,0
1993-08-07,13.8,18.9,12.2,0.0,1.4203296703296704,0
1993-08-08,15.1,22.2,8.9,0.0,1.4065934065934067,0
1993-08-09,14.4,22.2,7.8,0.0,1.4049450549450548,0
1993-08-10,14.7,20.0,8.9,0.0,1.4049450549450548,0
1993-08-11,14.9,18.9,12.8,0.0,1.4049450549450548,0
1993-08-12,13.9,17.8,12.2,0.0,1.4049450549450548,0
1993-08-13,13.1,15.0,12.2,0.0,1.4049450549450548,0
1993-08-14,13.9,19.4,12.2,0.0,1.4049450549450548,0
1993-08-15,15.3,21.1,11.1,0.0,1.4049450549450548,0
1993-08-16,15.4,26.7,8.9,0.0,1.181868131868132,0
1993-08-17,18.8,27.2,11.1,0.0,1.043956043956044,0
1993-08-18,13.7,21.1,9.4,0.0,1.043956043956044,0
1993-08-19,14.3,17.8,12.2,0.0,1.043956043956044,0
1993-08-20,14.9,19.4,11.1,0.0,1.043956043956044,0
1993-08-21,18.4,28.9,9.4,0.0,1.043956043956044,0
1993-08-22,19.7,31.1,10.6,0.0,1.043956043956044,0
1993-08-23,15.8,25.6,7.8,0.0,1.043956043956044,0
1993-08-24,16.1,25.6,6.1,0.0,1.043956043956044,0
1993-08-25,20.3,28.3,11.7,0.0,1.043956043956044,0
1993-08-26,21.8,31.1,13.3,0.0,1.043956043956044,0
1993-08-27,24.1,35.0,16.7,0.0,0.7604395604395603,1
1993-08-28,22.2,33.3,12.8,0.0,0.6434065934065935,0
1993-08-29,17.2,26.7,7.8,0.0,0.5835164835164836,0
1993-08-30,15.3,19.4,13.3,0.0,0.5835164835164836,0
1993-08-31,16.9,24.4,11.1,0.0,0.5835164835164836,0
1993-09-01,17.8,26.1,10.0,0.0,0.5192307692307693,1
1993-09-02,17.4,27.2,10.6,0.0,0.5192307692307693,0
1993-09-03,15.2,22.8,11.7,0.0,0.5192307692307693,0
1993-09-04,14.3,19.4,11.7,0.0,0.4912087912087912,0
1993-09-05,13.2,15.0,11.7,0.0,0.4912087912087912,0
1993-09-06,14.1,20.0,11.1,0.0,0.4912087912087912,0
1993-09-07,16.9,29.4,7.2,0.0,0.4912087912087912,1
1993-09-08,20.8,28.3,14.4,0.0,0.4912087912087912,0
1993-09-09,14.9,25.0,6.7,0.0,0.4912087912087912,0
1993-09-10,14.4,21.1,11.1,0.0,0.4912087912087912,0
1993-09-11,13.2,17.8,11.1,0.0,0.4912087912087912,0
1993-09-12,14.1,22.8,8.3,0.0,0.4912087912087912,0
1993-09-13,14.6,23.3,7.2,0.0,0.4912087912087912,0
1993-09-14,13.6,16.1,8.9,0.0,0.4912087912087912,0
1993-09-15,14.0,20.6,9.4,0.0,0.4912087912087912,0
1993-09-16,13.9,18.3,9.4,0.0,0.4912087912087912,0
1993-09-17,12.5,16.7,8.9,0.0,0.4912087912087912,0
1993-09-18,12.7,20.6,8.9,0.0,0.4912087912087912,0
1993-09-19,14.4,23.9,5.0,0.0,0.4912087912087912,0
1993-09-20,14.7,23.3,7.2,0.0,0.4912087912087912,0
1993-09-21,12.4,21.1,4.4,0.0,0.4912087912087912,0
1993-09-22,12.2,20.0,7.2,0.0,0.4912087912087912,0
1993-09-23,13.6,26.1,4.4,0.0,0.4912087912087912,0
1993-09-24,19.1,29.4,11.7,0.0,0.4912087912087912,0
1993-09-25,22.1,32.8,13.9,0.0,0.4912087912087912,0
1993-09-26,21.4,31.7,13.3,0.0,0.4912087912087912,0
1993-09-27,22.5,34.4,12.2,0.0,0.4912087912087912,0
1993-09-28,18.3,29.4,11.1,0.0,0.4912087912087912,0
1993-09-29,15.8,26.1,8.3,0.0,0.4912087912087912,0
1993-09-30,15.8,26.1,8.9,0.0,0.2401098901098901,0
1993-10-01,14.8,25.6,8.3,0.0,0.1478021978021978,0
1993-10-02,12.1,21.1,8.3,0.0,0.1313186813186813,0
1993-10-03,11.9,18.9,8.9,0.0,0.1087912087912088,0
1993-10-04,12.3,16.7,10.6,0.0,0.1087912087912088,0
1993-10-05,12.7,17.2,10.0,0.0,0.1087912087912088,0
1993-10-06,13.1,18.9,10.0,0.0,0.1087912087912088,0
1993-10-07,14.1,22.8,8.3,0.0,0.1087912087912088,0
1993-10-08,15.8,25.0,7.8,0.0,0.1087912087912088,0
1993-10-09,15.5,20.6,11.1,0.0,0.1087912087912088,0
1993-10-10,16.1,23.3,12.2,2.3,0.1214285714285714,0
1993-10-11,15.1,19.4,10.6,1.8,0.1313186813186813,0
1993-10-12,15.4,23.9,8.9,0.0,0.1313186813186813,0
1993-10-13,14.0,20.6,9.4,0.0,0.1313186813186813,0
1993-10-14,15.4,18.9,13.3,0.0,0.1313186813186813,0
1993-10-15,14.3,17.2,10.0,0.0,0.1313186813186813,0
1993-10-16,12.2,17.8,9.4,0.0,0.1313186813186813,0
1993-10-17,12.3,19.4,6.1,0.0,0.1313186813186813,0
1993-10-18,11.2,18.9,6.1,0.0,0.1313186813186813,0
1993-10-19,14.8,25.0,6.7,0.0,0.1313186813186813,0
1993-10-20,16.8,26.1,10.0,0.0,0.1313186813186813,0
1993-10-21,13.7,21.1,8.3,0.0,0.1313186813186813,0
1993-10-22,17.9,28.3,8.9,0.0,0.1313186813186813,0
1993-10-23,18.1,28.9,11.1,0.0,0.1313186813186813,0
1993-10-24,16.6,26.7,10.0,0.0,0.1313186813186813,0
1993-10-25,19.4,28.3,12.2,0.0,0.1313186813186813,0
1993-10-26,22.4,29.4,16.7,0.0,0.1313186813186813,0
1993-10-27,21.8,30.0,12.8,0.0,0.1313186813186813,1
1993-10-28,17.9,26.7,11.1,0.0,0.1313186813186813,0
1993-10-29,19.6,25.6,12.2,0.0,0.1313186813186813,0
1993-10-30,16.7,25.6,12.2,0.0,0.1313186813186813,0
1993-10-31,12.3,20.0,6.1,0.0,0.1313186813186813,0
1993-11-01,18.3,23.3,6.1,0.0,0.1313186813186813,0
1993-11-02,18.9,25.0,11.7,0.0,0.1313186813186813,0
1993-11-03,16.5,27.8,8.3,0.0,0.1313186813186813,0
1993-11-04,13.3,23.3,8.3,0.0,0.1313186813186813,0
1993-11-05,16.9,25.0,10.0,0.0,0.1313186813186813,0
1993-11-06,15.5,24.4,9.4,0.0,0.1313186813186813,0
1993-11-07,13.2,22.2,7.8,0.0,0.1313186813186813,0
1993-11-08,11.4,21.1,5.0,0.0,0.1313186813186813,0
1993-11-09,9.9,17.8,4.4,0.0,0.1313186813186813,0
1993-11-10,11.1,15.6,8.3,0.0,0.1313186813186813,0
1993-11-11,9.8,13.3,7.8,4.3,0.1549450549450549,0
1993-11-12,8.5,14.4,3.9,0.5,0.1576923076923077,0
1993-11-13,9.7,17.2,3.3,0.0,0.1576923076923077,0
1993-11-14,11.7,15.6,7.8,0.0,0.1576923076923077,0
1993-11-15,10.5,20.0,3.9,0.0,0.1576923076923077,0
1993-11-16,10.6,18.9,3.9,0.0,0.1576923076923077,0
1993-11-17,10.4,16.1,5.6,0.0,0.1576923076923077,0
1993-11-18,11.8,16.1,7.2,0.0,0.1576923076923077,0
1993-11-19,13.0,18.3,9.4,0.0,0.1576923076923077,0
1993-11-20,12.1,22.2,6.7,0.0,0.1549450549450549,0
1993-11-21,11.1,16.1,7.2,0.0,0.1549450549450549,0
1993-11-22,9.2,15.6,3.9,0.0,0.1549450549450549,0
1993-11-23,6.0,12.2,0.6,0.0,0.1549450549450549,0
1993-11-24,8.1,13.3,2.8,0.0,0.1549450549450549,0
1993-11-25,10.1,17.8,3.3,0.0,0.1549450549450549,0
1993-11-26,12.3,22.8,6.7,0.0,0.1549450549450549,0
1993-11-27,14.6,20.0,8.3,0.0,0.1549450549450549,0
1993-11-28,12.8,16.7,7.8,0.0,0.1549450549450549,0
1993-11-29,11.6,13.3,9.4,1.8,0.1648351648351648,0
1993-11-30,8.7,15.0,3.3,10.2,0.2208791208791209,0
1993-12-01,10.3,17.2,3.3,0.0,0.2208791208791209,0
1993-12-02,14.3,18.9,9.4,0.0,0.2208791208791209,0
1993-12-03,13.8,20.0,6.7,0.0,0.2208791208791209,0
1993-12-04,9.4,15.0,5.0,0.0,0.2208791208791209,0
1993-12-05,7.6,15.6,2.2,0.0,0.2208791208791209,0
1993-12-06,7.5,15.0,3.3,0.0,0.2208791208791209,0
1993-12-07,10.1,15.6,4.4,0.0,0.2208791208791209,0
1993-12-08,12.4,12.8,11.7,0.0,0.2208791208791209,0
1993-12-09,13.2,15.6,11.1,0.0,0.2208791208791209,0
1993-12-10,12.5,13.3,11.7,0.0,0.2208791208791209,0
1993-12-11,9.0,12.2,6.1,8.4,0.160989010989011,0
1993-12-12,6.9,12.2,3.3,0.0,0.160989010989011,0
1993-12-13,8.4,13.9,3.9,0.0,0.160989010989011,0
1993-12-14,7.6,11.1,3.3,8.6,0.2082417582417582,0
1993-12-15,5.6,12.2,1.7,0.0,0.2082417582417582,0
1993-12-16,5.5,12.2,1.1,0.0,0.2082417582417582,0
1993-12-17,6.1,12.8,1.7,0.0,0.2082417582417582,0
1993-12-18,7.7,12.2,5.0,1.0,0.2137362637362637,0
1993-12-19,8.2,15.0,2.2,1.8,0.2236263736263736,0
1993-12-20,8.0,16.1,2.2,0.0,0.2236263736263736,0
1993-12-21,5.9,13.3,1.1,0.0,0.2236263736263736,0
1993-12-22,7.9,15.6,1.1,0.0,0.2236263736263736,0
1993-12-23,9.4,13.3,7.8,0.0,0.2236263736263736,0
1993-12-24,12.6,21.7,6.1,0.0,0.2236263736263736,0
1993-12-25,12.7,17.2,7.8,0.0,0.2236263736263736,0
1993-12-26,10.9,14.4,7.8,0.0,0.2236263736263736,0
1993-12-27,8.7,15.6,4.4,0.0,0.2236263736263736,0
1993-12-28,9.0,17.2,3.9,0.0,0.2236263736263736,0
1993-12-29,11.2,19.4,6.1,0.0,0.2236263736263736,0
1993-12-30,11.1,18.3,6.7,0.0,0.2236263736263736,0
1993-12-31,8.9,14.4,5.6,0.0,0.2236263736263736,0
1994-01-01,10.7,17.8,4.4,0.0,0.2236263736263736,0
1994-01-02,11.4,19.4,6.7,0.0,0.2236263736263736,0
1994-01-03,11.6,19.4,7.2,0.0,0.2236263736263736,0
1994-01-04,10.5,12.8,8.9,0.0,0.2236263736263736,0
1994-01-05,8.9,14.4,5.0,0.0,0.2236263736263736,0
1994-01-06,8.9,13.3,4.4,0.0,0.2236263736263736,0
1994-01-07,7.3,16.1,2.8,0.0,0.2236263736263736,0
1994-01-08,7.5,11.1,2.8,0.0,0.2236263736263736,0
1994-01-09,8.2,13.9,3.9,0.0,0.2236263736263736,0
1994-01-10,9.0,16.1,2.2,0.0,0.2236263736263736,0
1994-01-11,8.2,14.4,1.1,0.0,0.2236263736263736,0
1994-01-12,10.9,17.8,5.6,0.0,0.2236263736263736,0
1994-01-13,12.2,21.1,6.7,0.0,0.2236263736263736,0
1994-01-14,12.1,18.9,7.8,0.0,0.2236263736263736,0
1994-01-15,10.8,19.4,4.4,0.0,0.2236263736263736,0
1994-01-16,15.4,21.7,6.1,0.0,0.2236263736263736,0
1994-01-17,15.2,25.6,9.4,0.0,0.2236263736263736,0
1994-01-18,15.7,26.1,9.4,0.0,0.2236263736263736,0
1994-01-19,14.2,25.0,5.6,0.0,0.2236263736263736,0
1994-01-20,7.8,16.7,2.2,0.0,0.2236263736263736,0
1994-01-21,11.7,20.0,6.1,0.0,0.2236263736263736,0
1994-01-22,12.3,19.4,7.2,0.0,0.2236263736263736,0
1994-01-23,10.0,12.2,8.3,0.0,0.2236263736263736,0
1994-01-24,7.4,10.0,3.9,7.4,0.2642857142857143,0
1994-01-25,7.1,10.0,4.4,1.0,0.2697802197802197,0
1994-01-26,7.2,12.2,3.3,0.0,0.2697802197802197,0
1994-01-27,7.3,13.3,1.7,0.0,0.2697802197802197,0
1994-01-28,7.2,12.2,1.1,0.0,0.2697802197802197,0
1994-01-29,8.6,16.7,1.7,0.0,0.2697802197802197,0
1994-01-30,9.4,17.2,1.7,0.0,0.2697802197802197,0
1994-01-31,9.3,15.6,3.9,0.0,0.2697802197802197,0
1994-02-01,9.1,16.7,3.3,0.0,0.2697802197802197,0
1994-02-02,7.6,14.4,3.3,0.0,0.2697802197802197,0
1994-02-03,9.4,16.1,5.0,2.5,0.2835164835164835,0
1994-02-04,8.5,16.1,2.8,15.0,0.3659340659340659,0
1994-02-05,8.7,12.2,3.9,0.0,0.3659340659340659,0
1994-02-06,9.3,10.0,8.3,2.0,0.3769230769230769,0
1994-02-07,9.3,12.8,7.2,15.5,0.462087912087912,0
1994-02-08,7.2,13.3,2.2,1.5,0.4703296703296703,0
1994-02-09,6.8,15.6,2.2,0.0,0.4703296703296703,0
1994-02-10,7.4,10.0,3.9,0.0,0.4703296703296703,0
1994-02-11,7.0,12.2,2.2,0.0,0.4703296703296703,0
1994-02-12,6.9,15.0,2.2,0.0,0.4703296703296703,0
1994-02-13,8.1,16.7,1.1,0.0,0.4703296703296703,0
1994-02-14,8.0,17.8,-0.6,0.0,0.4703296703296703,0
1994-02-15,9.1,16.7,1.7,0.0,0.4703296703296703,0
1994-02-16,11.2,16.7,8.3,0.0,0.4703296703296703,0
1994-02-17,7.2,10.6,4.4,19.6,0.5780219780219781,0
1994-02-18,4.3,10.0,1.7,0.0,0.5780219780219781,0
1994-02-19,4.2,7.2,1.1,0.0,0.5780219780219781,0
1994-02-20,6.1,11.1,2.2,25.4,0.7175824175824176,0
1994-02-21,6.8,11.7,2.2,0.0,0.7175824175824176,0
1994-02-22,6.4,12.8,1.1,0.0,0.7175824175824176,0
1994-02-23,7.3,16.1,1.1,0.0,0.7175824175824176,0
1994-02-24,9.3,17.2,1.7,0.0,0.7175824175824176,0
1994-02-25,7.9,13.3,3.9,0.0,0.7175824175824176,0
1994-02-26,9.8,12.2,7.8,0.0,0.7175824175824176,0
1994-02-27,10.1,13.3,6.7,0.0,0.7175824175824176,0
1994-02-28,12.2,21.1,7.2,0.0,0.7175824175824176,0
1994-03-01,13.6,21.7,7.8,0.0,0.7175824175824176,0
1994-03-02,15.0,25.0,8.3,0.0,0.7175824175824176,0
1994-03-03,12.4,20.0,8.3,0.0,0.7175824175824176,0
1994-03-04,13.1,20.6,8.3,0.0,0.7175824175824176,0
1994-03-05,10.5,12.2,7.8,0.0,0.7175824175824176,0
1994-03-06,11.4,18.9,6.7,0.5,0.7203296703296703,0
1994-03-07,13.4,22.2,6.7,3.8,0.7412087912087912,0
1994-03-08,10.9,18.9,3.9,0.0,0.7412087912087912,0
1994-03-09,9.7,17.8,5.0,0.0,0.7412087912087912,0
1994-03-10,9.4,14.4,3.9,0.0,0.7412087912087912,0
1994-03-11,11.7,17.8,6.1,0.0,0.7412087912087912,0
1994-03-12,17.0,21.7,11.1,0.0,0.7412087912087912,0
1994-03-13,16.3,24.4,8.3,0.0,0.7412087912087912,0
1994-03-14,12.4,24.4,5.6,0.0,0.7412087912087912,0
1994-03-15,10.7,17.8,5.0,0.0,0.7412087912087912,0
1994-03-16,9.8,13.3,2.2,0.0,0.7412087912087912,0
1994-03-17,9.2,18.9,2.2,0.0,0.7412087912087912,0
1994-03-18,10.1,15.6,6.7,0.0,0.7412087912087912,0
1994-03-19,8.5,13.9,2.8,23.4,0.8697802197802198,0
1994-03-20,8.2,15.6,2.2,0.0,0.8697802197802198,0
1994-03-21,9.5,14.4,6.1,0.0,0.8697802197802198,0
1994-03-22,5.6,8.9,1.1,0.0,0.8697802197802198,0
1994-03-23,6.9,12.2,0.0,0.0,0.8697802197802198,0
1994-03-24,7.8,12.2,5.0,19.6,0.9774725274725276,0
1994-03-25,8.1,14.4,2.8,0.0,0.9774725274725276,0
1994-03-26,11.1,16.1,6.7,0.0,0.9774725274725276,0
1994-03-27,9.9,20.6,3.9,0.0,0.9774725274725276,0
1994-03-28,11.4,20.0,5.6,0.0,0.9774725274725276,0
1994-03-29,11.1,17.8,3.9,0.0,0.9774725274725276,0
1994-03-30,10.4,15.6,5.6,0.0,0.9774725274725276,0
1994-03-31,10.7,19.4,3.3,0.0,0.9774725274725276,0
1994-04-01,12.2,23.3,3.3,0.0,0.9774725274725276,0
1994-04-02,10.3,15.6,6.1,0.0,0.9774725274725276,0
1994-04-03,9.2,11.1,7.2,0.0,0.9774725274725276,0
1994-04-04,10.9,21.1,4.4,0.0,0.9774725274725276,0
1994-04-05,9.6,17.2,2.8,0.0,0.9774725274725276,0
1994-04-06,9.7,14.4,5.6,0.0,0.9774725274725276,0
1994-04-07,9.0,14.4,3.3,0.0,0.9774725274725276,0
1994-04-08,9.0,12.8,5.0,0.0,0.9774725274725276,0
1994-04-09,9.8,12.8,6.1,1.8,0.9873626373626372,0
1994-04-10,10.1,17.8,3.3,0.0,0.9747252747252746,0
1994-04-11,8.4,18.3,4.4,0.0,0.9648351648351648,0
1994-04-12,12.4,23.3,5.0,0.0,0.9648351648351648,0
1994-04-13,9.2,16.7,3.3,0.0,0.9648351648351648,0
1994-04-14,13.0,20.6,6.7,0.0,0.9648351648351648,0
1994-04-15,14.1,23.9,8.9,0.0,0.9648351648351648,0
1994-04-16,12.7,18.3,10.0,0.0,0.9648351648351648,0
1994-04-17,12.2,20.0,7.2,0.0,0.9648351648351648,0
1994-04-18,12.8,21.7,6.7,0.0,0.9648351648351648,0
1994-04-19,10.4,16.7,4.4,0.0,0.9648351648351648,0
1994-04-20,11.1,16.7,6.7,0.0,0.9648351648351648,0
1994-04-21,10.1,14.4,5.0,0.0,0.9648351648351648,0
1994-04-22,11.2,14.4,7.8,0.0,0.9648351648351648,0
1994-04-23,8.2,10.0,6.1,0.0,0.9648351648351648,0
1994-04-24,9.2,12.8,6.7,0.3,0.9664835164835164,0
1994-04-25,8.8,12.2,7.2,12.2,1.0335164835164834,0
1994-04-26,10.2,14.4,6.1,2.5,1.0472527472527473,0
1994-04-27,9.8,15.6,6.7,4.3,1.0708791208791208,1
1994-04-28,11.0,17.8,3.9,0.0,1.0708791208791208,0
1994-04-29,10.0,13.3,7.8,0.0,1.0708791208791208,0
1994-04-30,10.2,14.4,8.3,0.0,1.0708791208791208,0
1994-05-01,9.0,11.7,7.8,0.0,1.0708791208791208,0
1994-05-02,11.4,16.1,6.7,0.0,1.0708791208791208,0
1994-05-03,12.5,17.8,7.2,0.0,1.0708791208791208,0
1994-05-04,13.0,20.0,6.7,0.0,1.0708791208791208,0
1994-05-05,12.2,16.7,7.8,0.0,1.0708791208791208,0
1994-05-06,9.9,12.2,7.2,1.5,1.079120879120879,0
1994-05-07,11.7,16.1,9.4,0.3,1.080769230769231,0
1994-05-08,11.3,15.6,8.3,4.1,1.1032967032967034,0
1994-05-09,11.7,17.2,9.4,0.0,1.1032967032967034,0
1994-05-10,12.4,21.1,7.8,0.0,1.1032967032967034,0
1994-05-11,11.2,16.1,7.8,0.0,1.1032967032967034,0
1994-05-12,10.9,15.0,8.9,0.0,1.0796703296703296,0
1994-05-13,11.4,17.8,5.0,0.0,1.0769230769230769,0
1994-05-14,10.8,16.1,3.9,0.0,1.0769230769230769,0
1994-05-15,12.3,16.7,8.9,0.0,1.0769230769230769,0
1994-05-16,10.8,15.0,8.3,0.0,1.0769230769230769,0
1994-05-17,10.4,16.1,7.8,1.3,1.084065934065934,0
1994-05-18,10.6,15.6,6.7,0.0,1.084065934065934,0
1994-05-19,10.4,13.3,8.3,0.0,1.084065934065934,0
1994-05-20,11.8,16.7,8.3,0.0,1.084065934065934,0
1994-05-21,11.2,16.1,5.0,0.0,1.084065934065934,0
1994-05-22,12.5,18.3,6.1,0.0,1.084065934065934,0
1994-05-23,13.7,21.7,4.4,0.0,1.084065934065934,0
1994-05-24,11.7,16.7,8.3,0.0,1.084065934065934,0
1994-05-25,11.3,17.2,9.4,0.0,1.084065934065934,0
1994-05-26,9.5,11.1,8.9,0.0,1.084065934065934,0
1994-05-27,11.9,18.3,7.8,0.0,1.084065934065934,0
1994-05-28,11.8,18.9,6.1,0.0,1.084065934065934,0
1994-05-29,15.1,25.6,5.6,0.0,1.084065934065934,0
1994-05-30,18.6,27.2,11.1,0.0,1.074175824175824,0
1994-05-31,14.1,20.6,7.8,0.0,1.018131868131868,0
1994-06-01,13.2,20.6,6.1,0.0,1.018131868131868,0
1994-06-02,10.5,17.2,4.4,0.0,1.018131868131868,0
1994-06-03,12.1,18.9,5.0,0.0,1.018131868131868,0
1994-06-04,13.7,21.7,6.7,0.0,1.018131868131868,0
1994-06-05,13.7,18.3,9.4,0.0,1.018131868131868,0
1994-06-06,12.5,17.2,8.3,0.0,1.018131868131868,0
1994-06-07,12.3,19.4,4.4,0.0,1.018131868131868,0
1994-06-08,13.9,23.3,5.6,0.0,1.018131868131868,0
1994-06-09,23.2,32.8,10.6,0.0,1.018131868131868,0
1994-06-10,23.8,35.0,11.1,0.0,1.018131868131868,0
1994-06-11,14.8,21.7,9.4,0.0,0.971978021978022,0
1994-06-12,12.3,18.9,9.4,0.0,0.971978021978022,0
1994-06-13,13.3,19.4,8.9,0.0,0.971978021978022,0
1994-06-14,9.3,15.6,7.2,0.0,0.9247252747252748,0
1994-06-23,13.4,21.1,5.6,0.0,0.9247252747252748,0
1994-06-24,12.4,21.7,5.0,0.0,0.9247252747252748,0
1994-06-25,12.1,20.0,5.0,0.0,0.9247252747252748,0
1994-06-26,17.6,30.0,5.0,0.0,0.9192307692307692,0
1994-06-27,17.4,25.0,10.0,0.0,0.9093406593406592,0
1994-06-28,15.4,26.7,8.3,0.0,0.9093406593406592,0
1994-06-29,13.8,22.2,8.3,0.0,0.9093406593406592,0
1994-06-30,12.7,21.1,7.8,0.0,0.9093406593406592,0
1994-07-01,13.2,21.1,6.7,0.0,0.9093406593406592,0
1994-07-02,14.1,20.6,9.4,0.0,0.9093406593406592,0
1994-07-03,13.9,20.6,9.4,0.0,0.9093406593406592,0
1994-07-04,12.3,19.4,9.4,0.0,0.9093406593406592,0
1994-07-05,14.1,21.1,8.3,0.0,0.9093406593406592,0
1994-07-06,15.2,23.9,7.2,0.0,0.9093406593406592,0
1994-07-07,14.9,25.6,6.7,0.0,0.9093406593406592,0
1994-07-08,15.8,25.0,7.2,0.0,0.9093406593406592,0
1994-07-09,15.4,25.6,7.2,0.0,0.9093406593406592,0
1994-07-10,14.2,22.8,7.8,0.0,0.9093406593406592,0
1994-07-11,14.1,21.1,9.4,0.0,0.9093406593406592,0
1994-07-12,12.7,20.6,7.8,0.0,0.9093406593406592,0
1994-07-13,12.8,21.1,7.2,0.0,0.9093406593406592,0
1994-07-14,13.6,22.2,7.8,0.0,0.9093406593406592,0
1994-07-15,13.2,21.1,8.3,0.0,0.9093406593406592,0
1994-07-16,15.3,23.9,8.9,0.0,0.9093406593406592,0
1994-07-17,15.4,25.0,7.8,0.0,0.9093406593406592,0
1994-07-18,15.2,24.4,8.3,0.0,0.9093406593406592,0
1994-07-19,15.8,23.3,11.1,0.0,0.9093406593406592,0
1994-07-20,14.3,21.1,11.1,0.0,0.9093406593406592,0
1994-07-21,14.8,21.7,11.7,0.0,0.9093406593406592,0
1994-07-22,14.7,21.7,12.2,0.0,0.9093406593406592,0
1994-07-23,15.2,20.6,9.4,0.0,0.9093406593406592,1
1994-07-24,15.8,22.2,9.4,0.0,0.9093406593406592,0
1994-07-25,16.7,28.9,7.2,0.0,0.9093406593406592,0
1994-07-26,14.8,24.4,8.9,0.0,0.9093406593406592,0
1994-07-27,13.1,19.4,10.0,0.0,0.9093406593406592,0
1994-07-28,12.7,17.8,10.6,0.0,0.9093406593406592,0
1994-07-29,14.4,21.1,9.4,0.0,0.9093406593406592,0
1994-07-30,13.6,20.0,11.1,0.0,0.9093406593406592,0
1994-07-31,12.9,18.3,10.6,0.0,0.9093406593406592,0
1994-08-01,12.9,16.7,11.1,0.0,0.9093406593406592,0
1994-08-02,15.0,21.7,11.1,0.0,0.8686813186813187,0
1994-08-03,14.9,23.3,7.8,0.0,0.8631868131868131,0
1994-08-04,14.5,20.6,8.9,0.0,0.8631868131868131,0
1994-08-05,15.6,25.6,6.7,0.0,0.8631868131868131,0
1994-08-06,19.8,32.2,8.9,0.0,0.8631868131868131,0
1994-08-07,15.1,23.9,7.8,0.0,0.8631868131868131,0
1994-08-08,14.2,21.7,7.2,0.0,0.8631868131868131,0
1994-08-09,13.8,23.3,6.1,0.0,0.8631868131868131,0
1994-08-10,14.7,22.8,8.3,0.0,0.8631868131868131,0
1994-08-11,14.9,26.1,6.7,0.0,0.8631868131868131,0
1994-08-12,17.2,26.7,7.8,0.0,0.8494505494505494,0
1994-08-13,18.9,29.4,7.8,0.0,0.767032967032967,0
1994-08-14,22.1,31.7,13.9,0.0,0.767032967032967,0
1994-08-15,19.8,31.7,8.3,0.0,0.756043956043956,0
1994-08-16,17.7,30.0,7.8,0.0,0.6708791208791209,0
1994-08-17,15.9,25.0,7.8,0.0,0.6626373626373627,0
1994-08-18,14.9,23.9,8.9,0.0,0.6626373626373627,0
1994-08-19,14.9,23.3,7.8,0.0,0.6626373626373627,0
1994-08-20,15.5,22.2,10.6,0.0,0.6626373626373627,0
1994-08-21,15.0,19.4,11.7,0.0,0.6626373626373627,0
1994-08-22,15.1,21.7,7.8,0.0,0.6626373626373627,0
1994-08-23,14.7,22.2,7.8,0.0,0.6626373626373627,0
1994-08-24,15.9,24.4,9.4,0.0,0.6626373626373627,0
1994-08-25,13.2,20.6,6.7,0.0,0.6626373626373627,0
1994-08-26,14.6,23.9,7.2,0.0,0.554945054945055,0
1994-08-27,13.4,22.2,6.7,0.0,0.554945054945055,0
1994-08-28,15.9,23.3,7.8,0.0,0.554945054945055,0
1994-08-29,16.4,25.0,10.0,0.0,0.4153846153846154,0
1994-08-30,15.1,22.8,10.0,0.0,0.4153846153846154,0
1994-08-31,14.9,22.2,10.0,0.0,0.4153846153846154,0
1994-09-01,14.6,21.1,10.0,0.0,0.4153846153846154,0
1994-09-02,14.2,18.3,11.1,0.0,0.4153846153846154,0
1994-09-03,15.7,22.2,9.4,0.0,0.4153846153846154,0
1994-09-04,17.6,28.3,9.4,0.0,0.4153846153846154,0
1994-09-05,17.0,26.1,9.4,0.0,0.4153846153846154,0
1994-09-06,14.6,24.4,8.3,0.0,0.4153846153846154,0
1994-09-07,12.8,22.8,5.6,0.0,0.4153846153846154,0
1994-09-08,14.9,22.8,6.7,0.0,0.4153846153846154,0
1994-09-09,13.8,21.1,7.2,0.0,0.4153846153846154,0
1994-09-10,14.1,20.0,9.4,0.0,0.4153846153846154,0
1994-09-11,14.5,17.8,12.2,0.0,0.4153846153846154,0
1994-09-12,13.8,21.1,9.4,0.0,0.4126373626373626,0
1994-09-13,14.1,20.6,9.4,0.0,0.3917582417582418,0
1994-09-14,15.2,25.0,5.6,0.0,0.3917582417582418,0
1994-09-15,21.2,33.3,12.2,0.0,0.3917582417582418,0
1994-09-16,20.3,31.7,9.4,0.0,0.3917582417582418,0
1994-09-17,14.2,22.2,7.8,0.0,0.3917582417582418,0
1994-09-18,15.1,23.3,8.9,0.0,0.3917582417582418,0
1994-09-19,14.1,23.9,6.7,0.0,0.3917582417582418,0
1994-09-20,15.1,25.0,8.9,0.0,0.3917582417582418,0
1994-09-21,15.2,24.4,8.9,0.0,0.3917582417582418,0
1994-09-22,15.6,22.8,9.4,0.0,0.3917582417582418,0
1994-09-23,17.9,26.7,13.3,0.0,0.3917582417582418,0
1994-09-24,16.7,25.6,11.7,0.0,0.3917582417582418,0
1994-09-25,15.6,23.3,10.6,0.0,0.2631868131868132,0
1994-09-26,14.6,22.8,8.9,0.0,0.2631868131868132,0
1994-09-27,16.1,23.3,11.1,0.0,0.2631868131868132,0
1994-09-28,14.6,21.7,9.4,0.0,0.2631868131868132,0
1994-09-29,15.6,23.9,8.9,0.0,0.2631868131868132,0
1994-09-30,14.9,25.0,8.9,0.0,0.1554945054945055,0
1994-10-01,16.4,26.1,7.2,0.0,0.1554945054945055,0
1994-10-02,16.1,25.0,8.9,0.0,0.1554945054945055,0
1994-10-03,14.2,19.4,10.0,0.0,0.1554945054945055,0
1994-10-04,13.1,16.7,9.4,3.0,0.1719780219780219,0
1994-10-05,12.9,20.0,7.2,0.3,0.1736263736263736,0
1994-10-06,13.0,22.2,6.7,0.0,0.1736263736263736,0
1994-10-07,17.0,26.7,8.3,0.0,0.1736263736263736,0
1994-10-08,21.1,32.8,11.7,0.0,0.1736263736263736,0
1994-10-09,19.8,29.4,10.6,0.0,0.1736263736263736,0
1994-10-10,12.8,21.1,7.8,0.0,0.1736263736263736,0
1994-10-11,12.7,20.6,7.8,0.0,0.1736263736263736,0
1994-10-12,11.3,17.2,6.7,0.0,0.1736263736263736,0
1994-10-13,10.6,18.9,5.6,0.0,0.1736263736263736,0
1994-10-14,10.6,16.1,6.1,1.0,0.1791208791208791,0
1994-10-15,11.6,18.3,4.4,0.3,0.1807692307692307,0
1994-10-16,13.3,20.6,6.1,0.0,0.1708791208791208,0
1994-10-17,12.6,21.7,6.1,0.0,0.1708791208791208,0
1994-10-18,12.8,23.3,5.0,0.0,0.1708791208791208,0
1994-10-19,9.4,19.4,3.3,0.0,0.1708791208791208,0
1994-10-20,9.9,21.7,2.8,0.0,0.1708791208791208,0
1994-10-21,14.8,25.0,7.2,0.0,0.1708791208791208,0
1994-10-22,17.1,28.3,10.0,0.0,0.1708791208791208,0
1994-10-23,15.9,25.6,10.0,0.0,0.1708791208791208,0
1994-10-24,12.4,20.6,6.7,0.3,0.1725274725274725,0
1994-10-25,10.9,17.2,6.7,0.0,0.1725274725274725,0
1994-10-26,12.9,23.3,6.1,0.0,0.1725274725274725,0
1994-10-27,14.0,23.3,8.9,0.0,0.1725274725274725,0
1994-10-28,12.4,18.3,7.8,0.0,0.1725274725274725,0
1994-10-29,10.0,17.2,3.9,0.0,0.1725274725274725,0
1994-10-30,11.6,23.3,3.3,0.0,0.1725274725274725,0
1994-10-31,15.3,26.1,7.2,0.0,0.1708791208791208,0
1994-11-01,10.1,16.7,6.1,0.0,0.1038461538461538,0
1994-11-02,6.3,13.9,1.1,0.0,0.0901098901098901,0
1994-11-03,3.2,8.3,1.1,0.0,0.0664835164835165,0
1994-11-04,9.2,16.1,1.1,0.0,0.0664835164835165,0
1994-11-05,11.0,13.3,8.3,0.0,0.0664835164835165,0
1994-11-06,11.1,12.8,10.0,0.0,0.0664835164835165,0
1994-11-07,9.6,15.6,5.0,0.0,0.0664835164835165,0
1994-11-08,8.1,16.1,2.8,3.6,0.0862637362637362,0
1994-11-09,8.0,10.0,5.6,0.0,0.0862637362637362,0
1994-11-10,6.7,12.2,1.7,7.9,0.1296703296703296,0
1994-11-11,6.7,14.4,1.1,0.0,0.1296703296703296,0
1994-11-12,6.9,12.2,3.3,0.0,0.1214285714285714,0
1994-11-13,7.2,13.9,2.2,0.0,0.1197802197802197,0
1994-11-14,8.8,17.2,2.8,0.0,0.0972527472527472,0
1994-11-15,7.3,9.4,2.8,0.0,0.0972527472527472,0
1994-11-16,6.4,12.2,2.2,0.0,0.0972527472527472,0
1994-11-17,7.4,10.0,1.7,0.0,0.0972527472527472,0
1994-11-18,3.8,10.0,-1.1,0.0,0.0972527472527472,0
1994-11-19,6.2,13.3,0.0,0.0,0.0972527472527472,0
1994-11-20,7.7,15.0,0.0,0.0,0.0972527472527472,0
1994-11-21,6.3,12.8,2.2,0.0,0.0972527472527472,0
1994-11-22,9.3,18.3,2.8,0.0,0.0972527472527472,0
1994-11-23,9.2,18.9,3.3,0.0,0.0901098901098901,0
1994-11-24,9.8,15.6,4.4,0.0,0.0901098901098901,0
1994-11-25,8.2,11.1,5.0,0.3,0.0917582417582417,0
1994-11-26,4.7,11.1,0.0,3.8,0.1126373626373626,0
1994-11-27,6.0,8.9,1.1,0.0,0.1126373626373626,0
1994-11-28,7.3,11.7,5.6,0.0,0.1126373626373626,0
1994-11-29,9.1,17.8,3.9,0.0,0.1126373626373626,0
1994-11-30,11.9,21.1,5.0,0.0,0.1126373626373626,0
1994-12-01,11.1,17.2,7.2,0.0,0.1126373626373626,0
1994-12-02,9.6,12.8,7.8,0.0,0.1126373626373626,0
1994-12-03,9.7,10.6,8.3,0.0,0.1126373626373626,0
1994-12-04,6.1,8.9,2.8,0.0,0.1126373626373626,0
1994-12-05,3.9,8.3,0.6,0.0,0.1126373626373626,0
1994-12-06,5.8,12.8,1.1,0.0,0.1126373626373626,0
1994-12-07,5.7,11.7,0.0,0.0,0.1126373626373626,0
1994-12-08,5.4,12.8,-0.6,0.0,0.1126373626373626,0
1994-12-09,5.9,13.3,1.1,0.0,0.1126373626373626,0
1994-12-10,6.1,12.8,0.0,0.0,0.1126373626373626,0
1994-12-11,7.6,12.8,3.3,0.0,0.1126373626373626,0
1994-12-12,6.8,10.0,3.9,4.3,0.1362637362637362,0
1994-12-13,6.0,11.1,2.8,3.0,0.1527472527472527,0
1994-12-14,7.1,10.0,3.9,0.0,0.1527472527472527,0
1994-12-15,6.2,13.3,2.8,0.0,0.1527472527472527,0
1994-12-16,7.8,16.1,1.7,0.0,0.1527472527472527,0
1994-12-17,9.8,18.9,5.0,0.0,0.1527472527472527,0
1994-12-18,9.7,15.6,5.6,0.0,0.1527472527472527,0
1994-12-19,9.3,17.8,4.4,0.0,0.1527472527472527,0
1994-12-20,9.4,20.0,4.4,0.0,0.1527472527472527,0
1994-12-21,11.1,20.6,6.7,0.0,0.1527472527472527,0
1994-12-22,11.9,22.2,6.1,0.0,0.1527472527472527,0
1994-12-23,12.0,19.4,6.7,0.0,0.1527472527472527,0
1994-12-24,8.2,10.0,4.4,26.7,0.2994505494505494,0
1994-12-25,6.8,14.4,1.1,0.0,0.2994505494505494,0
1994-12-26,8.1,14.4,4.4,0.0,0.2994505494505494,0
1994-12-27,9.3,12.8,6.1,0.0,0.2994505494505494,0
1994-12-28,6.3,11.7,3.9,0.3,0.3010989010989011,0
1994-12-29,5.0,12.8,0.0,0.0,0.3010989010989011,0
1994-12-30,5.9,11.7,-0.6,0.0,0.3010989010989011,0
1994-12-31,7.1,8.3,6.1,0.0,0.3010989010989011,0
1995-01-01,9.0,15.6,5.0,0.0,0.3010989010989011,0
1995-01-02,9.8,13.9,5.6,0.0,0.3010989010989011,0
1995-01-03,9.2,11.7,8.3,11.4,0.3637362637362638,0
1995-01-04,8.7,10.6,7.8,82.3,0.8159340659340659,0
1995-01-05,8.7,10.6,7.2,0.0,0.8159340659340659,0
1995-01-06,7.9,10.0,5.6,0.0,0.8159340659340659,0
1995-01-07,11.3,12.8,8.9,28.4,0.971978021978022,0
1995-01-08,12.2,13.9,11.1,16.5,1.0626373626373626,0
1995-01-09,13.3,14.4,11.7,1.3,1.0697802197802198,0
1995-01-10,12.0,13.3,10.0,83.8,1.53021978021978,0
1995-01-11,10.9,13.9,9.4,6.4,1.5653846153846152,0
1995-01-12,11.7,13.3,10.0,9.4,1.617032967032967,0
1995-01-13,13.0,13.9,11.1,0.0,1.617032967032967,0
1995-01-14,10.8,12.8,7.8,4.3,1.6406593406593408,0
1995-01-15,7.2,8.9,5.6,0.3,1.6423076923076922,0
1995-01-16,5.9,10.0,2.2,0.0,1.6423076923076922,0
1995-01-17,5.2,12.2,0.6,0.0,1.6423076923076922,0
1995-01-18,6.4,14.4,1.7,0.0,1.6423076923076922,0
1995-01-19,8.4,17.2,2.2,0.0,1.6423076923076922,0
1995-01-20,7.9,9.4,6.7,1.3,1.6494505494505494,0
1995-01-21,7.9,10.0,6.1,0.3,1.651098901098901,0
1995-01-22,9.0,11.1,7.8,0.8,1.6554945054945056,0
1995-01-23,9.7,11.7,8.9,26.7,1.8021978021978025,0
1995-01-24,9.3,12.8,6.7,22.1,1.9236263736263737,0
1995-01-25,9.1,12.2,6.1,23.9,2.0549450549450547,0
1995-01-26,9.5,11.1,7.8,0.0,2.0549450549450547,0
1995-01-27,11.5,12.2,10.6,0.0,2.0549450549450547,0
1995-01-28,12.7,16.7,9.4,0.0,2.0549450549450547,0
1995-01-29,11.6,16.7,8.9,0.0,2.0549450549450547,0
1995-01-30,13.4,17.8,10.6,0.0,2.0549450549450547,0
1995-01-31,14.9,23.3,11.1,0.0,2.0549450549450547,0
1995-02-01,16.4,23.9,10.6,0.0,2.0549450549450547,0
1995-02-02,17.4,23.9,13.3,0.0,2.0549450549450547,0
1995-02-03,17.1,27.8,11.1,0.0,2.0549450549450547,0
1995-02-04,10.2,17.2,6.7,0.0,2.0549450549450547,0
1995-02-05,9.6,14.4,6.7,0.0,2.0549450549450547,0
1995-02-06,10.2,15.0,6.1,0.0,2.0549450549450547,0
1995-02-07,9.9,14.4,6.1,0.0,2.0549450549450547,0
1995-02-08,9.8,13.9,7.2,4.6,2.0802197802197804,0
1995-02-09,9.4,17.8,4.4,0.0,2.0802197802197804,0
1995-02-10,9.3,17.8,3.3,0.0,2.0802197802197804,0
1995-02-11,8.2,10.0,6.7,0.0,2.0802197802197804,0
1995-02-12,8.8,11.7,5.0,0.0,2.0802197802197804,0
1995-02-13,8.4,10.6,5.0,7.6,2.121978021978022,0
1995-02-14,5.9,11.1,0.0,20.6,2.235164835164835,0
1995-02-15,6.4,14.4,-0.6,0.0,2.235164835164835,0
1995-02-16,6.9,15.6,1.7,0.0,2.235164835164835,0
1995-02-17,9.1,18.9,2.2,0.0,2.235164835164835,0
1995-02-18,12.6,20.6,6.7,0.0,2.235164835164835,0
1995-02-19,16.7,22.2,9.4,0.0,2.235164835164835,0
1995-02-20,18.6,29.4,11.1,0.0,2.235164835164835,0
1995-02-21,15.7,25.6,7.8,0.0,2.235164835164835,0
1995-02-22,10.7,17.8,5.6,0.0,2.235164835164835,0
1995-02-23,10.7,15.6,8.9,0.0,2.235164835164835,0
1995-02-24,10.6,16.7,8.9,0.0,2.235164835164835,0
1995-02-25,10.2,17.2,6.7,0.0,2.235164835164835,0
1995-02-26,11.0,13.3,9.4,0.0,2.235164835164835,0
1995-02-27,11.4,15.0,8.9,0.3,2.236813186813187,0
1995-02-28,10.5,13.3,8.3,0.0,2.236813186813187,0
1995-03-01,11.2,17.2,6.7,0.0,2.236813186813187,0
1995-03-02,11.1,14.4,7.8,4.8,2.263186813186813,0
1995-03-03,8.5,13.3,2.8,4.8,2.2895604395604394,0
1995-03-04,8.6,14.4,2.8,5.8,2.321428571428572,0
1995-03-05,8.4,12.2,2.2,36.1,2.51978021978022,0
1995-03-06,7.3,15.6,1.7,0.0,2.51978021978022,0
1995-03-07,9.3,17.2,2.2,0.0,2.51978021978022,0
1995-03-08,11.7,13.9,10.6,0.0,2.51978021978022,0
1995-03-09,13.6,15.0,12.2,0.0,2.51978021978022,0
1995-03-10,12.1,13.9,10.0,56.9,2.8324175824175826,0
1995-03-11,11.2,13.3,8.9,36.8,3.0346153846153845,0
1995-03-12,10.8,15.6,8.3,0.0,3.0346153846153845,0
1995-03-13,11.5,13.3,9.4,0.0,3.0346153846153845,0
1995-03-14,12.4,17.8,6.7,0.0,3.0346153846153845,0
1995-03-15,9.7,17.2,5.0,0.0,3.0346153846153845,0
1995-03-16,10.6,16.7,5.0,0.0,3.0346153846153845,0
1995-03-17,10.4,18.3,7.2,0.0,3.0346153846153845,0
1995-03-18,10.8,16.1,6.7,0.0,3.0346153846153845,0
1995-03-19,10.4,15.6,5.6,0.0,3.0346153846153845,0
1995-03-20,9.4,11.7,7.2,0.5,3.037362637362637,0
1995-03-21,6.7,10.6,4.4,11.4,3.1,0
1995-03-22,7.4,10.0,3.9,0.0,3.1,0
1995-03-23,5.3,9.4,2.2,20.1,3.21043956043956,0
1995-03-24,6.6,12.8,1.1,0.0,3.21043956043956,0
1995-03-25,7.8,15.0,2.2,0.0,3.21043956043956,0
1995-03-26,8.3,15.6,1.7,0.0,3.21043956043956,0
1995-03-27,9.7,17.2,2.2,0.0,3.21043956043956,0
1995-03-28,12.5,19.4,4.4,0.0,3.21043956043956,0
1995-03-29,13.1,18.9,7.2,0.0,3.21043956043956,0
1995-03-30,13.3,21.7,5.6,0.0,3.21043956043956,0
1995-03-31,11.0,18.3,4.4,0.0,3.21043956043956,0
1995-04-01,9.7,13.9,5.0,0.0,3.21043956043956,0
1995-04-02,13.3,22.2,5.6,0.0,3.21043956043956,0
1995-04-03,12.4,21.1,6.1,0.0,3.21043956043956,0
1995-04-04,10.9,19.4,3.9,0.0,3.193956043956044,0
1995-04-05,11.4,17.8,5.6,0.0,3.1923076923076925,0
1995-04-06,11.9,13.9,10.6,0.0,3.1923076923076925,0
1995-04-07,11.2,13.9,8.3,0.0,3.1923076923076925,0
1995-04-08,8.7,13.9,4.4,0.0,3.1923076923076925,0
1995-04-09,8.9,15.6,3.3,0.0,3.1923076923076925,0
1995-04-10,10.1,17.2,3.3,0.0,3.1923076923076925,0
1995-04-11,11.4,18.3,4.4,0.0,3.1923076923076925,0
1995-04-12,12.1,20.0,7.2,0.0,3.1923076923076925,0
1995-04-13,9.8,13.3,5.6,0.0,3.1923076923076925,0
1995-04-14,7.2,13.3,2.2,0.0,3.1868131868131866,0
1995-04-15,5.4,9.4,2.2,0.0,3.185164835164835,0
1995-04-16,7.5,12.2,1.1,13.7,3.2604395604395604,0
1995-04-17,8.6,10.6,7.8,0.0,3.2604395604395604,0
1995-04-18,7.4,12.2,2.2,1.0,3.265934065934066,0
1995-04-19,7.1,11.7,1.1,0.0,3.265934065934066,0
1995-04-20,8.2,11.7,1.7,0.0,3.265934065934066,0
1995-04-21,8.8,18.3,1.1,0.0,3.265934065934066,0
1995-04-22,13.2,22.2,4.4,0.0,3.265934065934066,0
1995-04-23,15.3,25.6,6.7,0.0,3.265934065934066,0
1995-04-24,12.6,21.7,6.1,0.0,3.2642857142857142,0
1995-04-25,9.7,15.6,6.1,0.0,3.2642857142857142,0
1995-04-26,10.3,17.8,5.0,0.0,3.2642857142857142,0
1995-04-27,11.4,14.4,7.2,0.0,3.2642857142857142,0
1995-04-28,12.8,16.1,11.1,0.0,3.2642857142857142,0
1995-04-29,13.8,16.1,12.8,0.0,3.2642857142857142,0
1995-04-30,14.7,18.9,12.8,0.0,3.2642857142857142,0
1995-05-01,13.1,17.2,11.1,0.0,3.2642857142857142,0
1995-05-02,7.8,10.0,6.1,0.0,3.2642857142857142,0
1995-05-03,11.4,17.2,6.7,0.0,3.2642857142857142,0
1995-05-04,9.8,11.1,8.9,0.0,3.2642857142857142,0
1995-05-05,9.2,11.7,7.2,0.0,3.2642857142857142,0
1995-05-06,9.8,15.0,3.3,0.0,3.2642857142857142,0
1995-05-07,9.4,12.2,7.8,0.8,3.2686813186813186,0
1995-05-08,10.6,16.1,5.6,0.0,3.2686813186813186,0
1995-05-09,10.6,14.4,5.6,0.0,3.2489010989010985,0
1995-05-10,11.4,16.7,8.3,0.0,3.2489010989010985,0
1995-05-11,10.8,14.4,8.3,0.0,3.205494505494505,0
1995-05-12,10.3,14.4,7.2,0.0,3.205494505494505,0
1995-05-13,9.6,12.8,8.3,0.0,3.205494505494505,0
1995-05-14,7.4,8.3,6.7,0.0,3.205494505494505,0
1995-05-15,10.9,16.1,6.7,3.8,3.2263736263736265,0
1995-05-16,12.1,17.2,7.8,0.0,3.2263736263736265,0
1995-05-17,11.2,18.3,8.9,0.0,3.2263736263736265,0
1995-05-18,12.7,19.4,8.3,0.0,3.2263736263736265,0
1995-05-19,12.3,20.6,6.7,0.0,3.2263736263736265,0
1995-05-20,10.8,17.2,7.8,0.0,3.2263736263736265,0
1995-05-21,10.3,12.8,8.9,0.0,3.2263736263736265,0
1995-05-22,9.9,12.8,8.3,0.0,3.2263736263736265,0
1995-05-23,11.2,15.6,9.4,0.0,3.2263736263736265,0
1995-05-24,10.1,13.3,8.9,0.0,3.2263736263736265,0
1995-05-25,11.1,15.0,8.9,0.0,3.2263736263736265,0
1995-05-26,11.2,17.2,7.8,0.0,3.224725274725275,0
1995-05-27,11.8,16.1,8.9,0.0,3.203846153846154,0
1995-05-28,13.0,20.6,8.9,0.0,3.203846153846154,0
1995-05-29,13.8,21.1,8.3,0.0,3.203846153846154,0
1995-05-30,15.7,26.1,6.7,0.0,3.203846153846154,0
1995-05-31,17.4,27.8,8.9,0.0,3.203846153846154,0
1995-06-01,11.4,16.7,9.4,0.0,3.203846153846154,0
1995-06-02,10.1,11.1,9.4,0.0,3.203846153846154,0
1995-06-03,10.4,13.3,8.9,0.0,3.203846153846154,0
1995-06-04,13.0,17.8,9.4,0.0,3.203846153846154,0
1995-06-05,11.0,16.1,4.4,0.0,3.203846153846154,0
1995-06-06,10.1,16.7,2.8,0.0,3.203846153846154,0
1995-06-07,10.9,17.2,5.0,0.0,3.203846153846154,0
1995-06-08,11.4,18.9,5.0,0.0,3.203846153846154,0
1995-06-09,11.8,17.8,6.7,0.0,3.203846153846154,0
1995-06-10,13.2,20.0,5.6,0.0,3.203846153846154,0
1995-06-11,12.9,18.3,5.6,0.0,3.203846153846154,0
1995-06-12,11.7,18.3,4.4,0.0,3.1802197802197805,0
1995-06-13,11.9,18.3,5.0,0.0,3.163736263736264,0
1995-06-14,13.1,17.8,7.8,0.0,3.163736263736264,0
1995-06-15,11.7,14.4,10.0,5.6,3.194505494505495,0
1995-06-16,12.0,16.7,9.4,9.7,3.247802197802198,0
1995-06-17,12.1,17.2,10.0,0.0,3.247802197802198,0
1995-06-18,12.8,17.2,9.4,0.0,3.247802197802198,0
1995-06-19,12.3,18.3,5.0,0.0,3.247802197802198,0
1995-06-20,14.6,21.7,6.1,0.0,3.247802197802198,0
1995-06-21,16.4,26.7,7.8,0.0,3.247802197802198,0
1995-06-22,16.2,24.4,8.3,0.0,3.247802197802198,0
1995-06-23,23.3,32.8,11.1,0.0,3.247802197802198,0
1995-06-24,25.4,35.0,16.1,0.0,3.101098901098901,0
1995-06-25,25.2,35.6,16.1,0.0,3.101098901098901,0
1995-06-26,19.0,26.1,11.1,0.0,3.101098901098901,0
1995-06-27,16.8,22.8,12.2,0.0,3.101098901098901,0
1995-06-28,15.6,21.7,11.1,0.0,3.099450549450549,0
1995-06-29,15.2,21.1,11.7,0.0,3.099450549450549,0
1995-06-30,15.0,21.1,11.1,0.0,3.099450549450549,0
1995-07-01,15.1,21.1,12.2,0.0,3.099450549450549,0
1995-07-02,14.9,21.1,11.1,0.0,3.099450549450549,0
1995-07-03,14.6,20.6,11.7,0.0,3.099450549450549,0
1995-07-04,15.4,22.2,11.7,0.0,3.0368131868131862,0
1995-07-05,15.3,23.3,10.0,0.0,2.5846153846153843,0
1995-07-06,15.7,21.7,10.0,0.0,2.5846153846153843,0
1995-07-07,17.7,26.1,9.4,0.0,2.5846153846153843,0
1995-07-08,17.5,26.7,11.1,0.0,2.4285714285714284,0
1995-07-09,15.7,22.2,10.0,0.0,2.337912087912088,0
1995-07-10,14.7,20.6,7.8,0.0,2.330769230769231,0
1995-07-11,15.0,19.4,10.6,0.0,1.87032967032967,0
1995-07-12,14.8,19.4,11.1,0.0,1.835164835164835,0
1995-07-13,17.9,26.1,9.4,0.0,1.7835164835164834,0
1995-07-14,23.4,32.8,13.3,0.0,1.7835164835164834,0
1995-07-15,24.2,35.0,15.0,0.0,1.7598901098901096,0
1995-07-16,21.1,30.0,13.3,0.5,1.760989010989011,0
1995-07-17,17.0,25.0,12.2,0.0,1.760989010989011,0
1995-07-18,17.7,26.1,12.2,0.0,1.760989010989011,0
1995-07-19,15.3,21.1,12.8,0.0,1.760989010989011,0
1995-07-20,15.7,21.7,12.8,0.0,1.760989010989011,0
1995-07-21,15.9,21.7,10.0,0.0,1.7538461538461538,0
1995-07-22,15.1,21.1,8.9,0.0,1.752197802197802,0
1995-07-23,16.4,21.1,13.3,0.0,1.7478021978021976,0
1995-07-24,15.9,20.6,13.3,0.0,1.601098901098901,0
1995-07-25,15.3,21.1,11.7,0.0,1.4796703296703295,0
1995-07-26,18.7,29.4,6.1,0.0,1.3483516483516484,0
1995-07-27,21.0,30.0,11.7,0.0,1.3483516483516484,0
1995-07-28,17.1,26.7,10.0,0.0,1.3483516483516484,0
1995-07-29,17.1,22.8,12.2,0.0,1.3483516483516484,0
1995-07-30,24.0,36.1,13.9,0.0,1.3483516483516484,0
1995-07-31,22.8,31.1,15.0,0.0,1.3483516483516484,0
1995-08-01,21.2,30.0,12.2,0.0,1.3483516483516484,0
1995-08-02,17.4,26.1,11.1,0.0,1.3483516483516484,0
1995-08-03,16.4,25.0,10.0,0.0,1.3483516483516484,0
1995-08-04,15.3,22.8,11.1,0.0,1.3483516483516484,0
1995-08-05,17.0,25.6,12.8,0.0,1.3483516483516484,0
1995-08-06,16.8,25.6,12.2,0.0,1.3483516483516484,0
1995-08-07,16.2,23.3,10.6,0.0,1.3483516483516484,0
1995-08-08,22.7,32.2,12.8,0.0,1.3483516483516484,0
1995-08-09,17.3,25.6,11.7,0.0,1.323076923076923,0
1995-08-10,14.8,20.6,10.0,0.0,1.323076923076923,0
1995-08-11,14.9,21.7,8.3,0.0,1.323076923076923,0
1995-08-12,19.2,31.1,8.9,0.0,1.323076923076923,0
1995-08-13,20.9,32.2,10.6,0.0,1.323076923076923,0
1995-08-14,19.4,30.6,10.0,0.0,1.2813186813186814,0
1995-08-15,15.4,23.9,8.3,0.0,1.1681318681318682,0
1995-08-16,14.9,20.6,10.0,0.0,1.1681318681318682,0
1995-08-17,13.3,20.0,6.7,0.0,1.1681318681318682,0
1995-08-18,17.6,27.8,6.7,0.0,1.1681318681318682,0
1995-08-19,22.4,31.7,13.3,0.0,1.1681318681318682,0
1995-08-20,18.9,28.3,12.2,0.0,1.1681318681318682,0
1995-08-21,16.6,23.9,12.2,0.0,1.1681318681318682,0
1995-08-22,17.8,27.2,11.1,0.0,1.1681318681318682,0
1995-08-23,15.3,24.4,9.4,0.0,1.1681318681318682,0
1995-08-24,14.0,21.1,7.8,0.0,1.1681318681318682,0
1995-08-25,13.2,20.0,7.8,0.0,1.1681318681318682,0
1995-08-26,14.2,21.7,7.2,0.0,1.1681318681318682,0
1995-08-27,12.8,21.1,6.1,0.0,1.1681318681318682,0
1995-08-28,14.6,23.3,6.1,0.0,1.1664835164835166,0
1995-08-29,15.2,23.9,8.3,0.0,1.1664835164835166,0
1995-08-30,13.3,21.7,5.6,0.0,1.1664835164835166,0
1995-08-31,13.3,22.2,3.9,0.0,1.14010989010989,1
1995-09-01,13.3,21.1,8.3,0.0,1.1137362637362638,0
1995-09-02,14.8,22.8,7.8,0.0,1.0818681318681318,0
1995-09-03,14.4,22.2,7.2,0.0,0.8835164835164836,0
1995-09-04,15.4,23.9,7.8,0.0,0.8835164835164836,0
1995-09-05,18.1,30.0,8.3,0.0,0.8835164835164836,0
1995-09-06,22.8,33.3,13.3,0.0,0.8835164835164836,0
1995-09-07,18.4,30.0,10.0,0.0,0.8835164835164836,0
1995-09-08,14.3,23.9,8.3,0.0,0.5708791208791208,0
1995-09-09,14.4,20.0,9.4,0.0,0.3686813186813186,0
1995-09-10,15.4,22.2,11.1,0.0,0.3686813186813186,0
1995-09-11,14.2,25.0,9.4,0.0,0.3686813186813186,0
1995-09-12,15.1,23.3,8.9,0.0,0.3686813186813186,0
1995-09-13,14.1,22.8,8.3,0.0,0.3686813186813186,0
1995-09-14,14.2,19.4,11.1,0.0,0.3686813186813186,0
1995-09-15,13.9,16.7,12.2,0.0,0.3686813186813186,0
1995-09-16,14.9,21.1,10.0,0.0,0.3686813186813186,0
1995-09-17,16.1,25.6,9.4,0.0,0.3686813186813186,0
1995-09-18,19.8,32.2,9.4,0.0,0.3659340659340659,0
1995-09-19,23.4,33.9,13.9,0.0,0.3032967032967033,0
1995-09-20,18.1,26.1,9.4,0.0,0.3032967032967033,0
1995-09-21,14.7,23.9,7.2,0.0,0.1928571428571428,0
1995-09-22,14.2,22.8,10.6,0.0,0.1928571428571428,0
1995-09-23,14.6,23.3,9.4,0.0,0.1928571428571428,0
1995-09-24,14.5,21.1,10.0,0.0,0.1928571428571428,0
1995-09-25,14.5,18.3,13.3,0.0,0.1928571428571428,0
1995-09-26,14.7,21.7,9.4,0.0,0.1928571428571428,0
1995-09-27,15.7,23.3,9.4,0.0,0.1928571428571428,0
1995-09-28,14.8,19.4,11.7,0.0,0.1928571428571428,0
1995-09-29,13.6,22.8,8.3,0.0,0.1928571428571428,0
1995-09-30,16.2,26.7,9.4,0.0,0.1928571428571428,0
1995-10-01,18.6,28.3,10.0,0.0,0.1928571428571428,0
1995-10-02,22.2,30.6,13.3,0.0,0.1928571428571428,0
1995-10-03,18.7,29.4,10.6,0.0,0.1928571428571428,0
1995-10-04,21.0,26.7,16.1,0.0,0.1928571428571428,0
1995-10-05,20.7,28.9,10.0,0.0,0.1928571428571428,0
1995-10-06,14.7,24.4,7.2,0.0,0.1928571428571428,0
1995-10-07,12.6,20.6,6.7,0.0,0.1928571428571428,0
1995-10-08,11.7,22.8,5.6,0.0,0.1928571428571428,0
1995-10-09,13.0,23.9,5.6,0.0,0.1928571428571428,0
1995-10-10,17.2,30.6,9.4,0.0,0.1928571428571428,0
1995-10-11,12.3,21.1,7.2,0.0,0.1928571428571428,0
1995-10-12,15.1,23.3,6.7,0.0,0.1928571428571428,0
1995-10-13,20.4,28.3,13.9,0.0,0.1928571428571428,0
1995-10-14,17.8,25.0,10.6,0.0,0.1928571428571428,0
1995-10-15,13.9,20.0,10.0,0.0,0.1175824175824175,0
1995-10-16,13.3,18.9,8.3,0.0,0.1175824175824175,0
1995-10-17,14.1,25.6,7.2,0.0,0.112087912087912,0
1995-10-18,18.6,28.3,8.9,0.0,0.112087912087912,0
1995-10-19,16.0,23.3,10.0,0.0,0.112087912087912,0
1995-10-20,12.1,20.6,9.4,0.0,0.112087912087912,0
1995-10-21,13.8,21.7,7.2,0.0,0.112087912087912,0
1995-10-22,14.6,20.6,8.9,0.0,0.112087912087912,0
1995-10-23,14.2,25.0,7.2,0.0,0.112087912087912,0
1995-10-24,12.2,24.4,6.7,0.0,0.112087912087912,0
1995-10-25,10.5,18.9,5.6,0.0,0.112087912087912,0
1995-10-26,13.7,24.4,5.6,0.0,0.112087912087912,0
1995-10-27,16.1,27.8,9.4,0.0,0.112087912087912,0
1995-10-28,13.9,22.2,8.3,0.0,0.112087912087912,0
1995-10-29,11.3,17.8,6.1,0.0,0.112087912087912,0
1995-10-30,11.3,18.3,7.2,0.0,0.112087912087912,0
1995-10-31,12.8,16.1,11.1,0.0,0.112087912087912,0
1995-11-01,12.2,16.1,10.0,2.3,0.1247252747252747,0
1995-11-02,10.2,13.3,7.2,0.0,0.1247252747252747,0
1995-11-03,11.9,20.6,5.0,0.0,0.1247252747252747,0
1995-11-04,13.1,22.8,6.1,0.0,0.1247252747252747,0
1995-11-05,11.1,18.3,5.6,0.0,0.1203296703296703,0
1995-11-06,11.1,19.4,5.6,0.0,0.1203296703296703,0
1995-11-07,15.2,24.4,8.3,0.0,0.1203296703296703,0
1995-11-08,14.2,23.3,8.3,0.0,0.1203296703296703,0
1995-11-09,10.8,14.4,7.2,0.0,0.1203296703296703,0
1995-11-10,11.6,21.1,5.0,0.0,0.1203296703296703,0
1995-11-11,15.1,25.0,8.9,0.0,0.1203296703296703,0
1995-11-12,16.9,26.7,8.3,0.0,0.1203296703296703,0
1995-11-13,18.2,27.8,12.2,0.0,0.0994505494505494,0
1995-11-14,14.7,23.9,7.8,0.0,0.0994505494505494,0
1995-11-15,12.1,20.6,7.8,0.0,0.0994505494505494,0
1995-11-16,15.0,23.3,10.0,0.0,0.0994505494505494,0
1995-11-17,13.5,22.8,8.3,0.0,0.0994505494505494,0
1995-11-18,13.5,21.1,7.2,0.0,0.0994505494505494,0
1995-11-19,12.8,20.6,7.2,0.0,0.0994505494505494,0
1995-11-20,12.8,25.0,6.7,0.0,0.0994505494505494,0
1995-11-21,12.6,17.8,10.0,0.0,0.0994505494505494,0
1995-11-22,14.4,21.1,9.4,0.0,0.0994505494505494,0
1995-11-23,17.6,23.3,12.2,0.0,0.0994505494505494,0
1995-11-24,17.9,26.7,12.2,0.0,0.0994505494505494,0
1995-11-25,16.7,24.4,11.1,0.0,0.0994505494505494,0
1995-11-26,10.0,17.2,5.0,0.0,0.0994505494505494,0
1995-11-27,12.2,20.0,7.2,0.0,0.0994505494505494,0
1995-11-28,15.1,22.2,8.3,0.0,0.0994505494505494,0
1995-11-29,15.7,26.1,7.8,0.0,0.0994505494505494,0
1995-11-30,12.1,22.2,6.1,0.0,0.0994505494505494,0
1995-12-01,12.5,18.3,8.9,0.0,0.0994505494505494,0
1995-12-02,7.8,16.1,2.8,0.0,0.0994505494505494,0
1995-12-03,9.7,16.7,2.8,0.0,0.0994505494505494,0
1995-12-04,13.2,16.7,11.1,0.0,0.0994505494505494,0
1995-12-05,12.6,17.8,10.0,0.0,0.0994505494505494,0
1995-12-06,12.6,20.0,8.3,0.0,0.0994505494505494,0
1995-12-07,13.1,17.8,7.2,0.0,0.0994505494505494,0
1995-12-08,11.2,21.7,6.7,0.0,0.0994505494505494,0
1995-12-09,10.8,20.0,6.1,0.0,0.0994505494505494,0
1995-12-10,10.4,13.3,6.1,0.0,0.0994505494505494,0
1995-12-11,12.7,13.3,11.1,0.0,0.0994505494505494,0
1995-12-12,12.1,15.0,7.8,10.4,0.1565934065934066,0
1995-12-13,10.2,13.3,6.7,10.2,0.2126373626373626,0
1995-12-14,10.2,16.7,3.9,0.0,0.1818681318681318,0
1995-12-15,10.1,12.8,4.4,0.0,0.1285714285714285,0
1995-12-16,6.2,13.3,2.2,0.0,0.1285714285714285,0
1995-12-17,7.8,15.0,2.2,0.0,0.1285714285714285,0
1995-12-18,7.6,9.4,5.0,0.0,0.1285714285714285,0
1995-12-19,8.7,13.9,5.0,0.0,0.1285714285714285,0
1995-12-20,8.0,13.9,3.3,0.0,0.1285714285714285,0
1995-12-21,7.3,14.4,2.8,0.0,0.1285714285714285,0
1995-12-22,9.9,13.3,6.7,0.0,0.1285714285714285,0
1995-12-23,11.7,17.2,8.9,13.5,0.2027472527472527,0
1995-12-24,12.7,19.4,8.3,0.0,0.2027472527472527,0
1995-12-25,14.4,20.0,10.0,0.0,0.2027472527472527,0
1995-12-26,14.8,21.7,10.0,0.0,0.2027472527472527,0
1995-12-27,13.0,19.4,8.3,0.0,0.2027472527472527,0
1995-12-28,9.7,15.0,6.7,0.0,0.2027472527472527,0
1995-12-29,13.1,15.0,10.0,0.0,0.2027472527472527,0
1995-12-30,15.6,16.7,15.0,0.0,0.2027472527472527,0
1995-12-31,14.2,18.3,10.6,0.0,0.2027472527472527,0
1996-01-01,18.1,21.7,14.4,0.0,0.2027472527472527,0
1996-01-02,17.8,25.0,11.7,0.0,0.2027472527472527,0
1996-01-03,13.8,20.0,10.6,0.0,0.2027472527472527,0
1996-01-04,11.6,14.4,8.3,0.0,0.2027472527472527,0
1996-01-05,11.6,19.4,7.8,0.0,0.2027472527472527,0
1996-01-06,12.8,21.7,7.2,0.0,0.2027472527472527,0
1996-01-07,12.9,23.3,7.2,0.0,0.2027472527472527,0
1996-01-08,11.7,21.1,6.7,0.0,0.2027472527472527,0
1996-01-09,11.4,17.2,7.2,0.0,0.2027472527472527,0
1996-01-10,14.2,19.4,10.6,0.0,0.2027472527472527,0
1996-01-11,15.6,23.9,9.4,0.0,0.2027472527472527,0
1996-01-12,14.2,23.9,8.3,0.0,0.2027472527472527,0
1996-01-13,11.1,20.0,4.4,0.0,0.2027472527472527,0
1996-01-14,8.6,15.6,3.3,0.0,0.1999999999999999,0
1996-01-15,11.6,14.4,7.2,0.0,0.1999999999999999,0
1996-01-16,12.2,14.4,9.4,7.6,0.2417582417582417,0
1996-01-17,8.6,13.3,6.1,0.0,0.2417582417582417,0
1996-01-18,10.3,13.3,7.2,0.0,0.2417582417582417,0
1996-01-19,9.4,13.9,5.0,2.3,0.2543956043956044,0
1996-01-20,9.2,14.4,4.4,0.0,0.2543956043956044,0
1996-01-21,7.4,12.8,4.4,15.5,0.3395604395604395,0
1996-01-22,4.9,11.1,0.0,0.0,0.3395604395604395,0
1996-01-23,6.7,12.8,0.0,0.0,0.3395604395604395,0
1996-01-24,11.0,12.8,8.9,0.0,0.3395604395604395,0
1996-01-25,7.2,12.8,1.1,0.0,0.3395604395604395,0
1996-01-26,6.1,11.7,0.6,0.0,0.3395604395604395,0
1996-01-27,10.5,12.8,7.2,1.5,0.3478021978021978,0
1996-01-28,6.7,13.3,2.2,0.3,0.3494505494505494,0
1996-01-29,5.2,13.3,2.2,0.0,0.3494505494505494,0
1996-02-06,13.2,20.0,8.9,0.0,0.3494505494505494,0
1996-02-07,12.8,22.2,7.2,0.0,0.3494505494505494,0
1996-02-08,13.9,21.7,8.3,0.0,0.3494505494505494,0
1996-02-09,13.9,20.6,9.4,0.0,0.3494505494505494,0
1996-02-10,13.7,20.6,8.9,0.0,0.3494505494505494,0
1996-02-11,17.8,23.3,10.0,0.0,0.3494505494505494,0
1996-02-12,19.6,24.4,13.9,0.0,0.3494505494505494,0
1996-02-13,16.4,26.1,10.0,0.0,0.3494505494505494,0
1996-02-14,14.5,23.3,8.9,0.0,0.3494505494505494,0
1996-02-15,12.9,17.8,9.4,0.0,0.3494505494505494,0
1996-02-16,14.7,19.4,12.2,0.0,0.3494505494505494,0
1996-02-17,14.0,17.2,12.8,0.0,0.3494505494505494,0
1996-02-18,13.2,16.7,10.0,0.0,0.3494505494505494,0
1996-02-19,12.3,13.3,10.6,14.7,0.4302197802197802,0
1996-02-20,12.2,17.2,9.4,60.7,0.7637362637362637,0
1996-02-21,7.6,11.7,3.3,26.7,0.9104395604395604,0
1996-02-22,4.9,11.1,1.1,0.0,0.9104395604395604,0
1996-02-23,6.8,12.2,0.6,0.0,0.9104395604395604,0
1996-02-24,4.3,9.4,-0.6,0.0,0.9104395604395604,0
1996-02-25,2.8,8.3,-0.6,7.4,0.951098901098901,0
1996-02-26,3.7,10.0,-1.1,0.0,0.951098901098901,0
1996-02-27,5.0,9.4,1.7,10.2,1.0071428571428571,0
1996-02-28,6.3,11.1,3.3,0.0,1.0071428571428571,0
1996-02-29,8.9,12.2,6.1,0.0,1.0071428571428571,0
1996-03-01,11.5,18.3,7.8,0.0,1.0071428571428571,0
1996-03-02,12.2,20.0,6.7,0.0,1.0071428571428571,0
1996-03-03,11.1,16.7,8.3,0.0,1.0071428571428571,0
1996-03-04,10.7,11.7,9.4,15.7,1.0934065934065933,0
1996-03-05,9.5,12.2,7.2,2.0,1.1043956043956045,0
1996-03-06,13.0,17.2,8.9,0.0,1.1043956043956045,0
1996-03-07,14.3,23.3,8.9,0.0,1.1043956043956045,0
1996-03-08,15.3,24.4,8.3,0.0,1.1043956043956045,0
1996-03-09,14.2,22.8,9.4,0.0,1.1043956043956045,0
1996-03-10,11.8,15.6,8.3,0.0,1.1043956043956045,0
1996-03-11,12.3,15.0,10.0,0.0,1.1043956043956045,0
1996-03-13,13.3,17.2,7.2,19.3,1.2104395604395606,0
1996-03-14,12.9,20.0,6.1,0.0,1.2104395604395606,0
1996-03-15,11.1,18.3,4.4,0.0,1.2104395604395606,0
1996-03-16,13.6,21.7,8.3,0.0,1.2104395604395606,0
1996-03-17,18.9,26.1,11.1,0.0,1.2104395604395606,0
1996-03-18,15.6,24.4,10.0,0.0,1.2104395604395606,0
1996-03-19,11.6,21.1,6.1,0.0,1.2104395604395606,0
1996-03-20,10.2,19.4,2.8,0.0,1.2104395604395606,0
1996-03-21,9.4,16.1,4.4,0.0,1.2104395604395606,0
1996-03-22,9.2,12.2,6.7,0.0,1.2104395604395606,0
1996-03-23,7.8,15.0,2.2,0.0,1.2104395604395606,0
1996-03-24,8.6,15.0,1.1,0.0,1.2104395604395606,0
1996-03-25,8.5,13.3,2.8,0.0,1.2104395604395606,0
1996-03-26,9.3,17.8,1.1,0.0,1.2104395604395606,0
1996-03-27,12.4,20.0,4.4,0.0,1.2104395604395606,0
1996-03-28,9.1,12.2,5.0,1.5,1.2186813186813188,0
1996-03-29,8.1,14.4,2.8,0.0,1.2186813186813188,0
1996-03-30,9.0,17.2,1.1,0.0,1.2186813186813188,0
1996-03-31,12.8,21.1,5.0,0.0,1.2186813186813188,0
1996-04-01,10.9,12.2,8.9,2.5,1.2324175824175825,0
1996-04-02,10.3,15.6,5.6,0.0,1.2324175824175825,0
1996-04-03,9.2,15.6,3.9,0.0,1.2324175824175825,0
1996-04-04,11.6,21.1,3.9,0.0,1.2324175824175825,0
1996-04-05,13.2,23.3,6.7,0.0,1.2324175824175825,0
1996-04-06,15.3,25.0,6.1,0.0,1.2324175824175825,0
1996-04-07,14.2,24.4,7.8,0.0,1.2324175824175825,0
1996-04-08,10.7,15.6,7.2,0.0,1.2324175824175825,0
1996-04-09,11.2,15.0,7.8,0.0,1.2324175824175825,0
1996-04-10,11.1,14.4,8.9,0.0,1.2324175824175825,0
1996-04-11,10.8,14.4,8.3,0.0,1.2324175824175825,0
1996-04-12,9.4,15.0,3.9,0.0,1.2324175824175825,0
1996-04-13,10.0,18.3,2.8,0.0,1.2324175824175825,0
1996-04-14,13.9,23.3,4.4,0.0,1.2324175824175825,0
1996-04-15,12.1,16.7,7.8,0.0,1.2324175824175825,0
1996-04-16,11.0,15.0,7.2,6.1,1.265934065934066,0
1996-04-17,9.7,15.6,5.0,7.6,1.3076923076923077,0
1996-04-18,9.1,15.0,3.9,1.8,1.3175824175824176,0
1996-04-19,8.5,14.4,2.2,0.0,1.3175824175824176,0
1996-04-20,8.2,14.4,3.3,0.0,1.3175824175824176,0
1996-04-21,11.0,17.2,3.3,0.0,1.3175824175824176,0
1996-04-22,13.2,19.4,7.8,0.0,1.3175824175824176,0
1996-04-23,14.2,20.6,7.8,0.0,1.3175824175824176,0
1996-04-24,13.9,18.9,7.2,0.0,1.3175824175824176,0
1996-04-25,14.0,23.3,5.6,0.0,1.3175824175824176,0
1996-04-26,18.0,26.1,8.3,0.0,1.3175824175824176,0
1996-04-27,16.3,23.3,8.3,0.0,1.3175824175824176,0
1996-04-28,19.0,25.0,12.8,0.0,1.3175824175824176,0
1996-04-29,20.8,30.6,11.7,0.0,1.3175824175824176,0
1996-04-30,22.3,31.7,13.9,0.0,1.3175824175824176,0
1996-05-01,21.3,29.4,10.6,0.0,1.3175824175824176,0
1996-05-02,18.6,26.1,8.3,0.0,1.3175824175824176,0
1996-05-03,11.2,18.3,3.3,0.0,1.3175824175824176,0
1996-05-04,11.8,21.1,2.2,0.0,1.3175824175824176,0
1996-05-05,11.0,19.4,3.3,0.0,1.3175824175824176,0
1996-05-06,10.1,17.2,2.8,0.0,1.3175824175824176,0
1996-05-07,11.1,17.8,3.9,0.0,1.3175824175824176,0
1996-05-08,8.8,16.7,3.3,0.0,1.3175824175824176,0
1996-05-09,9.8,17.2,4.4,0.0,1.3049450549450547,0
1996-05-10,12.3,21.1,2.8,0.0,1.3049450549450547,0
1996-05-11,20.4,28.9,10.6,0.0,1.3049450549450547,0
1996-05-12,17.0,27.8,9.4,0.0,1.3049450549450547,0
1996-05-13,17.1,26.7,8.9,0.0,1.3049450549450547,0
1996-05-14,16.7,21.7,11.7,0.0,1.3049450549450547,0
1996-05-15,15.1,17.8,13.9,0.0,1.3049450549450547,0
1996-05-16,14.2,15.6,13.3,1.0,1.3104395604395602,0
1996-05-17,14.3,16.7,12.8,0.0,1.3104395604395602,0
1996-05-18,14.1,17.8,10.6,0.0,1.3104395604395602,0
1996-05-19,12.1,17.8,5.6,0.0,1.3104395604395602,0
1996-05-20,9.9,16.7,5.0,0.0,1.3104395604395602,0
1996-05-21,10.0,13.9,5.0,0.0,1.3104395604395602,0
1996-05-22,11.7,17.2,6.7,0.0,1.3104395604395602,0
1996-05-23,11.5,17.8,6.1,0.0,1.3104395604395602,0
1996-05-24,15.1,22.8,7.8,0.0,1.3104395604395602,0
1996-05-25,18.0,25.6,8.3,0.0,1.3104395604395602,0
1996-05-26,10.7,12.8,8.9,0.0,1.3104395604395602,0
1996-05-27,11.8,18.9,7.2,0.0,1.3104395604395602,0
1996-05-28,10.8,16.7,7.8,0.0,1.3104395604395602,0
1996-05-29,9.7,14.4,8.3,0.0,1.3104395604395602,0
1996-05-30,11.5,17.2,7.8,0.0,1.3104395604395602,0
1996-05-31,12.8,20.0,6.7,0.0,1.3104395604395602,0
1996-06-01,18.3,30.0,6.7,0.0,1.3104395604395602,0
1996-06-02,23.6,33.9,15.0,0.0,1.3104395604395602,0
1996-06-03,19.9,28.9,9.4,0.0,1.3104395604395602,0
1996-06-04,14.7,23.9,7.8,0.0,1.3104395604395602,0
1996-06-05,18.9,31.7,8.3,0.0,1.3104395604395602,0
1996-06-06,16.6,27.2,7.2,0.0,1.3104395604395602,0
1996-06-07,13.3,20.0,6.7,0.0,1.3104395604395602,0
1996-06-08,14.1,22.8,5.0,0.0,1.3104395604395602,0
1996-06-09,13.6,21.7,6.7,0.0,1.3104395604395602,0
1996-06-10,12.4,19.4,5.0,0.0,1.3104395604395602,0
1996-06-11,14.1,21.7,7.8,0.0,1.3104395604395602,0
1996-06-12,11.5,17.2,8.3,0.0,1.3104395604395602,0
1996-06-13,11.8,17.2,7.8,0.0,1.3104395604395602,0
1996-06-14,11.9,18.3,6.7,0.0,1.3104395604395602,0
1996-06-15,11.1,17.2,8.9,0.0,1.3104395604395602,0
1996-06-16,10.3,13.3,8.9,0.0,1.3104395604395602,0
1996-06-17,11.6,17.8,6.1,0.0,1.3104395604395602,0
1996-06-18,13.1,21.7,5.0,0.0,1.3104395604395602,0
1996-06-19,13.6,22.8,6.7,0.0,1.2532967032967033,0
1996-06-20,10.9,14.4,9.4,0.0,1.1972527472527472,0
1996-06-21,10.2,11.7,9.4,0.0,1.1972527472527472,0
1996-06-22,13.3,22.2,6.7,0.0,1.1972527472527472,0
1996-06-23,14.4,23.3,5.6,0.0,1.1972527472527472,0
1996-06-24,13.0,16.7,10.6,0.0,1.1972527472527472,0
1996-06-25,11.4,14.4,10.0,0.0,1.1972527472527472,0
1996-06-26,11.1,12.2,10.0,0.0,1.1972527472527472,0
1996-06-27,13.8,19.4,7.2,0.0,1.1972527472527472,0
1996-06-28,14.3,23.3,5.6,0.0,1.1972527472527472,0
1996-06-29,22.0,30.6,9.4,0.0,1.1972527472527472,0
1996-06-30,24.3,33.9,14.4,0.0,1.1230769230769229,0
1996-07-01,23.1,33.3,11.1,0.0,1.1230769230769229,0
1996-07-02,16.2,25.6,8.3,0.0,1.1230769230769229,0
1996-07-03,17.2,24.4,8.3,0.0,1.1230769230769229,0
1996-07-04,15.4,23.3,6.7,0.0,1.1230769230769229,0
1996-07-05,15.2,25.0,4.4,0.0,1.1230769230769229,0
1996-07-06,17.9,27.2,8.3,0.0,1.1230769230769229,0
1996-07-07,14.7,22.2,7.8,0.0,1.1230769230769229,0
1996-07-08,14.7,21.7,10.6,0.0,1.1230769230769229,0
1996-07-09,15.7,23.9,9.4,0.0,1.1230769230769229,0
1996-07-10,14.9,25.0,7.2,0.0,1.1230769230769229,0
1996-07-11,16.8,25.6,8.3,0.0,1.1230769230769229,0
1996-07-12,17.5,26.1,9.4,0.0,1.1230769230769229,0
1996-07-13,16.9,25.6,8.9,0.0,1.1230769230769229,0
1996-07-14,15.6,23.3,10.6,0.0,1.1230769230769229,0
1996-07-15,14.4,22.2,10.6,0.0,1.1230769230769229,0
1996-07-16,12.9,16.1,10.6,0.0,1.1230769230769229,0
1996-07-17,14.3,19.4,11.1,0.0,1.1230769230769229,0
1996-07-18,14.7,22.8,6.1,0.0,1.1230769230769229,0
1996-07-19,18.6,30.0,6.1,0.0,1.1230769230769229,0
1996-07-20,23.7,34.4,13.3,0.0,1.1230769230769229,0
1996-07-21,20.7,29.4,11.1,0.0,1.1230769230769229,0
1996-07-22,16.7,26.7,7.8,0.0,1.1230769230769229,0
1996-07-23,16.6,26.1,10.0,0.0,1.1230769230769229,0
1996-07-24,17.2,27.2,9.4,0.0,1.0813186813186813,0
1996-07-25,16.6,28.3,8.3,0.0,1.0813186813186813,0
1996-07-26,17.1,29.4,9.4,0.0,1.0813186813186813,0
1996-07-27,19.3,27.2,11.1,0.0,1.0686813186813184,0
1996-07-28,22.1,32.2,15.6,0.0,1.0686813186813184,0
1996-07-29,20.2,30.6,10.6,0.0,0.9835164835164836,0
1996-07-30,20.2,30.6,10.0,0.0,0.9835164835164836,0
1996-07-31,19.4,28.9,10.0,0.0,0.9835164835164836,0
1996-08-01,13.1,20.6,8.9,0.0,0.9835164835164836,0
1996-08-02,15.3,26.1,5.6,0.0,0.9835164835164836,0
1996-08-03,13.7,19.4,7.2,0.0,0.9835164835164836,0
1996-08-04,14.8,23.9,6.7,0.0,0.9752747252747253,0
1996-08-05,13.9,20.0,10.0,0.0,0.9736263736263736,0
1996-08-06,15.0,21.1,8.9,0.0,0.9736263736263736,0
1996-08-07,14.8,23.9,8.3,0.0,0.9736263736263736,0
1996-08-08,16.3,27.8,7.2,0.0,0.9736263736263736,0
1996-08-09,21.6,33.9,8.3,0.0,0.9736263736263736,0
1996-08-10,21.1,31.1,12.8,0.0,0.9736263736263736,0
1996-08-11,18.9,27.8,10.6,0.0,0.9736263736263736,0
1996-08-12,22.9,32.8,13.3,0.0,0.9736263736263736,0
1996-08-13,20.8,30.0,11.7,0.0,0.9736263736263736,0
1996-08-14,17.2,27.8,10.6,0.0,0.9736263736263736,0
1996-08-15,20.7,32.8,8.9,0.0,0.9736263736263736,0
1996-08-16,15.9,25.0,8.3,0.0,0.9736263736263736,0
1996-08-17,14.3,22.8,7.8,0.0,0.9736263736263736,0
1996-08-18,14.2,22.8,7.2,0.0,0.9736263736263736,0
1996-08-19,13.3,18.9,8.9,0.0,0.9736263736263736,0
1996-08-20,14.6,21.7,8.3,0.0,0.8928571428571429,0
1996-08-21,15.3,25.0,8.3,0.0,0.5593406593406594,0
1996-08-22,15.3,26.1,8.9,0.0,0.4126373626373626,0
1996-08-23,15.5,27.2,7.2,0.0,0.4126373626373626,0
1996-08-24,13.9,21.1,8.9,0.0,0.4126373626373626,0
1996-08-25,15.1,23.3,8.9,0.0,0.4126373626373626,0
1996-08-26,14.1,21.1,8.3,0.0,0.371978021978022,0
1996-08-27,14.6,22.8,8.3,0.0,0.371978021978022,0
1996-08-28,18.1,29.4,8.3,0.0,0.3159340659340659,0
1996-08-29,17.6,30.6,8.3,0.0,0.3159340659340659,0
1996-08-30,19.6,30.0,11.1,0.0,0.3159340659340659,0
1996-08-31,15.6,27.2,7.8,0.0,0.3159340659340659,0
1996-09-01,13.9,24.4,6.1,0.0,0.3159340659340659,0
1996-09-02,15.5,23.3,10.0,0.0,0.3159340659340659,0
1996-09-03,13.6,21.1,9.4,0.0,0.2296703296703296,0
1996-09-04,13.9,21.1,7.8,0.0,0.2186813186813186,0
1996-09-05,15.1,25.6,6.7,0.0,0.2186813186813186,0
1996-09-06,18.0,28.3,10.6,0.0,0.2186813186813186,0
1996-09-07,20.4,31.1,11.1,0.0,0.2186813186813186,0
1996-09-08,20.6,30.0,12.8,0.0,0.2186813186813186,0
1996-09-09,18.3,28.3,9.4,0.0,0.2186813186813186,0
1996-09-10,14.8,25.6,7.2,0.0,0.2186813186813186,0
1996-09-11,13.0,20.0,7.8,0.0,0.1126373626373626,0
1996-09-12,16.2,23.9,7.8,0.0,0.1126373626373626,0
1996-09-13,14.2,17.2,10.0,0.0,0.1126373626373626,0
1996-09-14,14.1,22.8,7.8,0.0,0.1126373626373626,0
1996-09-15,14.7,18.9,8.9,0.0,0.1126373626373626,0
1996-09-16,13.8,23.3,7.2,0.0,0.1126373626373626,0
1996-09-17,16.7,25.0,8.9,0.0,0.1126373626373626,0
1996-09-18,18.5,28.3,11.1,0.0,0.1126373626373626,0
1996-09-19,16.8,28.3,9.4,0.0,0.1126373626373626,0
1996-09-20,18.4,28.9,10.6,0.0,0.1126373626373626,0
1996-09-21,17.9,28.3,8.3,0.0,0.1126373626373626,0
1996-09-22,13.4,23.3,6.1,0.0,0.1126373626373626,0
1996-09-23,12.2,21.1,8.3,0.0,0.1126373626373626,0
1996-09-24,13.5,20.6,8.3,0.0,0.1126373626373626,0
1996-09-25,14.3,21.7,6.7,0.0,0.1126373626373626,0
1996-09-26,12.2,21.1,5.6,0.0,0.1043956043956044,0
1996-09-27,12.4,21.1,7.8,0.0,0.1043956043956044,0
1996-09-28,12.4,23.9,5.6,0.0,0.1043956043956044,0
1996-09-29,12.8,22.8,6.1,0.0,0.1043956043956044,0
1996-09-30,12.2,15.6,9.4,0.0,0.0906593406593406,0
1996-10-01,14.4,20.0,12.2,0.0,0.0906593406593406,0
1996-10-02,13.9,22.2,9.4,0.0,0.0906593406593406,0
1996-10-03,15.1,26.1,6.7,0.0,0.0906593406593406,0
1996-10-04,17.6,26.7,10.6,0.0,0.0906593406593406,0
1996-10-05,21.3,32.2,11.1,0.0,0.0906593406593406,0
1996-10-06,23.8,33.3,14.4,0.0,0.0906593406593406,0
1996-10-07,27.1,36.7,18.3,0.0,0.0906593406593406,0
1996-10-08,27.8,36.7,19.4,0.0,0.0906593406593406,0
1996-10-09,17.2,22.2,11.7,0.0,0.0906593406593406,0
1996-10-10,14.5,20.6,8.9,0.0,0.0906593406593406,0
1996-10-11,14.7,26.1,7.2,0.0,0.0906593406593406,0
1996-10-12,14.7,21.7,10.0,0.0,0.0906593406593406,0
1996-10-13,13.8,22.2,8.9,0.0,0.0906593406593406,0
1996-10-14,12.9,22.8,7.2,0.0,0.0906593406593406,0
1996-10-15,13.2,21.1,6.1,0.0,0.0571428571428571,0
1996-10-16,10.6,20.0,3.3,0.0,0.0153846153846153,0
1996-10-17,11.6,21.1,5.0,0.0,0.0054945054945054,0
1996-10-18,10.3,16.7,5.0,0.0,0.0054945054945054,0
1996-10-19,9.1,16.1,3.9,0.0,0.0054945054945054,0
1996-10-20,9.8,18.3,2.8,0.0,0.0054945054945054,0
1996-10-21,12.7,19.4,6.1,0.0,0.0054945054945054,0
1996-10-22,12.4,22.8,5.0,0.0,0.0054945054945054,0
1996-10-23,12.0,20.0,5.0,0.0,0.0054945054945054,0
1996-10-24,11.4,15.6,5.6,0.0,0.0054945054945054,0
1996-10-25,7.4,11.1,3.3,0.0,0.0054945054945054,0
1996-10-26,11.8,17.8,1.7,0.0,0.0054945054945054,0
1996-10-27,12.9,20.0,7.2,0.0,0.0054945054945054,0
1996-10-28,12.0,18.9,5.6,0.0,0.0054945054945054,0
1996-10-29,10.0,14.4,6.1,1.0,0.0109890109890109,0
1996-10-30,7.5,10.0,5.0,25.9,0.1532967032967032,0
1996-10-31,9.7,16.7,5.6,0.0,0.1532967032967032,0
1996-11-01,11.1,20.6,5.0,0.0,0.1532967032967032,0
1996-11-02,9.3,15.6,5.0,0.0,0.1532967032967032,0
1996-11-03,9.4,11.7,7.8,0.0,0.1532967032967032,0
1996-11-04,8.6,13.3,5.6,0.0,0.1532967032967032,0
1996-11-05,7.8,15.0,2.8,0.0,0.1532967032967032,0
1996-11-06,10.7,18.3,3.3,0.0,0.1532967032967032,0
1996-11-07,15.0,21.7,7.8,0.0,0.1532967032967032,0
1996-11-08,17.8,27.8,11.7,0.0,0.1532967032967032,0
1996-11-09,17.6,27.2,11.7,0.0,0.1532967032967032,0
1996-11-10,16.8,28.3,9.4,0.0,0.1532967032967032,0
1996-11-11,12.3,21.1,4.4,0.0,0.1532967032967032,0
1996-11-12,14.6,24.4,9.4,0.0,0.1532967032967032,0
1996-11-13,12.0,18.9,6.1,0.0,0.1532967032967032,0
1996-11-14,8.3,15.0,4.4,0.0,0.1478021978021978,0
1996-11-15,8.2,12.2,2.8,0.0,0.1478021978021978,0
1996-11-16,9.7,15.0,6.7,0.0,0.1478021978021978,0
1996-11-17,15.6,16.1,15.0,0.0,0.1478021978021978,0
1996-11-18,14.3,16.1,12.8,0.0,0.1478021978021978,0
1996-11-19,12.1,13.3,11.1,0.0,0.1478021978021978,0
1996-11-20,12.6,17.2,9.4,0.8,0.1521978021978021,0
1996-11-21,13.2,15.6,11.7,35.3,0.3461538461538461,0
1996-11-22,11.8,13.3,9.4,4.3,0.3697802197802197,0
1996-11-23,9.5,11.7,6.7,0.0,0.3697802197802197,0
1996-11-24,11.2,17.8,6.1,0.0,0.3697802197802197,0
1996-11-25,11.3,17.8,6.7,0.0,0.3697802197802197,0
1996-11-26,13.4,17.8,8.3,0.0,0.3697802197802197,0
1996-11-27,12.7,20.6,5.0,0.0,0.3697802197802197,0
1996-11-28,8.6,12.8,4.4,0.0,0.3697802197802197,0
1996-11-29,6.8,14.4,2.2,0.0,0.3697802197802197,0
1996-11-30,9.5,16.7,2.8,0.0,0.3697802197802197,0
1996-12-01,9.3,13.9,3.3,0.0,0.3697802197802197,0
1996-12-02,5.6,12.2,0.6,0.0,0.3697802197802197,0
1996-12-03,7.0,13.9,1.1,0.0,0.3697802197802197,0
1996-12-04,10.7,17.2,5.0,0.0,0.3697802197802197,0
1996-12-05,12.1,13.9,10.0,2.5,0.3835164835164835,0
1996-12-06,10.4,16.1,6.1,0.5,0.3862637362637362,0
1996-12-07,11.9,16.1,6.7,0.0,0.3862637362637362,0
1996-12-08,13.2,15.0,11.1,0.0,0.3862637362637362,0
1996-12-09,12.2,13.3,11.7,43.2,0.6236263736263736,0
1996-12-10,12.4,13.9,10.0,15.0,0.7060439560439561,0
1996-12-11,13.8,16.7,11.7,19.1,0.810989010989011,0
1996-12-12,14.4,18.3,12.8,1.8,0.820879120879121,0
1996-12-13,10.9,12.8,8.3,0.0,0.820879120879121,0
1996-12-14,9.2,11.1,8.3,0.0,0.820879120879121,0
1996-12-15,7.3,8.3,6.7,0.0,0.820879120879121,0
1996-12-16,14.9,17.2,6.7,0.0,0.820879120879121,0
1996-12-17,17.5,17.8,17.2,0.0,0.820879120879121,0
1996-12-18,19.4,19.4,19.4,0.0,0.820879120879121,0
1996-12-19,9.7,17.2,3.3,0.0,0.820879120879121,0
1996-12-20,6.8,11.1,1.7,0.0,0.820879120879121,0
1996-12-21,8.9,10.0,8.3,0.0,0.820879120879121,0
1996-12-23,9.5,16.1,5.0,0.0,0.820879120879121,0
1996-12-24,9.4,11.7,6.7,0.0,0.820879120879121,0
1996-12-25,9.6,14.4,5.6,0.0,0.820879120879121,0
1996-12-26,10.3,12.2,7.8,0.0,0.820879120879121,0
1996-12-27,11.3,14.4,9.4,11.9,0.8862637362637363,0
1996-12-28,10.9,12.2,9.4,0.3,0.8879120879120879,0
1996-12-29,12.1,12.8,10.0,0.0,0.8879120879120879,0
1996-12-30,13.7,15.6,12.2,0.0,0.8879120879120879,0
1996-12-31,15.0,16.1,13.9,0.0,0.8879120879120879,0
1997-01-01,15.6,16.1,15.0,3.0,0.9043956043956044,0
1997-01-02,13.5,15.0,11.7,6.6,0.9406593406593406,0
1997-01-03,9.3,14.4,3.3,1.5,0.9489010989010987,0
1997-01-04,5.9,8.9,2.8,0.0,0.9489010989010987,0
1997-01-05,7.6,11.7,3.3,0.8,0.9532967032967034,0
1997-01-06,8.7,13.3,5.6,0.0,0.9532967032967034,0
1997-01-07,12.4,17.2,10.0,0.0,0.9532967032967034,0
1997-01-08,11.1,17.2,4.4,0.0,0.9532967032967034,0
1997-01-09,9.1,18.3,3.9,0.0,0.9532967032967034,0
1997-01-10,8.6,16.7,2.2,0.0,0.9532967032967034,0
1997-01-11,7.7,12.2,5.0,0.0,0.9532967032967034,0
1997-01-12,7.1,11.1,2.8,30.7,1.121978021978022,0
1997-01-13,1.9,5.0,-1.1,4.1,1.1445054945054949,0
1997-01-14,4.3,8.3,-2.2,1.0,1.15,0
1997-01-15,9.2,14.4,6.1,25.4,1.2895604395604394,0
1997-01-16,9.6,15.0,5.0,0.0,1.2895604395604394,0
1997-01-17,11.3,17.8,7.8,0.0,1.2895604395604394,0
1997-01-18,13.8,20.6,7.2,0.0,1.2895604395604394,0
1997-01-19,11.4,16.7,7.8,0.0,1.2895604395604394,0
1997-01-20,8.0,12.8,6.1,1.3,1.2967032967032968,0
1997-01-21,9.3,11.7,7.2,6.4,1.3318681318681318,0
1997-01-22,11.3,13.3,8.9,11.4,1.3945054945054949,0
1997-01-23,8.7,12.8,5.0,19.3,1.5005494505494508,0
1997-01-24,8.8,11.7,6.1,0.0,1.5005494505494508,0
1997-01-25,13.2,14.4,11.7,19.6,1.608241758241758,0
1997-01-26,11.6,13.3,10.0,10.7,1.6670329670329669,0
1997-01-27,11.3,16.7,8.3,0.0,1.6670329670329669,0
1997-01-28,12.2,17.8,8.9,0.0,1.6670329670329669,0
1997-01-29,13.6,18.3,8.3,0.0,1.6670329670329669,0
1997-01-30,12.2,21.1,7.8,0.0,1.6670329670329669,0
1997-01-31,9.7,15.6,5.0,0.0,1.6670329670329669,0
1997-02-01,10.7,13.9,7.8,0.0,1.6670329670329669,0
1997-02-02,8.4,13.9,4.4,0.0,1.6670329670329669,0
1997-02-03,7.5,12.8,3.9,0.0,1.6670329670329669,0
1997-02-04,9.0,12.8,4.4,0.0,1.6670329670329669,0
1997-02-05,8.7,15.0,4.4,0.0,1.6670329670329669,0
1997-02-06,8.5,15.0,2.8,0.0,1.6670329670329669,0
1997-02-07,8.7,16.1,2.8,0.0,1.6670329670329669,0
1997-02-08,7.9,13.9,3.3,0.0,1.6670329670329669,0
1997-02-09,6.9,13.3,2.2,0.0,1.6670329670329669,0
1997-02-10,8.8,15.0,3.3,1.5,1.675274725274725,0
1997-02-11,8.5,11.1,5.0,0.0,1.675274725274725,0
1997-02-12,10.1,15.0,5.0,0.0,1.675274725274725,0
1997-02-13,11.7,17.8,7.2,0.0,1.675274725274725,0
1997-02-14,16.3,20.6,11.7,0.0,1.675274725274725,0
1997-02-15,16.1,23.9,9.4,0.0,1.675274725274725,0
1997-02-16,13.4,21.1,7.8,0.0,1.675274725274725,0
1997-02-17,8.9,13.3,3.9,0.5,1.6780219780219778,0
1997-02-18,9.9,17.2,3.9,0.0,1.6780219780219778,0
1997-02-19,7.9,15.0,2.8,0.0,1.6780219780219778,0
1997-02-20,7.3,15.6,2.2,0.0,1.6780219780219778,0
1997-02-21,7.6,15.0,2.2,0.0,1.6780219780219778,0
1997-02-22,7.8,16.7,2.2,0.0,1.6780219780219778,0
1997-02-23,11.7,15.0,6.1,0.0,1.6780219780219778,0
1997-02-24,11.6,15.0,8.3,0.0,1.6780219780219778,0
1997-02-25,10.4,20.0,3.3,0.0,1.6780219780219778,0
1997-02-26,8.8,13.9,3.9,0.0,1.6780219780219778,0
1997-02-27,7.1,9.4,2.2,0.0,1.6780219780219778,0
1997-02-28,5.9,15.0,0.6,0.0,1.6780219780219778,0
1997-03-01,6.9,13.3,0.0,0.0,1.6780219780219778,0
1997-03-02,8.2,12.8,2.8,0.0,1.6780219780219778,0
1997-03-03,5.5,11.7,0.6,0.0,1.6780219780219778,0
1997-03-04,7.9,15.0,3.9,0.0,1.6780219780219778,0
1997-03-05,7.2,16.7,1.1,0.0,1.6780219780219778,0
1997-03-06,7.7,15.0,0.6,0.0,1.6780219780219778,0
1997-03-07,8.3,14.4,2.8,0.0,1.6780219780219778,0
1997-03-08,9.5,17.2,3.9,0.0,1.6780219780219778,0
1997-03-09,12.9,22.8,4.4,0.0,1.6780219780219778,0
1997-03-10,14.5,25.6,6.7,0.0,1.6780219780219778,0
1997-03-11,8.6,17.2,2.2,0.0,1.6780219780219778,0
1997-03-12,6.0,13.3,0.0,0.0,1.6780219780219778,0
1997-03-13,10.6,19.4,1.1,0.0,1.6780219780219778,0
1997-03-14,12.2,22.2,5.6,0.0,1.6780219780219778,0
1997-03-15,10.0,16.7,5.0,0.0,1.6780219780219778,0
1997-03-16,9.6,13.9,6.7,0.0,1.6780219780219778,0
1997-03-17,12.6,19.4,7.8,0.0,1.6780219780219778,0
1997-03-18,14.3,24.4,7.2,0.0,1.6780219780219778,0
1997-03-19,14.8,25.0,6.7,0.0,1.6780219780219778,0
1997-03-20,15.2,23.9,7.8,0.0,1.6780219780219778,0
1997-03-21,17.8,23.3,11.1,0.0,1.6780219780219778,0
1997-03-22,11.6,18.3,8.3,0.0,1.6780219780219778,0
1997-03-23,10.7,17.2,6.7,0.0,1.6780219780219778,0
1997-03-24,14.3,23.3,6.1,0.0,1.6780219780219778,0
1997-03-25,15.7,24.4,7.8,0.0,1.6780219780219778,0
1997-03-26,10.4,17.8,5.0,0.0,1.6780219780219778,0
1997-03-27,10.8,16.7,7.2,0.0,1.6780219780219778,0
1997-03-28,11.4,18.9,6.1,0.0,1.6780219780219778,0
1997-03-29,13.6,22.2,6.1,0.0,1.6780219780219778,0
1997-03-30,9.2,14.4,5.0,0.0,1.6780219780219778,0
1997-03-31,6.7,11.7,1.7,0.0,1.6780219780219778,0
1997-04-01,11.8,14.4,9.4,0.0,1.6780219780219778,0
1997-04-02,11.8,17.8,5.6,0.0,1.6780219780219778,0
1997-04-03,13.7,21.7,5.0,0.0,1.6780219780219778,0
1997-04-04,8.4,15.6,4.4,0.0,1.6780219780219778,0
1997-04-05,8.8,15.6,0.6,0.0,1.6780219780219778,0
1997-04-06,8.9,14.4,3.9,0.0,1.6780219780219778,0
1997-04-07,8.9,16.1,2.8,0.0,1.6780219780219778,0
1997-04-08,8.9,14.4,3.3,0.0,1.6780219780219778,0
1997-04-09,7.3,13.3,0.6,0.0,1.6780219780219778,0
1997-04-10,8.5,16.7,2.8,0.0,1.6780219780219778,0
1997-04-11,8.6,17.2,1.7,0.0,1.6780219780219778,0
1997-04-12,9.9,17.2,2.8,0.0,1.6780219780219778,0
1997-04-13,8.7,13.9,4.4,0.0,1.6780219780219778,0
1997-04-14,12.3,20.6,3.3,0.0,1.6780219780219778,0
1997-04-15,14.9,24.4,6.7,0.0,1.6780219780219778,0
1997-04-16,13.0,20.6,5.6,0.0,1.6780219780219778,0
1997-04-17,14.0,22.8,8.9,0.0,1.6780219780219778,0
1997-04-18,13.9,20.0,9.4,0.0,1.6780219780219778,0
1997-04-19,15.1,20.0,10.6,0.0,1.6780219780219778,0
1997-04-20,15.9,21.7,12.2,0.0,1.6780219780219778,0
1997-04-21,15.6,21.1,12.2,0.0,1.6780219780219778,0
1997-04-22,14.5,20.0,10.0,0.0,1.6780219780219778,0
1997-04-23,10.2,15.0,5.0,0.0,1.6780219780219778,0
1997-04-24,9.7,16.1,3.3,0.0,1.6780219780219778,0
1997-04-25,17.5,25.6,9.4,0.0,1.6780219780219778,0
1997-04-26,14.7,23.3,8.3,0.0,1.6780219780219778,0
1997-04-27,10.6,14.4,8.3,0.0,1.6780219780219778,0
1997-04-28,10.3,13.9,5.6,0.0,1.6780219780219778,0
1997-04-29,11.9,16.7,6.7,0.0,1.6780219780219778,0
1997-04-30,10.6,17.8,3.9,0.0,1.6725274725274724,0
1997-05-01,9.5,18.3,1.7,0.0,1.53021978021978,0
1997-05-02,10.8,18.3,2.8,0.0,1.53021978021978,0
1997-05-03,14.5,21.7,6.1,0.0,1.53021978021978,0
1997-05-04,11.4,18.9,3.9,0.0,1.53021978021978,0
1997-05-05,12.6,20.0,4.4,0.0,1.53021978021978,0
1997-05-06,14.8,22.8,6.7,0.0,1.53021978021978,0
1997-05-07,13.1,21.1,5.6,0.0,1.53021978021978,0
1997-05-08,12.0,17.8,7.8,0.0,1.53021978021978,0
1997-05-09,13.3,22.2,5.0,0.0,1.53021978021978,0
1997-05-10,12.9,21.1,9.4,0.0,1.53021978021978,0
1997-05-11,13.1,20.0,8.9,0.0,1.53021978021978,0
1997-05-12,14.4,26.7,6.7,0.0,1.53021978021978,0
1997-05-13,17.6,27.8,8.9,0.0,1.53021978021978,0
1997-05-14,17.7,24.4,10.6,0.0,1.53021978021978,0
1997-05-15,18.9,27.8,10.6,0.0,1.53021978021978,0
1997-05-16,24.7,32.8,16.1,0.0,1.53021978021978,0
1997-05-17,25.6,34.4,16.1,0.0,1.53021978021978,0
1997-05-18,19.9,26.7,10.6,0.0,1.53021978021978,0
1997-05-19,15.0,23.9,6.7,0.0,1.53021978021978,0
1997-05-20,14.4,21.1,6.1,0.0,1.53021978021978,0
1997-05-21,13.7,23.9,4.4,0.0,1.53021978021978,0
1997-05-22,14.0,22.2,6.1,0.0,1.5258241758241762,0
1997-05-23,15.2,21.7,9.4,0.0,1.3318681318681318,0
1997-05-24,14.0,19.4,10.0,0.0,1.3082417582417585,0
1997-05-25,13.6,20.0,7.2,0.0,1.3082417582417585,0
1997-05-26,16.3,24.4,6.7,0.0,1.3082417582417585,0
1997-05-27,19.2,25.6,12.2,0.0,1.3082417582417585,0
1997-05-28,18.9,24.4,13.3,0.0,1.3082417582417585,0
1997-05-29,18.6,26.1,11.7,0.0,1.3082417582417585,0
1997-05-30,18.5,26.1,11.1,0.0,1.3082417582417585,0
1997-05-31,19.6,29.4,12.2,0.0,1.3082417582417585,0
1997-06-01,14.5,19.4,10.6,0.0,1.3082417582417585,0
1997-06-02,14.5,23.3,7.8,0.0,1.3082417582417585,0
1997-06-03,15.7,21.1,9.4,0.0,1.3082417582417585,0
1997-06-04,18.6,25.6,11.1,0.0,1.3082417582417585,0
1997-06-05,13.4,18.3,7.8,0.0,1.3082417582417585,0
1997-06-06,14.3,22.8,7.8,0.0,1.2945054945054946,0
1997-06-07,13.4,21.1,7.2,0.0,1.2917582417582418,0
1997-06-08,14.7,22.8,8.9,0.0,1.2917582417582418,0
1997-06-09,14.6,22.8,9.4,0.0,1.2917582417582418,0
1997-06-10,11.9,15.0,10.0,0.0,1.0543956043956044,0
1997-06-11,14.7,22.8,7.2,0.0,0.971978021978022,0
1997-06-12,12.5,16.7,10.0,0.0,0.8670329670329671,0
1997-06-13,14.6,21.7,5.6,0.0,0.8571428571428571,0
1997-06-14,14.8,21.1,8.3,0.0,0.8571428571428571,0
1997-06-15,16.7,23.9,11.1,0.0,0.8571428571428571,0
1997-06-16,14.7,23.9,11.1,0.0,0.8571428571428571,0
1997-06-19,15.7,23.3,7.2,0.0,0.8571428571428571,0
1997-06-20,13.2,19.4,6.1,0.0,0.8571428571428571,0
1997-06-21,13.9,19.4,10.6,0.0,0.8571428571428571,0
1997-06-22,12.4,18.3,5.6,0.0,0.8571428571428571,0
1997-06-23,14.2,24.4,3.9,0.0,0.8571428571428571,0
1997-06-24,17.6,28.9,7.8,0.0,0.8571428571428571,0
1997-06-25,15.8,26.7,6.7,0.0,0.8571428571428571,0
1997-06-26,12.9,21.1,6.1,0.0,0.8571428571428571,0
1997-06-27,12.9,17.2,8.9,0.0,0.8571428571428571,0
1997-06-28,13.1,18.3,7.8,0.0,0.8571428571428571,0
1997-06-29,13.9,20.6,5.6,0.0,0.7917582417582418,0
1997-06-30,14.9,21.1,7.8,0.0,0.7901098901098902,0
1997-07-01,15.3,23.3,6.7,0.0,0.7901098901098902,0
1997-07-02,17.5,26.1,7.2,0.0,0.7901098901098902,0
1997-07-03,16.8,24.4,8.9,0.0,0.7901098901098902,0
1997-07-04,14.8,22.8,10.6,0.0,0.7736263736263737,0
1997-07-05,15.3,22.8,8.3,0.0,0.7373626373626374,0
1997-07-06,15.3,22.8,7.8,0.0,0.7291208791208792,0
1997-07-07,17.4,27.2,9.4,0.0,0.7291208791208792,0
1997-07-08,17.1,27.2,8.9,0.0,0.7247252747252747,0
1997-07-09,15.7,23.3,10.6,0.0,0.7247252747252747,0
1997-07-10,15.3,23.9,10.0,0.0,0.7247252747252747,0
1997-07-11,14.9,21.1,11.1,0.0,0.7247252747252747,0
1997-07-12,16.6,26.7,10.0,0.0,0.7247252747252747,0
1997-07-13,15.5,25.0,7.8,0.0,0.7247252747252747,0
1997-07-14,16.0,23.9,7.8,0.0,0.7247252747252747,0
1997-07-15,17.2,27.8,10.0,0.0,0.5560439560439562,0
1997-07-16,14.8,22.2,9.4,0.0,0.5335164835164835,0
1997-07-17,16.1,22.8,10.6,0.0,0.528021978021978,0
1997-07-18,16.0,25.0,8.9,0.0,0.3884615384615386,0
1997-07-19,15.0,23.3,8.3,0.0,0.3884615384615386,0
1997-07-20,15.1,22.2,11.1,0.0,0.3884615384615386,0
1997-07-21,16.4,25.6,10.0,0.0,0.3884615384615386,0
1997-07-22,15.7,23.9,8.9,0.0,0.3884615384615386,0
1997-07-23,16.6,25.6,11.1,0.0,0.3813186813186813,0
1997-07-24,18.2,26.1,11.7,0.0,0.3461538461538462,0
1997-07-25,18.0,27.2,9.4,0.0,0.2835164835164835,0
1997-07-26,15.9,23.9,8.3,0.0,0.1774725274725275,0
1997-07-27,16.9,23.9,12.2,0.0,0.1774725274725275,0
1997-07-28,16.5,22.8,11.7,0.0,0.0697802197802198,0
1997-07-29,16.9,25.0,10.6,0.0,0.010989010989011,0
1997-07-30,15.3,21.1,12.2,0.0,0.010989010989011,0
1997-07-31,15.4,23.3,10.0,0.0,0.010989010989011,0
1997-08-01,15.4,23.3,8.9,0.0,0.010989010989011,0
1997-08-02,15.2,23.9,7.2,0.0,0.010989010989011,0
1997-08-03,15.4,23.3,9.4,0.0,0.010989010989011,0
1997-08-04,18.2,28.9,8.9,0.0,0.010989010989011,0
1997-08-05,19.6,31.1,10.0,0.0,0.010989010989011,0
1997-08-06,18.2,28.9,8.3,0.0,0.010989010989011,0
1997-08-07,20.0,31.7,12.2,0.0,0.010989010989011,0
1997-08-08,18.4,28.3,10.0,0.0,0.010989010989011,0
1997-08-09,17.1,23.3,14.4,0.0,0.010989010989011,0
1997-08-10,16.4,20.6,12.8,0.0,0.010989010989011,0
1997-08-11,16.8,22.2,13.3,0.0,0.010989010989011,0
1997-08-12,16.9,23.9,12.2,0.0,0.010989010989011,0
1997-08-13,16.6,24.4,11.1,0.0,0.0027472527472527,0
1997-08-14,16.6,26.7,8.9,0.0,0.0027472527472527,0
1997-08-15,16.1,23.3,10.6,0.0,0.0027472527472527,0
1997-08-16,15.8,22.2,10.6,0.0,0.0027472527472527,0
1997-08-17,15.2,22.8,8.9,0.0,0.0027472527472527,0
1997-08-18,16.7,23.3,11.1,0.0,0.0027472527472527,0
1997-08-19,15.9,23.3,10.6,0.0,0.0027472527472527,0
1997-08-20,12.7,14.4,11.7,0.0,0.0,0
1997-08-21,16.4,21.1,11.7,0.0,0.0,0
1997-08-22,18.4,25.6,12.2,0.0,0.0,0
1997-08-23,17.9,24.4,12.8,0.0,0.0,0
1997-08-24,18.2,24.4,12.8,0.0,0.0,0
1997-08-25,16.9,23.9,10.6,0.0,0.0,0
1997-08-26,17.8,26.1,10.6,0.0,0.0,0
1997-08-27,17.9,23.9,12.8,0.0,0.0,0
1997-08-28,17.8,24.4,10.6,0.0,0.0,0
1997-08-29,16.9,22.8,10.6,0.0,0.0,0
1997-08-30,16.6,22.2,11.1,0.0,0.0,0
1997-08-31,17.3,23.3,11.7,0.0,0.0,0
1997-09-01,16.4,24.4,11.1,0.0,0.0,0
1997-09-02,18.0,23.3,14.4,0.0,0.0,0
1997-09-03,18.6,25.0,12.2,0.0,0.0,0
1997-09-04,20.4,30.0,12.2,0.0,0.0,0
1997-09-05,16.9,26.1,11.1,0.0,0.0,0
1997-09-06,16.6,23.9,10.6,0.0,0.0,0
1997-09-07,16.4,23.9,12.2,0.0,0.0,0
1997-09-08,18.1,26.1,11.1,0.0,0.0,0
1997-09-09,17.6,26.7,11.1,0.0,0.0,0
1997-09-10,17.3,23.3,12.2,0.0,0.0,0
1997-09-11,18.1,23.3,15.0,0.0,0.0,0
1997-09-12,17.3,22.8,14.4,0.0,0.0,0
1997-09-13,17.4,22.8,14.4,0.0,0.0,0
1997-09-14,16.4,24.4,11.1,0.0,0.0,0
1997-09-15,15.2,23.3,9.4,0.0,0.0,0
1997-09-16,17.3,25.0,10.0,0.0,0.0,0
1997-09-17,15.8,22.2,9.4,0.0,0.0,0
1997-09-18,16.0,22.2,10.6,0.0,0.0,0
1997-09-19,17.3,27.2,11.1,0.0,0.0,0
1997-09-20,20.3,29.4,12.8,0.0,0.0,0
1997-09-21,17.8,29.4,10.6,0.0,0.0,0
1997-09-22,16.9,25.0,8.9,0.0,0.0,0
1997-09-23,24.3,35.0,15.0,0.0,0.0,0
1997-09-24,24.2,35.6,16.1,0.0,0.0,0
1997-09-25,19.0,27.2,14.4,11.4,0.0626373626373626,0
1997-09-26,16.2,22.2,9.4,0.0,0.0626373626373626,0
1997-09-27,18.9,28.3,8.9,0.0,0.0626373626373626,0
1997-09-28,24.4,32.2,13.9,0.0,0.0626373626373626,0
1997-09-29,22.1,32.2,10.6,0.0,0.0626373626373626,0
1997-09-30,15.9,25.6,8.9,0.0,0.0626373626373626,0
1997-10-01,16.1,23.3,11.1,0.0,0.0626373626373626,0
1997-10-02,19.5,26.7,9.4,0.0,0.0626373626373626,0
1997-10-03,15.5,23.9,8.3,0.0,0.0626373626373626,0
1997-10-04,15.0,21.1,9.4,0.0,0.0626373626373626,0
1997-10-05,15.0,23.3,8.3,0.0,0.0626373626373626,0
1997-10-06,12.3,15.6,7.2,0.0,0.0626373626373626,0
1997-10-07,10.7,17.8,4.4,0.0,0.0626373626373626,0
1997-10-08,12.8,19.4,6.1,0.0,0.0626373626373626,0
1997-10-09,21.7,32.2,11.1,0.0,0.0626373626373626,0
1997-10-10,17.8,26.7,10.0,0.0,0.0626373626373626,0
1997-10-11,13.9,20.0,6.1,0.0,0.0626373626373626,0
1997-10-12,13.6,20.6,7.8,0.0,0.0626373626373626,0
1997-10-13,18.1,23.9,8.3,0.0,0.0626373626373626,0
1997-10-14,20.8,27.8,11.7,0.0,0.0626373626373626,0
1997-10-15,22.2,33.3,13.9,0.0,0.0626373626373626,0
1997-10-16,21.3,33.3,13.9,0.0,0.0626373626373626,0
1997-10-17,17.1,26.7,10.0,0.0,0.0626373626373626,0
1997-10-18,13.3,23.3,7.8,0.0,0.0626373626373626,0
1997-10-19,11.7,16.1,9.4,0.0,0.0626373626373626,0
1997-10-20,12.9,19.4,7.8,0.0,0.0626373626373626,0
1997-10-21,11.9,21.1,7.2,0.0,0.0626373626373626,0
1997-10-22,11.7,20.0,6.7,0.0,0.0626373626373626,0
1997-10-23,12.4,17.8,6.7,0.0,0.0626373626373626,0
1997-10-24,14.4,21.1,6.7,0.0,0.0626373626373626,0
1997-10-25,14.9,23.3,7.8,0.0,0.0626373626373626,0
1997-10-26,13.9,25.0,6.7,0.0,0.0626373626373626,0
1997-10-27,14.2,21.7,6.7,0.0,0.0626373626373626,0
1997-10-28,11.9,21.7,6.1,0.0,0.0626373626373626,0
1997-10-29,12.8,21.1,5.6,0.0,0.0626373626373626,0
1997-10-30,14.8,22.2,10.0,0.0,0.0626373626373626,0
1997-10-31,15.9,23.3,11.1,0.0,0.0626373626373626,0
1997-11-01,20.0,27.8,13.9,0.0,0.0626373626373626,0
1997-11-02,23.6,32.8,16.1,0.0,0.0626373626373626,0
1997-11-03,21.2,31.1,16.1,0.0,0.0626373626373626,0
1997-11-04,19.6,30.0,10.0,0.0,0.0626373626373626,0
1997-11-05,12.3,22.8,6.1,0.0,0.0626373626373626,0
1997-11-06,13.2,19.4,8.3,0.0,0.0626373626373626,0
1997-11-07,11.1,17.2,5.0,0.0,0.0626373626373626,0
1997-11-08,10.4,17.2,3.9,0.0,0.0626373626373626,0
1997-11-09,11.7,18.9,5.6,0.0,0.0626373626373626,0
1997-11-10,16.6,21.1,11.1,14.5,0.1423076923076923,0
1997-11-11,17.7,18.9,16.7,0.0,0.1423076923076923,0
1997-11-12,18.0,21.1,15.6,0.0,0.1423076923076923,0
1997-11-13,10.4,15.0,6.7,8.9,0.1912087912087912,0
1997-11-14,7.6,10.6,6.1,0.0,0.1912087912087912,0
1997-11-15,3.7,7.2,1.1,0.3,0.1928571428571429,0
1997-11-16,1.9,3.9,0.6,0.0,0.1928571428571429,0
1997-11-17,3.8,8.9,-0.6,0.0,0.1928571428571429,0
1997-11-18,7.6,13.3,4.4,0.0,0.1928571428571429,0
1997-11-19,7.7,8.9,6.7,0.0,0.1928571428571429,0
1997-11-20,10.0,12.8,7.2,0.0,0.1928571428571429,0
1997-11-21,7.9,12.2,2.8,0.0,0.1928571428571429,0
1997-11-22,6.7,11.1,2.2,0.0,0.1928571428571429,0
1997-11-23,7.3,11.7,2.8,0.0,0.1928571428571429,0
1997-11-24,6.6,11.7,2.2,0.0,0.1928571428571429,0
1997-11-25,8.1,15.0,3.9,0.0,0.1928571428571429,0
1997-11-26,17.5,20.0,12.8,19.6,0.3005494505494506,0
1997-11-27,16.8,18.9,13.9,0.0,0.3005494505494506,0
1997-11-28,15.2,19.4,12.8,0.0,0.3005494505494506,0
1997-11-29,14.8,17.2,12.8,0.0,0.3005494505494506,0
1997-11-30,9.8,14.4,2.2,9.1,0.3505494505494506,0
1997-12-01,4.9,11.1,0.6,0.0,0.3505494505494506,0
1997-12-02,5.6,11.7,0.0,0.0,0.3505494505494506,0
1997-12-03,8.3,10.0,6.7,0.0,0.3505494505494506,0
1997-12-04,9.2,11.1,7.2,0.0,0.3505494505494506,0
1997-12-05,21.2,24.4,7.8,13.5,0.4247252747252747,0
1997-12-06,21.7,23.9,20.0,25.7,0.5659340659340659,0
1997-12-07,16.9,21.1,12.2,2.0,0.5769230769230769,0
1997-12-08,12.3,14.4,11.1,0.0,0.5769230769230769,0
1997-12-09,10.8,17.2,4.4,0.0,0.5769230769230769,0
1997-12-10,9.4,12.2,5.6,0.0,0.5769230769230769,0
1997-12-11,9.4,15.0,3.3,0.0,0.5769230769230769,0
1997-12-12,8.4,16.1,2.8,0.0,0.5769230769230769,0
1997-12-13,11.6,14.4,7.2,0.0,0.5769230769230769,0
1997-12-14,15.0,17.2,10.6,0.0,0.5769230769230769,0
1997-12-15,11.8,17.8,8.3,0.0,0.5769230769230769,0
1997-12-16,11.0,20.6,7.2,0.0,0.5769230769230769,0
1997-12-17,10.6,14.4,8.3,0.0,0.5769230769230769,0
1997-12-18,10.1,13.3,7.8,22.9,0.7027472527472528,0
1997-12-19,8.8,15.0,3.9,0.0,0.7027472527472528,0
1997-12-20,7.2,14.4,2.8,0.0,0.7027472527472528,0
1997-12-21,7.8,12.2,3.9,0.0,0.7027472527472528,0
1997-12-22,6.8,11.1,2.2,0.0,0.7027472527472528,0
1997-12-23,7.7,14.4,0.6,0.0,0.7027472527472528,0
1997-12-24,9.7,12.8,6.1,0.0,0.7027472527472528,0
1997-12-25,7.7,11.7,4.4,0.0,0.7027472527472528,0
1997-12-26,6.1,13.3,0.0,0.0,0.7027472527472528,0
1997-12-27,8.2,13.9,1.7,0.0,0.7027472527472528,0
1997-12-28,15.2,16.7,13.3,0.0,0.7027472527472528,0
1997-12-29,13.7,20.6,8.3,0.0,0.7027472527472528,0
1997-12-30,14.4,22.8,10.0,0.0,0.7027472527472528,0
1997-12-31,11.9,21.7,6.7,0.0,0.7027472527472528,0
1998-01-01,9.1,13.9,4.4,0.0,0.7027472527472528,0
1998-01-02,14.4,17.8,9.4,0.3,0.7043956043956044,0
1998-01-03,15.3,17.2,13.9,4.1,0.726923076923077,0
1998-01-04,12.8,16.1,8.3,12.7,0.7967032967032966,0
1998-01-05,9.0,17.2,2.2,0.0,0.7967032967032966,0
1998-01-06,8.8,14.4,1.7,0.0,0.7967032967032966,0
1998-01-07,16.8,21.7,15.0,0.0,0.7967032967032966,0
1998-01-08,17.0,20.6,14.4,0.0,0.7967032967032966,0
1998-01-09,17.2,18.3,16.1,51.1,1.0774725274725276,0
1998-01-10,16.4,17.2,15.0,3.6,1.0972527472527474,0
1998-01-11,15.2,16.1,14.4,0.0,1.0972527472527474,0
1998-01-12,14.9,16.7,12.2,0.0,1.0972527472527474,0
1998-01-13,14.8,17.8,12.2,2.5,1.110989010989011,0
1998-01-14,14.9,16.1,13.9,0.0,1.110989010989011,0
1998-01-15,14.8,16.1,13.3,1.0,1.1164835164835163,0
1998-01-16,14.6,16.1,12.8,0.0,1.1164835164835163,0
1998-01-17,15.3,20.6,12.8,0.0,1.1164835164835163,0
1998-01-18,13.3,17.8,10.0,0.0,1.1164835164835163,0
1998-01-19,10.3,13.3,8.3,4.3,1.14010989010989,0
1998-01-20,10.4,13.9,8.3,0.0,1.14010989010989,0
1998-01-21,11.4,16.7,7.8,0.0,1.14010989010989,0
1998-01-22,11.2,18.3,5.0,0.0,1.14010989010989,0
1998-01-23,9.2,13.3,5.0,0.0,1.14010989010989,0
1998-01-24,10.8,18.3,6.1,0.0,1.14010989010989,0
1998-01-25,11.8,18.9,5.0,0.0,1.14010989010989,0
1998-01-26,12.1,13.9,10.0,0.0,1.14010989010989,0
1998-01-27,11.7,17.8,8.3,0.0,1.14010989010989,0
1998-01-28,12.2,16.7,7.2,0.0,1.14010989010989,0
1998-01-29,9.6,13.3,5.0,24.4,1.2741758241758243,0
1998-01-30,14.9,30.6,3.3,0.0,1.2741758241758243,0
1998-01-31,17.1,21.7,10.6,0.8,1.2785714285714287,0
1998-02-01,15.8,18.3,13.3,0.5,1.2813186813186814,0
1998-02-02,15.6,18.3,12.8,5.3,1.3104395604395604,0
1998-02-03,11.9,13.9,10.0,41.4,1.5379120879120878,0
1998-02-04,12.3,16.1,10.0,0.0,1.5379120879120878,0
1998-02-05,12.6,14.4,11.1,0.0,1.5379120879120878,0
1998-02-06,11.4,14.4,10.0,48.8,1.806043956043956,0
1998-02-07,11.4,14.4,9.4,40.1,2.0263736263736263,0
1998-02-08,9.7,11.1,8.3,12.2,2.093406593406593,0
1998-02-09,8.8,14.4,5.0,0.0,2.093406593406593,0
1998-02-10,9.1,11.1,5.6,0.0,2.093406593406593,0
1998-02-11,11.1,16.1,7.8,0.0,2.093406593406593,0
1998-02-12,10.2,11.1,8.9,0.0,2.093406593406593,0
1998-02-13,12.0,16.1,7.8,0.0,2.093406593406593,0
1998-02-14,10.2,12.2,7.2,55.4,2.3978021978021977,0
1998-02-15,9.2,14.4,6.1,0.0,2.3978021978021977,0
1998-02-16,8.7,11.1,6.1,4.1,2.42032967032967,0
1998-02-17,9.9,14.4,7.2,9.7,2.4736263736263737,0
1998-02-18,11.6,17.2,7.2,0.0,2.4736263736263737,0
1998-02-19,10.2,12.2,7.2,18.5,2.575274725274725,0
1998-02-20,9.2,13.3,5.0,0.0,2.575274725274725,0
1998-02-21,10.8,12.8,8.9,4.6,2.60054945054945,0
1998-02-22,10.8,14.4,7.8,41.9,2.830769230769231,0
1998-02-23,9.9,12.8,7.2,41.9,3.060989010989011,0
1998-02-24,10.1,15.0,5.6,23.1,3.187912087912088,0
1998-02-25,10.5,14.4,7.8,0.0,3.187912087912088,0
1998-02-26,8.9,12.8,5.0,0.0,3.187912087912088,0
1998-02-27,10.8,15.6,8.3,0.0,3.187912087912088,0
1998-02-28,10.1,13.9,6.7,0.0,3.187912087912088,0
1998-03-01,9.4,14.4,5.0,0.0,3.187912087912088,0
1998-03-02,11.1,16.1,7.2,0.0,3.187912087912088,0
1998-03-03,8.1,13.3,2.2,0.0,3.187912087912088,0
1998-03-04,6.7,13.3,1.1,0.0,3.187912087912088,0
1998-03-05,5.4,7.8,1.1,2.8,3.2032967032967035,0
1998-03-06,6.4,12.8,1.1,4.3,3.226923076923077,0
1998-03-07,5.9,13.9,0.6,0.0,3.226923076923077,0
1998-03-08,10.3,15.6,6.7,0.0,3.226923076923077,0
1998-03-09,11.6,18.9,5.6,0.0,3.226923076923077,0
1998-03-10,12.9,21.1,5.0,0.0,3.226923076923077,0
1998-03-11,13.6,22.8,6.7,0.0,3.226923076923077,0
1998-03-12,11.5,15.0,8.3,0.0,3.226923076923077,0
1998-03-13,13.9,18.3,9.4,7.4,3.267582417582418,0
1998-03-14,12.3,17.2,8.3,4.8,3.293956043956044,0
1998-03-15,12.3,17.8,8.3,0.0,3.293956043956044,0
1998-03-16,11.4,15.0,10.0,0.0,3.293956043956044,0
1998-03-17,11.0,18.3,6.1,0.0,3.293956043956044,0
1998-03-18,12.5,21.1,6.1,0.0,3.293956043956044,0
1998-03-19,10.7,13.3,7.8,0.0,3.293956043956044,0
1998-03-20,11.2,13.9,9.4,0.0,3.293956043956044,0
1998-03-21,12.3,15.0,10.0,0.0,3.293956043956044,0
1998-03-22,14.1,20.0,10.0,0.0,3.293956043956044,0
1998-03-23,13.6,16.7,11.7,0.0,3.293956043956044,0
1998-03-24,13.2,18.3,8.9,0.0,3.293956043956044,0
1998-03-25,15.4,20.0,10.6,46.5,3.5494505494505493,0
1998-03-26,11.2,13.3,8.9,0.0,3.486813186813187,0
1998-03-27,8.7,12.8,5.0,0.0,3.486813186813187,0
1998-03-28,6.3,11.1,2.2,5.8,3.5186813186813186,0
1998-03-29,6.9,13.9,1.1,0.0,3.5186813186813186,0
1998-03-30,8.2,15.0,1.1,0.0,3.5186813186813186,0
1998-03-31,6.6,9.4,6.1,31.5,3.6917582417582415,0
1998-04-01,8.6,13.3,3.9,1.0,3.697252747252747,0
1998-04-02,8.9,14.4,6.1,0.0,3.697252747252747,0
1998-04-03,11.9,16.7,5.0,1.3,3.704395604395605,0
1998-04-04,15.0,18.3,12.8,7.4,3.745054945054945,0
1998-04-05,14.4,18.9,10.6,0.0,3.745054945054945,0
1998-04-06,12.3,15.6,10.6,0.0,3.745054945054945,0
1998-04-07,10.8,16.1,4.4,0.0,3.745054945054945,0
1998-04-08,8.2,14.4,3.3,0.0,3.745054945054945,0
1998-04-09,10.3,14.4,7.2,0.0,3.745054945054945,0
1998-04-10,10.4,16.1,6.1,0.0,3.745054945054945,0
1998-04-11,8.6,11.7,6.7,15.0,3.827472527472528,0
1998-04-12,7.9,12.2,2.8,0.0,3.827472527472528,0
1998-04-13,6.7,11.7,2.8,0.0,3.827472527472528,0
1998-04-14,5.3,11.7,0.6,0.0,3.827472527472528,0
1998-04-15,7.7,13.3,1.1,0.0,3.827472527472528,0
1998-04-16,10.4,16.1,6.1,0.0,3.827472527472528,0
1998-04-17,9.4,16.1,3.9,0.0,3.827472527472528,0
1998-04-18,10.7,16.7,6.7,0.0,3.827472527472528,0
1998-04-19,10.7,15.6,7.2,0.0,3.827472527472528,0
1998-04-20,12.2,20.0,6.7,0.0,3.827472527472528,0
1998-04-21,17.7,28.9,5.6,0.0,3.827472527472528,0
1998-04-22,15.1,22.2,11.1,0.0,3.827472527472528,0
1998-04-23,11.3,14.4,10.0,0.0,3.827472527472528,0
1998-04-24,9.8,12.2,6.7,0.0,3.827472527472528,0
1998-04-25,9.9,16.7,3.9,0.0,3.827472527472528,0
1998-04-26,11.2,21.7,5.6,0.0,3.827472527472528,0
1998-04-27,14.3,23.3,6.1,0.0,3.827472527472528,0
1998-04-28,14.4,23.9,6.7,0.0,3.827472527472528,0
1998-04-29,13.4,22.8,7.2,0.0,3.827472527472528,0
1998-04-30,13.7,19.4,9.4,0.0,3.827472527472528,0
1998-05-01,17.6,26.1,11.1,0.0,3.827472527472528,0
1998-05-02,16.9,22.8,8.3,3.6,3.8472527472527474,0
1998-05-03,13.8,21.7,7.8,1.3,3.854395604395605,0
1998-05-04,15.9,25.0,10.6,8.6,3.901648351648352,0
1998-05-05,12.2,15.0,8.9,7.4,3.942307692307693,0
1998-05-06,11.7,15.6,8.3,6.6,3.9785714285714286,0
1998-05-07,10.7,12.2,10.0,0.0,3.9785714285714286,0
1998-05-08,10.3,11.7,9.4,0.0,3.9785714285714286,0
1998-05-09,10.3,13.3,7.2,0.0,3.9785714285714286,0
1998-05-10,11.4,16.1,8.3,0.0,3.9785714285714286,0
1998-05-11,9.3,12.8,7.2,0.0,3.898901098901099,0
1998-05-12,14.4,18.9,7.2,30.0,4.063736263736264,0
1998-05-13,16.7,20.0,15.0,21.3,4.180769230769231,0
1998-05-14,15.8,18.9,11.1,0.0,4.131868131868132,0
1998-05-15,14.4,18.9,10.0,0.0,4.131868131868132,0
1998-05-16,11.3,15.0,6.1,0.0,4.13021978021978,0
1998-05-17,9.9,16.1,2.8,0.0,4.13021978021978,0
1998-05-18,11.6,18.3,3.9,0.0,4.13021978021978,0
1998-05-19,11.0,15.0,6.1,0.0,4.13021978021978,0
1998-05-20,10.8,15.6,5.6,0.0,4.13021978021978,0
1998-05-21,10.9,14.4,8.3,0.0,4.13021978021978,0
1998-05-22,12.2,17.8,8.9,0.0,4.13021978021978,0
1998-05-23,12.5,17.2,10.0,0.0,4.13021978021978,0
1998-05-24,13.6,18.9,10.0,0.0,4.13021978021978,0
1998-05-25,11.0,15.0,6.7,0.0,4.13021978021978,0
1998-05-26,9.9,14.4,5.0,0.0,4.13021978021978,0
1998-05-27,10.9,14.4,7.8,0.0,4.022527472527472,0
1998-05-28,10.8,12.8,9.4,0.0,4.022527472527472,0
1998-05-29,10.6,15.0,6.1,0.0,4.022527472527472,0
1998-05-30,12.8,20.0,6.1,0.0,4.022527472527472,0
1998-05-31,13.3,20.0,6.7,0.0,3.9725274725274726,0
1998-06-01,13.1,19.4,9.4,0.0,3.9725274725274726,0
1998-06-02,12.8,16.1,8.9,0.0,3.9725274725274726,0
1998-06-03,12.5,15.0,9.4,0.0,3.9725274725274726,0
1998-06-04,11.7,15.6,7.8,0.0,3.9725274725274726,0
1998-06-05,13.3,19.4,7.2,0.0,3.898351648351648,0
1998-06-06,12.1,14.4,10.6,0.0,3.7571428571428567,0
1998-06-07,12.2,14.4,11.1,0.0,3.7461538461538457,0
1998-06-08,12.8,17.2,11.1,0.0,3.7461538461538457,0
1998-06-09,13.2,17.8,10.6,0.0,3.7461538461538457,0
1998-06-10,12.0,13.3,10.6,0.0,3.7461538461538457,0
1998-06-11,11.0,15.6,7.2,1.0,3.751648351648351,0
1998-06-12,12.4,17.8,6.7,0.3,3.7532967032967033,0
1998-06-13,13.8,17.8,11.1,0.0,3.7532967032967033,0
1998-06-14,17.9,26.1,8.9,0.0,3.7532967032967033,0
1998-06-15,18.7,28.9,11.7,0.0,3.7532967032967033,0
1998-06-16,17.6,23.3,11.1,0.0,3.7532967032967033,0
1998-06-17,16.5,23.3,8.9,0.0,3.7532967032967033,0
1998-06-18,14.3,23.3,6.7,0.0,3.627472527472528,0
1998-06-19,13.4,20.0,8.9,0.0,3.627472527472528,0
1998-06-20,13.9,20.0,10.0,0.0,3.627472527472528,0
1998-06-21,14.2,20.0,11.1,0.0,3.627472527472528,0
1998-06-22,12.8,17.8,10.6,0.0,3.627472527472528,0
1998-06-23,11.7,14.4,10.0,0.0,3.627472527472528,0
1998-06-24,13.4,18.9,11.1,0.0,3.627472527472528,0
1998-06-25,13.3,17.8,10.6,0.0,3.627472527472528,0
1998-06-26,15.3,20.0,7.2,0.0,3.627472527472528,0
1998-06-27,15.4,23.3,6.7,0.0,3.627472527472528,0
1998-06-28,13.1,18.3,10.0,0.0,3.627472527472528,0
1998-06-29,11.8,14.4,10.0,0.0,3.627472527472528,0
1998-06-30,11.6,13.3,10.6,0.0,3.627472527472528,0
1998-07-01,11.1,13.3,10.0,0.0,3.627472527472528,0
1998-07-02,11.4,13.3,10.6,0.0,3.627472527472528,0
1998-07-03,11.9,16.1,10.0,0.0,3.625824175824176,0
1998-07-04,13.3,18.9,9.4,0.0,3.603296703296704,0
1998-07-05,14.0,20.6,8.3,0.0,3.533516483516484,0
1998-07-06,18.2,29.4,8.3,0.0,3.533516483516484,0
1998-07-07,19.9,29.4,11.1,0.0,3.533516483516484,0
1998-07-08,14.3,21.1,9.4,0.0,3.533516483516484,0
1998-07-09,12.1,16.7,8.9,0.0,3.533516483516484,0
1998-07-10,13.9,19.4,10.0,0.0,3.2527472527472527,0
1998-07-11,14.7,21.7,9.4,0.0,3.232967032967033,0
1998-07-12,15.8,25.6,8.3,0.0,3.232967032967033,0
1998-07-13,15.1,22.2,8.9,0.0,3.232967032967033,0
1998-07-14,15.5,23.9,10.0,0.0,3.219230769230769,0
1998-07-15,22.1,33.3,11.7,0.0,3.219230769230769,0
1998-07-16,19.5,29.4,12.2,0.0,3.2137362637362634,0
1998-07-17,15.8,23.9,10.0,0.0,3.2137362637362634,0
1998-07-18,21.2,32.8,10.6,0.0,3.2137362637362634,0
1998-07-19,19.3,30.0,10.0,0.0,3.2137362637362634,0
1998-07-20,15.1,22.2,10.0,0.0,3.1901098901098903,0
1998-07-21,15.4,21.1,11.7,0.0,3.1901098901098903,0
1998-07-22,14.8,21.7,10.6,0.0,3.1901098901098903,0
1998-07-23,16.2,22.8,12.2,0.0,3.1901098901098903,0
1998-07-24,16.7,23.3,11.7,0.0,3.1901098901098903,0
1998-07-25,16.9,26.7,11.7,0.0,3.1901098901098903,0
1998-07-26,16.8,25.0,11.1,0.0,3.1901098901098903,0
1998-07-27,15.9,24.4,10.0,0.0,3.1901098901098903,0
1998-07-28,15.0,22.2,8.9,0.0,3.1901098901098903,0
1998-07-29,14.9,20.6,12.2,0.0,3.1901098901098903,0
1998-07-30,15.2,19.4,12.2,0.0,3.0560439560439563,0
1998-07-31,15.7,22.2,12.2,0.0,3.0560439560439563,0
1998-08-01,19.4,28.3,9.4,0.0,3.0516483516483515,0
1998-08-02,23.3,32.2,15.0,0.0,3.0489010989010987,0
1998-08-03,27.2,40.0,16.1,0.0,3.01978021978022,0
1998-08-04,25.9,38.9,14.4,0.0,2.7923076923076926,0
1998-08-05,20.0,32.2,12.2,0.0,2.7923076923076926,0
1998-08-06,16.5,25.0,10.0,0.0,2.7923076923076926,0
1998-08-07,14.1,21.1,8.3,0.0,2.5241758241758245,0
1998-08-08,13.9,20.0,10.0,0.0,2.303846153846154,0
1998-08-09,14.9,24.4,7.8,0.0,2.236813186813187,0
1998-08-10,20.1,31.7,8.9,0.0,2.236813186813187,0
1998-08-11,22.1,33.3,12.8,0.0,2.236813186813187,0
1998-08-12,23.6,34.4,13.9,0.0,2.236813186813187,0
1998-08-13,19.8,31.1,11.7,0.0,2.236813186813187,0
1998-08-14,17.6,30.0,11.1,0.0,2.236813186813187,0
1998-08-15,15.2,22.8,10.0,0.0,1.9324175824175829,0
1998-08-16,14.4,23.3,7.2,0.0,1.9324175824175829,0
1998-08-17,13.1,17.2,10.0,0.0,1.90989010989011,0
1998-08-18,12.9,15.0,11.7,0.0,1.8565934065934069,0
1998-08-19,14.3,21.1,11.7,0.0,1.8565934065934069,0
1998-08-20,14.5,19.4,12.2,0.0,1.7549450549450551,0
1998-08-21,15.4,24.4,8.9,0.0,1.7549450549450551,0
1998-08-22,16.0,26.7,8.3,0.0,1.7296703296703295,0
1998-08-23,15.0,24.4,6.7,0.0,1.4994505494505497,0
1998-08-24,15.9,26.7,7.2,0.0,1.2692307692307692,0
1998-08-25,13.1,20.0,10.0,0.0,1.1423076923076922,0
1998-08-26,15.4,25.0,10.0,0.0,1.1423076923076922,0
1998-08-27,17.3,28.3,7.8,0.0,1.1423076923076922,0
1998-08-28,16.1,26.1,8.3,0.0,1.1423076923076922,0
1998-08-29,15.4,26.1,7.8,0.0,1.1423076923076922,0
1998-08-30,15.8,27.2,7.8,0.0,1.1423076923076922,0
1998-08-31,17.3,34.4,6.1,0.0,1.1423076923076922,0
1998-09-01,19.8,33.3,10.0,0.0,1.1423076923076922,0
1998-09-02,21.4,32.2,10.6,0.0,1.1423076923076922,0
1998-09-03,20.6,32.8,10.0,0.3,1.1285714285714286,0
1998-09-04,23.1,31.1,15.0,0.0,1.104945054945055,0
1998-09-05,20.8,28.9,15.0,0.0,1.104945054945055,0
1998-09-06,23.4,31.7,16.7,0.0,1.104945054945055,0
1998-09-07,23.4,32.2,12.2,0.0,1.104945054945055,0
1998-09-08,15.2,24.4,11.7,0.0,1.104945054945055,0
1998-09-09,12.1,13.3,11.1,0.0,1.104945054945055,0
1998-09-10,15.3,25.0,8.3,0.0,1.104945054945055,0
1998-09-11,19.1,28.3,11.7,0.0,1.0642857142857145,0
1998-09-12,20.5,28.9,13.3,0.0,1.037912087912088,0
1998-09-13,20.9,30.6,13.3,0.0,1.037912087912088,0
1998-09-14,16.9,26.1,11.1,0.0,1.037912087912088,0
1998-09-15,15.1,22.8,12.2,0.0,1.037912087912088,0
1998-09-16,14.7,24.4,9.4,0.0,1.037912087912088,0
1998-09-17,15.6,24.4,9.4,0.0,1.037912087912088,0
1998-09-18,14.8,22.8,8.9,0.0,1.037912087912088,0
1998-09-19,15.7,25.6,8.9,0.0,1.037912087912088,0
1998-09-20,13.4,21.1,7.2,0.0,1.037912087912088,0
1998-09-21,14.0,20.0,11.7,0.0,1.037912087912088,0
1998-09-22,14.4,20.6,9.4,0.0,1.037912087912088,0
1998-09-23,14.6,21.1,8.9,0.0,0.7824175824175826,0
1998-09-24,12.5,20.0,7.8,0.0,0.7824175824175826,0
1998-09-25,13.2,17.8,11.1,0.0,0.7824175824175826,0
1998-09-26,12.3,16.1,9.4,0.0,0.7505494505494507,0
1998-09-27,12.0,16.7,7.2,0.0,0.7505494505494507,0
1998-09-28,13.6,20.6,8.3,0.0,0.7505494505494507,0
1998-09-29,12.0,13.9,10.0,0.0,0.5774725274725276,0
1998-09-30,12.9,18.3,11.1,0.0,0.571978021978022,0
1998-10-01,12.2,13.9,11.7,0.0,0.571978021978022,0
1998-10-02,13.2,17.8,11.1,0.0,0.5648351648351649,0
1998-10-03,11.8,17.8,5.6,0.0,0.5241758241758243,0
1998-10-04,13.2,23.9,5.6,0.0,0.5241758241758243,0
1998-10-05,17.7,26.1,11.7,0.0,0.5241758241758243,0
1998-10-06,18.5,28.9,9.4,0.0,0.5241758241758243,0
1998-10-07,14.3,22.8,7.8,0.0,0.5241758241758243,0
1998-10-08,13.4,19.4,6.7,0.0,0.5241758241758243,0
1998-10-09,11.1,20.0,5.0,0.0,0.5241758241758243,0
1998-10-10,11.3,21.7,4.4,0.0,0.4417582417582418,0
1998-10-11,12.0,23.3,4.4,0.0,0.4417582417582418,0
1998-10-12,13.2,22.2,6.1,0.0,0.4417582417582418,0
1998-10-13,13.4,20.6,9.4,0.0,0.4417582417582418,0
1998-10-14,12.5,18.3,8.9,0.0,0.4417582417582418,0
1998-10-15,11.7,20.0,5.6,0.0,0.4417582417582418,0
1998-10-16,16.1,21.1,11.7,0.0,0.4417582417582418,0
1998-10-17,15.1,23.9,7.2,0.0,0.4417582417582418,0
1998-10-18,13.4,25.0,6.7,0.0,0.4417582417582418,0
1998-10-19,17.3,25.6,7.8,0.0,0.4417582417582418,0
1998-10-20,19.6,26.1,12.2,0.0,0.4417582417582418,0
1998-10-21,17.6,28.9,6.1,0.0,0.4417582417582418,0
1998-10-22,10.8,21.1,5.0,0.0,0.4417582417582418,0
1998-10-23,11.4,21.1,6.7,0.0,0.4417582417582418,0
1998-10-24,17.4,23.3,11.7,0.0,0.4417582417582418,0
1998-10-25,19.3,24.4,16.7,0.0,0.4417582417582418,0
1998-10-26,18.3,27.2,8.3,0.0,0.4417582417582418,0
1998-10-27,11.5,17.8,6.1,0.0,0.4417582417582418,0
1998-10-28,11.4,14.4,8.9,0.0,0.4417582417582418,0
1998-10-29,9.1,14.4,4.4,0.0,0.4417582417582418,0
1998-10-30,9.2,19.4,3.3,0.0,0.4417582417582418,0
1998-10-31,10.8,21.1,3.3,0.0,0.4219780219780221,0
1998-11-01,10.6,17.8,4.4,0.0,0.4148351648351649,0
1998-11-02,9.6,17.2,4.4,0.0,0.3675824175824176,0
1998-11-03,10.6,20.6,3.9,0.0,0.326923076923077,0
1998-11-04,10.2,14.4,6.7,0.0,0.2906593406593407,0
1998-11-05,10.4,17.8,3.3,0.0,0.2906593406593407,0
1998-11-06,8.2,12.2,2.2,0.0,0.2906593406593407,0
1998-11-07,9.7,12.8,4.4,0.0,0.2906593406593407,0
1998-11-08,8.3,13.9,4.4,12.7,0.3604395604395605,0
1998-11-09,8.6,17.2,4.4,0.0,0.3604395604395605,0
1998-11-10,7.9,9.4,7.2,0.0,0.1956043956043957,0
1998-11-11,7.7,12.8,4.4,1.8,0.0884615384615385,0
1998-11-12,8.8,16.1,3.9,0.0,0.0884615384615385,0
1998-11-13,10.5,20.0,5.0,0.0,0.0884615384615385,0
1998-11-14,9.7,17.8,4.4,0.0,0.0884615384615385,0
1998-11-15,12.3,18.9,8.9,0.0,0.0884615384615385,0
1998-11-16,11.6,18.9,7.8,0.0,0.0884615384615385,0
1998-11-17,18.0,25.6,9.4,0.0,0.0884615384615385,0
1998-11-18,10.4,17.8,5.0,0.0,0.0884615384615385,0
1998-11-19,9.0,18.3,2.8,0.0,0.0884615384615385,0
1998-11-20,9.1,18.3,2.2,0.0,0.0884615384615385,0
1998-11-21,12.6,20.0,7.2,0.0,0.0884615384615385,0
1998-11-22,13.1,19.4,10.0,0.0,0.0884615384615385,0
1998-11-23,12.1,13.9,8.3,0.0,0.0884615384615385,0
1998-11-24,9.4,16.7,5.0,0.0,0.0884615384615385,0
1998-11-25,8.8,17.8,3.3,0.0,0.0884615384615385,0
1998-11-26,12.3,18.9,5.0,0.0,0.0884615384615385,0
1998-11-27,9.2,10.0,8.3,0.0,0.0884615384615385,0
1998-11-28,8.2,12.8,5.6,19.1,0.1934065934065935,0
1998-11-29,11.4,20.0,7.2,0.0,0.1934065934065935,0
1998-11-30,17.3,20.0,15.6,0.0,0.1934065934065935,0
1998-12-01,17.1,21.7,14.4,7.4,0.2340659340659341,0
1998-12-02,18.6,20.6,15.0,0.0,0.2340659340659341,0
1998-12-03,15.2,20.0,10.0,0.3,0.2357142857142858,0
1998-12-04,11.0,13.9,7.8,0.3,0.2373626373626374,0
1998-12-05,11.4,13.9,2.8,0.0,0.2373626373626374,0
1998-12-06,11.4,18.3,5.6,5.3,0.2664835164835165,0
1998-12-07,10.2,18.3,-0.6,0.0,0.2664835164835165,0
1998-12-08,10.8,14.4,6.7,0.0,0.2664835164835165,0
1998-12-09,8.9,13.3,5.6,0.0,0.2664835164835165,0
1998-12-10,8.2,17.2,3.3,0.0,0.260989010989011,0
1998-12-11,8.5,16.7,3.3,0.0,0.2593406593406594,0
1998-12-12,10.9,21.7,5.6,0.0,0.2593406593406594,0
1998-12-13,12.4,15.6,7.2,0.0,0.2593406593406594,0
1998-12-14,14.2,17.8,10.6,0.0,0.2593406593406594,0
1998-12-15,15.2,17.8,11.1,0.0,0.2593406593406594,0
1998-12-16,18.6,22.8,15.6,0.0,0.2593406593406594,0
1998-12-17,16.2,26.7,9.4,0.0,0.2593406593406594,0
1998-12-18,11.9,18.3,7.2,0.0,0.2593406593406594,0
1998-12-19,5.6,10.0,0.0,0.5,0.2620879120879121,0
1998-12-20,1.8,4.4,-1.7,0.0,0.2620879120879121,0
1998-12-21,-0.1,5.6,-3.9,0.0,0.2620879120879121,0
1998-12-22,1.6,7.8,-2.8,0.0,0.2620879120879121,0
1998-12-23,2.9,8.9,-2.2,0.0,0.2620879120879121,0
1998-12-24,5.4,14.4,-3.3,0.0,0.2620879120879121,0
1998-12-25,6.6,15.6,1.1,0.0,0.2620879120879121,0
1998-12-26,8.3,15.0,2.2,0.0,0.2620879120879121,0
1998-12-27,8.4,17.8,3.3,0.0,0.2620879120879121,0
1998-12-28,8.6,17.2,2.8,0.0,0.2620879120879121,0
1998-12-29,8.3,16.7,2.8,0.0,0.2620879120879121,0
1998-12-30,9.3,20.6,3.9,0.0,0.2620879120879121,0
1998-12-31,8.9,13.9,5.0,0.0,0.2620879120879121,0
1999-01-01,10.6,16.7,2.8,0.0,0.2620879120879121,0
1999-01-02,15.5,20.6,10.0,0.0,0.2620879120879121,0
1999-01-03,14.4,23.3,7.2,0.0,0.2620879120879121,0
1999-01-04,12.3,21.7,7.8,0.0,0.2620879120879121,0
1999-01-05,11.9,20.0,6.7,0.0,0.2620879120879121,0
1999-01-06,9.3,18.3,3.3,0.0,0.2620879120879121,0
1999-01-07,7.1,14.4,3.3,0.0,0.2620879120879121,0
1999-01-08,11.9,16.7,7.2,0.0,0.2620879120879121,0
1999-01-09,10.6,19.4,4.4,0.0,0.2620879120879121,0
1999-01-10,12.4,24.4,6.1,0.0,0.2620879120879121,0
1999-01-11,9.2,18.3,3.9,0.0,0.2620879120879121,0
1999-01-12,8.9,17.8,3.3,0.0,0.2620879120879121,0
1999-01-13,8.6,15.6,4.4,0.0,0.2620879120879121,0
1999-01-14,11.4,20.6,3.3,0.0,0.2620879120879121,0
1999-01-15,12.4,17.8,9.4,0.0,0.2620879120879121,0
1999-01-16,11.2,14.4,8.3,0.0,0.2620879120879121,0
1999-01-17,15.4,25.6,8.9,0.0,0.2620879120879121,0
1999-01-18,16.2,17.2,15.0,0.0,0.2620879120879121,0
1999-01-19,15.9,18.3,15.0,0.3,0.2637362637362638,0
1999-01-20,15.3,16.1,15.0,3.8,0.2846153846153847,0
1999-01-21,14.2,18.3,11.1,0.0,0.2846153846153847,0
1999-01-22,14.3,18.3,11.1,0.0,0.2846153846153847,0
1999-01-23,11.8,15.0,7.2,0.0,0.2846153846153847,0
1999-01-24,8.3,13.3,-0.6,0.0,0.2846153846153847,0
1999-01-25,11.4,15.0,7.8,9.4,0.3362637362637363,0
1999-01-26,8.8,11.1,6.1,19.8,0.4450549450549451,0
1999-01-27,9.2,14.4,5.6,0.0,0.4450549450549451,0
1999-01-28,4.5,11.7,1.1,0.0,0.4450549450549451,0
1999-01-29,9.6,19.4,-0.6,0.0,0.4450549450549451,0
1999-01-30,11.2,14.4,7.8,0.0,0.4450549450549451,0
1999-01-31,9.8,11.1,5.6,13.7,0.5203296703296704,0
1999-02-01,6.6,15.0,0.0,0.0,0.5203296703296704,0
1999-02-02,7.9,16.7,0.0,0.0,0.5203296703296704,0
1999-02-03,9.1,16.1,3.9,0.0,0.5203296703296704,0
1999-02-04,7.2,13.3,1.7,2.8,0.5357142857142858,0
1999-02-05,5.7,13.9,1.1,1.5,0.543956043956044,0
1999-02-06,9.1,11.1,5.6,0.0,0.543956043956044,0
1999-02-07,12.1,13.3,10.6,0.0,0.543956043956044,0
1999-02-08,12.7,13.9,11.1,0.0,0.543956043956044,0
1999-02-09,8.9,13.3,5.0,9.9,0.5983516483516484,0
1999-02-10,8.1,12.8,5.0,0.0,0.5983516483516484,0
1999-02-11,7.8,15.6,1.1,0.0,0.5983516483516484,0
1999-02-12,7.5,17.8,1.7,0.0,0.5983516483516484,0
1999-02-13,8.7,17.8,2.2,0.0,0.5983516483516484,0
1999-02-14,8.6,12.2,5.6,0.0,0.5983516483516484,0
1999-02-15,8.9,15.6,4.4,0.0,0.5983516483516484,0
1999-02-16,10.4,12.2,7.8,0.0,0.5983516483516484,0
1999-02-17,12.9,18.9,8.3,0.0,0.5983516483516484,0
1999-02-18,9.4,13.3,6.1,0.0,0.5983516483516484,0
1999-02-19,9.9,16.1,5.0,0.0,0.5983516483516484,0
1999-02-20,7.7,10.0,3.9,0.0,0.5983516483516484,0
1999-02-21,8.3,12.8,5.0,0.0,0.5983516483516484,0
1999-02-22,10.4,14.4,6.1,0.0,0.5983516483516484,0
1999-02-23,12.0,17.8,7.2,0.0,0.5983516483516484,0
1999-02-24,10.5,15.0,6.7,0.0,0.5983516483516484,0
1999-02-25,9.2,14.4,5.0,0.0,0.5983516483516484,0
1999-02-26,7.5,15.6,3.3,0.0,0.5983516483516484,0
1999-02-27,10.2,18.9,2.2,0.0,0.5983516483516484,0
1999-02-28,12.9,19.4,8.3,0.0,0.5983516483516484,0
1999-03-01,10.0,16.1,2.8,0.0,0.5983516483516484,0
1999-03-02,10.8,20.0,2.8,0.0,0.5983516483516484,0
1999-03-03,9.7,13.3,6.7,0.0,0.5983516483516484,0
1999-03-04,7.2,12.8,0.6,0.0,0.5967032967032968,0
1999-03-05,6.1,14.4,0.0,0.0,0.5967032967032968,0
1999-03-06,5.1,10.6,0.6,0.0,0.5967032967032968,0
1999-03-07,5.2,11.7,-0.6,0.0,0.5967032967032968,0
1999-03-08,7.4,10.0,4.4,0.0,0.5967032967032968,0
1999-03-09,6.9,12.2,-0.6,1.3,0.6038461538461539,0
1999-03-10,5.2,12.8,-0.6,0.0,0.6038461538461539,0
1999-03-11,7.7,14.4,3.3,0.0,0.6038461538461539,0
1999-03-12,8.8,15.6,2.8,0.0,0.6038461538461539,0
1999-03-13,8.7,16.7,3.9,0.0,0.6038461538461539,0
1999-03-14,6.9,10.0,4.4,0.0,0.6038461538461539,0
1999-03-15,8.6,12.2,6.1,11.4,0.6664835164835167,0
1999-03-16,10.7,13.9,8.9,0.0,0.6664835164835167,0
1999-03-17,11.1,15.6,6.7,0.0,0.6664835164835167,0
1999-03-18,10.9,16.1,7.8,0.0,0.6664835164835167,0
1999-03-19,8.1,9.4,5.0,0.0,0.6664835164835167,0
1999-03-20,8.3,13.3,3.9,6.1,0.7000000000000001,0
1999-03-21,10.4,15.0,7.2,0.0,0.7000000000000001,0
1999-03-22,9.1,15.0,5.0,0.0,0.7000000000000001,0
1999-03-23,9.7,15.0,6.7,0.0,0.7000000000000001,0
1999-03-24,10.0,11.7,7.8,0.0,0.7000000000000001,0
1999-03-25,10.8,15.6,8.3,12.7,0.7697802197802199,0
1999-03-26,9.3,14.4,3.9,0.0,0.7697802197802199,0
1999-03-27,7.2,13.3,1.7,0.0,0.7697802197802199,0
1999-03-28,7.5,16.1,1.1,0.0,0.7697802197802199,0
1999-03-29,8.0,15.0,0.6,0.0,0.7697802197802199,0
1999-03-30,7.0,12.2,1.7,0.0,0.7697802197802199,0
1999-03-31,6.2,10.6,2.2,0.0,0.7697802197802199,0
1999-04-01,5.9,12.8,0.0,0.8,0.7741758241758242,0
1999-04-02,9.1,16.1,1.1,0.0,0.7741758241758242,0
1999-04-03,6.7,9.4,2.8,0.0,0.7741758241758242,0
1999-04-04,7.2,13.3,1.1,0.0,0.7741758241758242,0
1999-04-05,6.1,8.9,3.9,0.0,0.7741758241758242,0
1999-04-06,6.9,12.8,2.2,19.1,0.8791208791208793,0
1999-04-07,6.8,8.9,2.2,9.1,0.9291208791208792,0
1999-04-08,5.5,9.4,1.7,2.0,0.9401098901098902,0
1999-04-09,4.9,11.7,-1.1,0.0,0.9401098901098902,0
1999-04-10,6.3,12.8,0.6,0.0,0.9401098901098902,0
1999-04-11,8.8,12.2,6.7,32.3,1.1175824175824178,0
1999-04-12,10.8,16.1,6.7,1.8,1.1274725274725277,0
1999-04-13,11.8,19.4,7.8,0.0,1.1274725274725277,0
1999-04-14,17.3,25.0,8.3,0.0,1.1274725274725277,0
1999-04-15,18.9,28.3,10.6,0.0,1.1274725274725277,0
1999-04-16,19.4,29.4,12.2,0.0,1.1274725274725277,0
1999-04-17,16.3,26.1,8.3,0.0,1.1274725274725277,0
1999-04-18,12.7,20.6,6.1,0.0,1.1274725274725277,0
1999-04-19,10.9,18.9,3.9,0.0,1.1274725274725277,0
1999-04-20,9.3,13.3,6.1,0.0,1.1274725274725277,0
1999-04-21,9.9,15.0,5.6,0.0,1.1274725274725277,0
1999-04-22,12.3,18.9,6.7,0.0,1.1274725274725277,0
1999-04-23,16.1,23.3,9.4,0.3,1.129120879120879,0
1999-04-24,13.4,21.1,6.1,0.0,1.129120879120879,0
1999-04-25,10.7,16.1,7.8,0.0,1.129120879120879,0
1999-04-26,9.6,16.1,3.3,0.0,1.129120879120879,0
1999-04-27,8.3,12.2,5.6,0.0,1.129120879120879,0
1999-04-28,7.6,12.8,2.2,0.0,1.129120879120879,0
1999-04-29,10.2,16.7,2.2,0.0,1.129120879120879,0
1999-04-30,10.7,19.4,3.9,0.0,1.129120879120879,0
1999-05-01,9.0,12.2,7.2,0.0,1.129120879120879,0
1999-05-02,8.8,11.1,7.2,0.0,1.129120879120879,0
1999-05-03,9.2,12.8,7.2,0.0,1.129120879120879,0
1999-05-04,9.0,13.9,3.3,0.0,1.129120879120879,0
1999-05-05,12.2,22.2,3.3,0.0,1.129120879120879,0
1999-05-06,10.9,17.2,4.4,0.0,1.129120879120879,0
1999-05-07,9.1,15.0,3.3,0.0,1.129120879120879,0
1999-05-08,8.2,15.6,2.2,0.0,1.129120879120879,0
1999-05-09,7.6,15.0,1.1,0.0,1.0593406593406594,0
1999-05-10,10.7,17.2,3.3,0.0,1.0593406593406594,0
1999-05-11,12.8,20.0,8.3,0.0,1.0593406593406594,0
1999-05-12,9.0,13.9,5.6,0.0,1.0494505494505495,0
1999-05-13,8.8,14.4,2.8,0.0,1.0494505494505495,0
1999-05-14,8.7,12.8,6.1,0.0,1.0494505494505495,0
1999-05-15,9.3,13.9,5.0,0.0,1.0494505494505495,0
1999-05-16,10.3,16.1,4.4,0.0,1.0494505494505495,0
1999-05-17,12.1,19.4,5.0,0.0,1.0494505494505495,0
1999-05-18,11.3,15.6,6.7,0.0,1.0494505494505495,0
1999-05-19,9.0,11.1,7.8,0.0,1.0494505494505495,0
1999-05-20,8.7,11.1,7.2,0.0,1.0494505494505495,0
1999-05-21,13.8,21.7,6.1,0.0,1.0494505494505495,0
1999-05-22,15.4,22.2,8.3,0.0,1.0494505494505495,0
1999-05-23,13.4,20.6,7.2,0.5,1.0521978021978025,0
1999-05-24,12.3,18.9,7.8,0.0,1.0521978021978025,0
1999-05-25,13.2,22.8,8.3,0.0,1.0521978021978025,0
1999-05-26,11.8,18.3,8.3,0.0,1.0521978021978025,0
1999-05-27,10.3,16.7,7.2,0.0,1.0521978021978025,0
1999-05-28,9.8,14.4,7.8,0.0,1.0521978021978025,0
1999-05-29,8.8,10.0,7.8,0.0,0.9472527472527474,0
1999-05-30,13.2,20.0,7.2,0.0,0.9472527472527474,0
1999-05-31,11.9,18.9,5.6,0.0,0.9472527472527474,0
1999-06-01,11.0,15.0,8.9,0.0,0.9065934065934068,0
1999-06-02,9.2,11.7,7.2,14.7,0.9873626373626374,0
1999-06-03,9.7,16.7,6.1,5.3,1.014835164835165,0
1999-06-04,10.3,16.7,8.3,4.8,1.0395604395604396,0
1999-06-05,12.2,18.9,8.3,0.0,1.0395604395604396,0
1999-06-06,11.1,16.7,5.6,0.0,1.0104395604395604,0
1999-06-07,9.4,15.0,3.3,0.0,1.0104395604395604,0
1999-06-08,10.7,16.1,6.7,0.0,1.0104395604395604,0
1999-06-09,11.2,16.7,6.7,0.0,1.0104395604395604,0
1999-06-10,12.5,19.4,6.1,0.0,1.0104395604395604,0
1999-06-11,12.1,20.0,5.0,0.0,1.0104395604395604,0
1999-06-12,13.2,22.8,6.1,0.0,1.0104395604395604,0
1999-06-13,16.0,22.8,8.9,0.0,1.0104395604395604,0
1999-06-14,13.8,20.0,10.0,0.0,1.0104395604395604,0
1999-06-15,13.6,21.1,8.9,0.0,1.0104395604395604,0
1999-06-16,12.6,18.3,9.4,0.0,1.0104395604395604,0
1999-06-17,12.9,20.0,8.3,0.0,1.0104395604395604,0
1999-06-18,13.2,20.0,7.2,0.0,1.0104395604395604,0
1999-06-19,13.6,20.6,9.4,0.0,1.0076923076923077,0
1999-06-20,13.9,21.7,8.3,0.0,1.0076923076923077,0
1999-06-21,13.3,18.9,9.4,0.0,1.0076923076923077,0
1999-06-22,17.2,27.2,9.4,0.0,1.0076923076923077,0
1999-06-23,17.7,28.3,10.6,0.0,1.0076923076923077,0
1999-06-24,15.1,22.2,10.0,0.0,1.0076923076923077,0
1999-06-25,13.7,20.0,7.2,0.0,1.0076923076923077,0
1999-06-26,13.4,22.8,6.1,0.0,1.0076923076923077,0
1999-06-27,17.0,27.8,5.6,0.0,1.0076923076923077,0
1999-06-28,20.0,31.7,8.9,0.0,1.0076923076923077,0
1999-06-29,21.2,31.1,10.0,0.0,1.0076923076923077,0
1999-06-30,21.2,31.7,10.0,0.0,1.0076923076923077,0
1999-07-01,14.8,23.9,10.6,0.0,1.0076923076923077,0
1999-07-02,14.7,20.0,10.0,0.0,1.0076923076923077,0
1999-07-03,12.5,17.2,8.9,0.0,1.0076923076923077,0
1999-07-04,14.4,23.9,6.7,0.0,1.0076923076923077,0
1999-07-05,15.6,25.6,6.7,0.0,1.0076923076923077,0
1999-07-06,9.6,12.8,8.3,0.0,1.0076923076923077,0
1999-07-09,13.0,25.0,7.8,0.0,1.0076923076923077,0
1999-07-10,17.1,27.8,7.2,0.0,1.0076923076923077,0
1999-07-11,24.2,34.4,11.7,0.0,1.0076923076923077,0
1999-07-12,26.1,36.1,17.8,0.0,1.0076923076923077,0
1999-07-13,22.7,32.8,14.4,0.0,1.0076923076923077,0
1999-07-14,16.6,25.0,10.6,0.0,1.0076923076923077,0
1999-07-15,14.8,22.8,9.4,0.0,1.0076923076923077,0
1999-07-16,12.9,19.4,10.0,0.0,1.0076923076923077,0
1999-07-17,12.9,19.4,8.3,0.0,1.0076923076923077,0
1999-07-18,13.2,20.6,6.1,0.0,1.0076923076923077,0
1999-07-19,13.7,20.0,10.6,0.0,1.0076923076923077,0
1999-07-20,14.6,20.6,11.7,0.0,1.0076923076923077,0
1999-07-21,15.4,22.2,11.7,0.0,1.0076923076923077,0
1999-07-22,14.8,21.7,9.4,0.0,1.006043956043956,0
1999-07-23,13.8,20.0,10.0,0.0,0.9851648351648352,0
1999-07-24,13.4,19.4,11.1,0.0,0.9851648351648352,0
1999-07-25,14.9,21.7,10.6,0.0,0.9851648351648352,0
1999-07-26,13.6,21.1,8.9,0.0,0.9851648351648352,0
1999-07-27,13.3,20.0,10.6,0.0,0.9851648351648352,0
1999-07-28,14.8,21.1,10.0,0.0,0.9335164835164836,0
1999-07-29,15.2,23.3,8.3,0.0,0.8247252747252747,0
1999-07-30,13.9,21.7,7.2,0.0,0.8247252747252747,0
1999-07-31,14.4,21.1,9.4,0.0,0.8247252747252747,0
1999-08-01,16.2,23.9,10.0,0.0,0.8247252747252747,0
1999-08-02,17.2,25.6,10.0,0.0,0.8247252747252747,0
1999-08-03,16.1,23.3,9.4,0.0,0.7494505494505495,0
1999-08-04,13.4,16.7,11.7,0.0,0.7494505494505495,0
1999-08-05,13.1,14.4,12.2,0.0,0.7494505494505495,1
1999-08-06,14.9,18.3,12.2,0.0,0.7494505494505495,0
1999-08-07,15.8,21.7,12.8,0.0,0.734065934065934,0
1999-08-08,15.7,22.2,10.6,0.0,0.7258241758241758,0
1999-08-09,15.0,22.2,11.1,0.0,0.7258241758241758,0
1999-08-10,14.6,18.3,12.2,0.0,0.7258241758241758,0
1999-08-11,15.1,20.0,10.6,0.0,0.7258241758241758,0
1999-08-12,14.7,21.7,9.4,0.0,0.6714285714285715,0
1999-08-13,14.9,21.7,10.6,0.0,0.6714285714285715,0
1999-08-14,14.2,19.4,8.3,0.0,0.6714285714285715,0
1999-08-15,16.2,24.4,9.4,0.0,0.6714285714285715,0
1999-08-16,15.6,23.9,8.9,0.0,0.6714285714285715,0
1999-08-17,15.2,23.3,10.0,0.0,0.6714285714285715,0
1999-08-18,13.6,17.2,11.1,0.0,0.6714285714285715,0
1999-08-19,15.7,25.0,10.0,0.0,0.6714285714285715,0
1999-08-20,15.2,23.9,8.9,0.0,0.6714285714285715,0
1999-08-21,17.7,28.9,11.1,0.0,0.6714285714285715,0
1999-08-22,22.2,35.6,11.1,0.0,0.6714285714285715,0
1999-08-23,16.9,27.2,9.4,0.0,0.6714285714285715,0
1999-08-24,16.4,27.2,7.8,0.0,0.6714285714285715,0
1999-08-25,20.8,33.9,8.3,0.0,0.6714285714285715,0
1999-08-26,21.6,31.7,13.3,0.0,0.6714285714285715,0
1999-08-27,18.0,25.0,12.2,0.0,0.6714285714285715,0
1999-08-28,16.6,25.6,11.1,0.0,0.6714285714285715,0
1999-08-29,15.7,23.3,11.1,0.0,0.6714285714285715,0
1999-08-30,14.4,20.6,7.2,0.0,0.6714285714285715,0
1999-08-31,14.0,22.8,7.8,0.0,0.6714285714285715,0
1999-09-01,14.2,23.3,5.0,0.0,0.6714285714285715,0
1999-09-02,16.2,23.9,11.7,0.0,0.6714285714285715,0
1999-09-03,14.1,22.8,7.8,0.0,0.6714285714285715,0
1999-09-04,15.0,26.1,6.1,0.0,0.6714285714285715,0
1999-09-05,19.4,31.7,11.1,0.0,0.6714285714285715,0
1999-09-06,16.8,27.8,7.2,0.0,0.6714285714285715,0
1999-09-07,15.8,27.8,6.1,0.0,0.6714285714285715,0
1999-09-08,14.4,24.4,9.4,0.0,0.6714285714285715,0
1999-09-09,15.7,22.8,12.8,0.0,0.6642857142857144,0
1999-09-10,15.7,23.3,11.7,0.0,0.6642857142857144,0
1999-09-11,15.2,23.3,10.6,0.0,0.6642857142857144,0
1999-09-12,15.1,23.3,10.0,0.0,0.6642857142857144,0
1999-09-13,14.3,22.8,10.0,0.0,0.6642857142857144,0
1999-09-14,14.2,22.2,8.9,0.0,0.6642857142857144,0
1999-09-15,13.9,22.2,10.0,0.0,0.6016483516483516,0
1999-09-16,13.9,23.9,8.3,0.0,0.6016483516483516,0
1999-09-17,13.8,22.2,9.4,0.0,0.6016483516483516,0
1999-09-18,13.3,20.0,9.4,0.0,0.6016483516483516,0
1999-09-19,13.9,20.0,10.6,0.0,0.6016483516483516,0
1999-09-20,15.1,25.0,9.4,0.0,0.5681318681318681,0
1999-09-21,15.2,27.2,7.8,0.0,0.5681318681318681,0
1999-09-22,16.4,24.4,10.6,0.0,0.5681318681318681,0
1999-09-23,15.0,25.0,10.6,0.0,0.5681318681318681,0
1999-09-24,14.3,23.9,8.3,0.0,0.5681318681318681,0
1999-09-25,19.1,31.1,10.0,0.0,0.4983516483516484,0
1999-09-26,23.8,33.9,15.6,0.0,0.4983516483516484,0
1999-09-27,23.4,32.8,15.6,0.0,0.4983516483516484,0
1999-09-28,23.0,32.8,15.0,0.0,0.4983516483516484,0
1999-09-29,24.3,35.0,16.1,0.0,0.4983516483516484,0
1999-09-30,21.9,33.3,12.2,0.0,0.4983516483516484,0
1999-10-01,16.6,27.8,8.3,0.0,0.4983516483516484,0
1999-10-02,13.4,21.7,8.3,0.0,0.493956043956044,0
1999-10-03,14.3,22.8,10.0,0.0,0.493956043956044,0
1999-10-04,14.2,21.7,8.9,0.0,0.493956043956044,0
1999-10-05,14.7,23.3,7.2,0.0,0.493956043956044,0
1999-10-06,13.6,16.7,9.4,0.0,0.493956043956044,0
1999-10-07,17.1,27.2,10.0,0.0,0.389010989010989,0
1999-10-08,22.1,32.2,13.3,0.0,0.3390109890109891,0
1999-10-09,21.7,32.8,14.4,0.0,0.3280219780219781,0
1999-10-10,21.6,34.4,13.9,0.0,0.3280219780219781,0
1999-10-11,17.1,30.0,7.8,0.0,0.3280219780219781,0
1999-10-12,17.3,30.6,6.1,0.0,0.1505494505494506,0
1999-10-13,15.7,25.0,7.8,0.0,0.1406593406593407,0
1999-10-14,16.9,26.7,9.4,0.0,0.1406593406593407,0
1999-10-15,17.7,28.3,8.9,0.0,0.1406593406593407,0
1999-10-16,22.3,26.7,18.3,0.0,0.1406593406593407,0
1999-10-17,19.4,27.8,10.0,0.0,0.1406593406593407,0
1999-10-18,15.9,28.9,9.4,0.0,0.1406593406593407,0
1999-10-19,15.9,26.1,8.9,0.0,0.1406593406593407,0
1999-10-20,19.6,31.1,11.1,0.0,0.1406593406593407,0
1999-10-21,20.6,32.2,13.3,0.0,0.1406593406593407,0
1999-10-22,14.4,25.6,8.9,0.0,0.1406593406593407,0
1999-10-23,10.7,21.1,5.6,0.0,0.1406593406593407,0
1999-10-24,11.3,23.9,5.0,0.0,0.139010989010989,0
1999-10-25,11.7,24.4,4.4,0.0,0.139010989010989,0
1999-10-26,13.2,23.3,7.2,0.0,0.139010989010989,0
1999-10-27,15.3,23.3,9.4,0.0,0.139010989010989,0
1999-10-28,12.1,18.9,6.1,0.0,0.139010989010989,0
1999-10-29,12.8,21.7,7.2,0.0,0.139010989010989,0
1999-10-30,16.2,28.3,8.3,0.0,0.139010989010989,0
1999-10-31,18.1,26.1,7.8,0.0,0.139010989010989,0
1999-11-01,20.6,29.4,12.2,0.0,0.139010989010989,0
1999-11-02,13.7,21.1,8.9,0.0,0.139010989010989,0
1999-11-03,11.4,20.0,6.7,0.0,0.139010989010989,0
1999-11-04,13.9,25.0,5.0,0.0,0.139010989010989,0
1999-11-05,13.7,21.7,9.4,0.0,0.139010989010989,0
1999-11-06,14.5,20.6,10.6,0.0,0.139010989010989,0
1999-11-07,13.3,16.7,10.0,0.0,0.139010989010989,0
1999-11-08,14.0,20.6,5.6,10.9,0.1989010989010989,0
1999-11-09,10.3,18.9,5.6,0.0,0.1989010989010989,0
1999-11-10,12.8,18.3,9.4,0.0,0.1989010989010989,0
1999-11-11,14.6,23.9,8.9,0.0,0.1989010989010989,0
1999-11-12,15.4,26.7,8.3,0.0,0.1989010989010989,0
1999-11-13,14.8,23.3,9.4,0.0,0.1989010989010989,0
1999-11-14,11.9,17.8,8.3,0.0,0.1989010989010989,0
1999-11-15,13.8,20.6,10.0,0.0,0.1989010989010989,0
1999-11-16,11.0,15.6,6.7,0.0,0.1989010989010989,0
1999-11-17,9.2,16.1,5.0,0.0,0.1989010989010989,0
1999-11-18,9.5,18.9,4.4,0.0,0.1989010989010989,0
1999-11-19,12.2,15.0,8.9,0.0,0.1989010989010989,0
1999-11-20,13.9,16.1,12.8,0.3,0.2005494505494506,0
1999-11-21,13.9,17.2,10.0,0.0,0.2005494505494506,0
1999-11-22,8.9,15.6,3.3,0.0,0.2005494505494506,0
1999-11-23,8.0,17.8,2.8,0.0,0.1978021978021978,0
1999-11-24,8.9,16.1,3.9,0.0,0.1978021978021978,0
1999-11-25,10.9,18.9,5.6,0.0,0.1978021978021978,0
1999-11-26,10.2,16.7,6.7,0.0,0.1978021978021978,0
1999-11-27,10.1,17.8,7.2,0.0,0.1978021978021978,0
1999-11-28,9.5,13.3,6.7,0.0,0.1978021978021978,0
1999-11-29,12.4,15.0,7.8,0.0,0.1978021978021978,0
1999-11-30,10.0,14.4,5.0,0.0,0.1978021978021978,0
1999-12-01,8.6,13.9,3.9,0.0,0.1978021978021978,0
1999-12-02,7.9,13.9,3.9,0.0,0.1978021978021978,0
1999-12-03,9.9,15.0,6.7,0.0,0.1170329670329671,0
1999-12-04,10.1,17.8,6.1,0.0,0.0879120879120879,0
1999-12-05,8.2,18.3,1.7,0.0,0.0615384615384616,0
1999-12-06,8.6,15.6,2.8,0.0,0.0615384615384616,0
1999-12-07,7.9,13.3,2.8,0.0,0.0615384615384616,0
1999-12-08,7.1,15.0,1.1,0.0,0.0615384615384616,0
1999-12-09,7.5,11.7,3.3,0.0,0.0615384615384616,0
1999-12-10,7.1,12.8,2.8,0.0,0.0615384615384616,0
1999-12-11,10.6,17.8,6.1,0.0,0.0615384615384616,0
1999-12-12,9.3,17.8,4.4,0.0,0.0615384615384616,0
1999-12-13,7.3,12.8,2.2,0.0,0.0615384615384616,0
1999-12-14,7.8,14.4,3.9,0.0,0.0615384615384616,0
1999-12-15,6.7,16.7,1.1,0.0,0.0615384615384616,0
1999-12-16,9.0,16.1,3.3,0.0,0.0615384615384616,0
1999-12-17,12.4,21.1,5.0,0.0,0.0615384615384616,0
1999-12-18,9.2,14.4,4.4,0.0,0.0615384615384616,0
1999-12-19,15.8,19.4,8.9,0.0,0.0615384615384616,0
1999-12-20,17.2,21.7,13.3,0.0,0.0615384615384616,0
1999-12-21,16.1,21.1,9.4,0.0,0.0615384615384616,1
1999-12-22,12.4,21.1,5.0,0.0,0.0615384615384616,0
1999-12-23,11.3,20.6,5.0,0.0,0.0615384615384616,0
1999-12-24,11.6,21.7,6.1,0.0,0.0615384615384616,0
1999-12-25,12.7,23.3,7.2,0.0,0.0615384615384616,0
1999-12-26,12.3,23.3,6.7,0.0,0.0615384615384616,0
1999-12-27,11.6,21.1,5.6,0.0,0.0615384615384616,0
1999-12-28,13.1,22.8,7.8,0.0,0.0615384615384616,0
1999-12-29,11.4,21.1,6.1,0.0,0.0615384615384616,0
1999-12-30,9.0,17.8,4.4,0.0,0.0615384615384616,0
1999-12-31,7.3,9.4,5.0,10.2,0.1175824175824176,0
2000-01-01,8.2,10.6,7.2,0.0,0.1175824175824176,0
2000-01-02,7.1,12.8,1.7,0.0,0.1175824175824176,0
2000-01-03,7.2,16.1,1.7,0.0,0.1175824175824176,0
2000-01-04,7.8,13.9,2.2,0.0,0.1175824175824176,0
2000-01-05,8.9,15.6,4.4,0.0,0.1175824175824176,0
2000-01-06,8.9,17.2,3.9,0.0,0.1175824175824176,0
2000-01-07,8.4,16.1,3.9,0.0,0.1175824175824176,0
2000-01-08,8.7,15.6,3.9,0.0,0.1175824175824176,0
2000-01-09,8.6,14.4,5.6,0.0,0.1175824175824176,0
2000-01-10,8.8,12.2,4.4,0.0,0.1175824175824176,0
2000-01-11,9.9,11.7,8.3,0.0,0.1175824175824176,0
2000-01-12,12.2,12.8,11.7,0.0,0.1175824175824176,0
2000-01-13,11.3,13.3,9.4,0.0,0.1175824175824176,0
2000-01-14,13.6,16.7,9.4,0.0,0.1175824175824176,0
2000-01-15,16.8,17.2,16.7,0.0,0.1175824175824176,0
2000-01-16,10.1,13.9,5.6,0.0,0.1175824175824176,0
2000-01-25,9.4,11.1,7.8,12.2,0.1846153846153847,0
2000-01-26,9.1,12.8,7.2,1.5,0.1928571428571429,0
2000-01-27,8.9,15.6,3.3,0.0,0.1928571428571429,0
2000-01-28,7.7,15.6,3.3,0.0,0.1928571428571429,0
2000-01-29,9.7,17.8,3.3,0.0,0.1928571428571429,0
2000-01-30,9.8,11.1,7.8,2.8,0.2082417582417583,0
2000-01-31,9.4,12.8,7.2,4.3,0.2318681318681319,0
2000-02-01,13.4,20.0,9.4,0.0,0.2318681318681319,0
2000-02-02,14.3,23.9,7.8,0.0,0.2318681318681319,0
2000-02-03,11.1,15.0,8.9,0.0,0.2318681318681319,0
2000-02-04,10.7,14.4,8.3,0.0,0.2318681318681319,0
2000-02-05,10.3,12.2,8.3,0.0,0.2318681318681319,0
2000-02-06,11.7,21.1,6.7,0.0,0.2318681318681319,0
2000-02-07,11.1,20.0,6.1,0.0,0.2318681318681319,0
2000-02-08,10.2,21.1,6.1,0.0,0.2318681318681319,0
2000-02-09,10.4,13.3,8.9,0.0,0.2318681318681319,0
2000-02-10,9.2,11.7,6.1,12.4,0.3000000000000001,0
2000-02-11,9.0,10.6,6.7,1.0,0.3054945054945056,0
2000-02-12,9.2,11.1,7.2,16.3,0.3950549450549451,0
2000-02-13,11.9,13.3,9.4,9.1,0.4450549450549451,0
2000-02-14,11.8,14.4,7.8,2.5,0.4587912087912089,0
2000-02-15,9.4,17.2,5.0,0.0,0.4587912087912089,0
2000-02-16,8.2,12.8,6.7,16.8,0.5510989010989011,0
2000-02-17,8.5,16.1,4.4,0.0,0.5510989010989011,0
2000-02-18,9.0,15.0,3.9,0.0,0.5510989010989011,0
2000-02-19,13.3,19.4,7.2,0.0,0.5510989010989011,0
2000-02-20,11.1,13.9,7.8,21.6,0.6697802197802198,0
2000-02-21,10.0,16.7,5.6,27.2,0.8192307692307693,0
2000-02-22,8.6,10.6,5.0,0.0,0.8192307692307693,0
2000-02-23,6.8,12.2,2.8,27.7,0.9714285714285716,0
2000-02-24,5.7,10.0,2.2,0.0,0.9714285714285716,0
2000-02-25,9.7,15.0,6.1,0.0,0.9714285714285716,0
2000-02-26,10.7,12.8,9.4,0.0,0.9714285714285716,0
2000-02-27,8.9,11.7,7.2,6.1,1.004945054945055,0
2000-02-28,8.5,11.7,6.1,0.0,1.004945054945055,0
2000-02-29,8.6,12.8,5.6,0.0,1.004945054945055,0
2000-03-01,9.4,17.8,3.9,0.0,1.004945054945055,0
2000-03-02,7.9,11.7,5.6,0.0,1.004945054945055,0
2000-03-03,10.1,17.2,5.0,7.1,1.043956043956044,0
2000-03-04,9.8,16.1,6.1,1.8,1.053846153846154,0
2000-03-05,7.7,8.9,6.7,43.4,1.2923076923076924,0
2000-03-06,9.3,14.4,6.1,1.0,1.297802197802198,0
2000-03-07,8.6,12.2,6.1,0.0,1.297802197802198,0
2000-03-08,7.4,9.4,5.0,18.0,1.3967032967032968,0
2000-03-09,9.7,13.9,5.6,0.3,1.3983516483516485,0
2000-03-10,10.7,17.8,4.4,0.0,1.3983516483516485,0
2000-03-11,10.4,18.3,5.6,0.0,1.3983516483516485,0
2000-03-12,10.3,18.9,5.0,0.0,1.3983516483516485,0
2000-03-13,10.5,17.2,4.4,0.0,1.3983516483516485,0
2000-03-14,12.2,20.6,7.8,0.0,1.3983516483516485,0
2000-03-15,12.7,22.8,6.1,0.0,1.3983516483516485,0
2000-03-16,10.1,16.7,4.4,0.0,1.3983516483516485,0
2000-03-17,13.2,21.1,6.7,0.0,1.3983516483516485,0
2000-03-18,13.8,22.8,7.2,0.0,1.3983516483516485,0
2000-03-19,8.7,13.3,2.2,0.0,1.3983516483516485,0
2000-03-20,10.6,17.8,1.7,0.0,1.3983516483516485,0
2000-03-21,14.4,21.1,7.2,0.0,1.3983516483516485,0
2000-03-22,12.8,23.3,6.7,0.0,1.3983516483516485,0
2000-03-23,9.1,15.6,2.8,0.0,1.3983516483516485,0
2000-03-24,7.7,16.1,1.1,0.0,1.3983516483516485,0
2000-03-25,7.9,16.1,2.2,0.0,1.3983516483516485,0
2000-03-26,8.3,16.1,2.2,0.0,1.3983516483516485,0
2000-03-27,8.5,12.2,6.1,0.0,1.3983516483516485,0
2000-03-28,8.9,15.0,6.7,0.0,1.3983516483516485,0
2000-03-29,9.9,18.3,3.9,0.0,1.3983516483516485,0
2000-03-30,13.5,23.3,2.8,0.0,1.3983516483516485,0
2000-03-31,19.2,25.0,13.9,0.0,1.3983516483516485,0
2000-04-01,18.9,26.1,11.7,0.0,1.3983516483516485,0
2000-04-02,19.6,28.9,11.1,0.0,1.3983516483516485,0
2000-04-03,14.5,23.3,8.9,0.0,1.3983516483516485,0
2000-04-04,11.9,18.9,6.1,0.0,1.3983516483516485,0
2000-04-05,11.1,17.2,7.8,0.0,1.3983516483516485,0
2000-04-06,10.1,17.8,3.3,0.0,1.3983516483516485,0
2000-04-07,11.4,22.2,3.3,0.0,1.3983516483516485,0
2000-04-08,10.1,16.7,7.2,0.0,1.3983516483516485,0
2000-04-09,10.3,16.7,5.6,0.0,1.3983516483516485,0
2000-04-10,10.4,17.8,4.4,0.0,1.3983516483516485,0
2000-04-11,14.6,23.9,4.4,0.0,1.3983516483516485,0
2000-04-12,15.5,22.8,8.3,0.0,1.3983516483516485,0
2000-04-13,12.9,16.7,9.4,0.0,1.3983516483516485,0
2000-04-14,11.2,16.1,8.3,0.0,1.3983516483516485,0
2000-04-15,11.2,15.0,8.9,0.0,1.3983516483516485,0
2000-04-16,10.6,12.2,8.3,0.0,1.3983516483516485,0
2000-04-17,10.4,16.1,3.9,31.5,1.5714285714285714,0
2000-04-18,10.1,17.2,3.9,6.4,1.6065934065934069,0
2000-04-19,10.0,18.9,2.8,0.0,1.6065934065934069,0
2000-04-20,11.9,20.0,4.4,0.0,1.6065934065934069,0
2000-04-21,9.4,12.2,6.1,0.0,1.6065934065934069,0
2000-04-22,10.5,14.4,8.3,0.0,1.6065934065934069,0
2000-04-23,10.1,15.0,3.9,0.0,1.6065934065934069,0
2000-04-24,10.5,19.4,3.3,0.0,1.6065934065934069,0
2000-04-25,11.4,20.0,3.3,0.0,1.6065934065934069,0
2000-04-26,14.8,26.1,5.6,0.0,1.6065934065934069,0
2000-04-27,10.3,18.9,4.4,0.0,1.6065934065934069,0
2000-04-28,9.3,15.0,3.3,0.0,1.6065934065934069,0
2000-04-29,10.0,18.3,2.2,0.0,1.6065934065934069,0
2000-04-30,11.0,23.3,2.8,0.0,1.6065934065934069,0
2000-05-01,11.6,20.0,3.3,0.0,1.6065934065934069,0
2000-05-02,13.5,20.0,8.9,0.0,1.6065934065934069,0
2000-05-03,13.3,21.1,5.0,0.0,1.6065934065934069,0
2000-05-04,11.9,17.8,7.2,0.0,1.6065934065934069,0
2000-05-05,11.3,16.7,6.7,0.0,1.6065934065934069,0
2000-05-06,10.4,15.6,6.1,0.0,1.6065934065934069,0
2000-05-07,12.0,13.9,9.4,0.0,1.6065934065934069,0
2000-05-08,13.0,15.6,9.4,0.0,1.6065934065934069,0
2000-05-09,12.5,17.8,7.8,0.0,1.6065934065934069,0
2000-05-10,9.5,14.4,5.0,0.0,1.6065934065934069,0
2000-05-11,9.9,16.1,3.3,0.0,1.6065934065934069,0
2000-05-12,10.6,17.2,3.9,0.0,1.6065934065934069,0
2000-05-13,10.7,18.3,4.4,0.0,1.6065934065934069,0
2000-05-14,11.9,13.9,8.9,0.0,1.6065934065934069,0
2000-05-15,12.1,17.2,8.9,0.0,1.6065934065934069,0
2000-05-16,10.7,13.3,8.9,0.0,1.546703296703297,0
2000-05-17,13.6,19.4,9.4,0.0,1.546703296703297,0
2000-05-18,13.9,23.3,7.8,0.0,1.546703296703297,0
2000-05-19,16.3,29.4,8.3,0.0,1.546703296703297,0
2000-05-20,18.9,30.0,8.3,0.0,1.546703296703297,0
2000-05-21,24.0,35.0,14.4,0.0,1.546703296703297,0
2000-05-22,21.7,31.1,14.4,0.0,1.546703296703297,0
2000-05-23,19.3,28.9,13.3,0.0,1.546703296703297,0
2000-05-24,15.4,22.8,8.9,0.0,1.546703296703297,0
2000-05-25,12.2,17.2,7.8,0.0,1.546703296703297,0
2000-05-26,14.2,20.6,7.2,0.0,1.546703296703297,0
2000-05-27,15.9,23.3,10.6,0.0,1.546703296703297,0
2000-05-28,14.1,21.7,6.1,0.0,1.5450549450549451,0
2000-05-29,11.3,17.8,4.4,0.0,1.5450549450549451,0
2000-05-30,10.6,16.7,4.4,0.0,1.5450549450549451,0
2000-05-31,14.6,23.9,4.4,0.0,1.5450549450549451,0
2000-06-01,16.6,26.7,6.7,0.0,1.5450549450549451,0
2000-06-02,11.9,19.4,6.1,0.0,1.5450549450549451,0
2000-06-03,12.7,20.6,7.2,0.0,1.5450549450549451,0
2000-06-04,11.4,20.6,7.2,0.0,1.5450549450549451,0
2000-06-05,14.0,21.7,6.7,0.0,1.5450549450549451,0
2000-06-06,13.8,21.1,6.7,0.0,1.5450549450549451,0
2000-06-07,14.6,20.6,9.4,0.0,1.5450549450549451,0
2000-06-08,10.4,11.7,9.4,0.0,1.5450549450549451,0
2000-06-09,13.2,18.3,9.4,0.0,1.5450549450549451,0
2000-06-10,11.8,17.2,7.2,0.0,1.5450549450549451,0
2000-06-11,13.2,20.0,7.2,0.0,1.5450549450549451,0
2000-06-12,16.7,23.9,10.6,0.0,1.5450549450549451,0
2000-06-13,23.8,32.8,11.1,0.0,1.5450549450549451,0
2000-06-14,29.6,38.3,18.3,0.0,1.5450549450549451,0
2000-06-15,21.4,31.1,11.1,0.0,1.5450549450549451,0
2000-06-16,17.6,26.1,10.6,0.0,1.5450549450549451,0
2000-06-17,18.2,25.6,11.7,0.0,1.5450549450549451,0
2000-06-18,16.6,23.3,12.2,0.0,1.5450549450549451,0
2000-06-19,15.5,22.2,10.0,0.0,1.5450549450549451,0
2000-06-20,17.8,26.7,8.9,0.0,1.5450549450549451,0
2000-06-21,18.6,28.9,10.6,0.0,1.5450549450549451,0
2000-06-22,14.0,21.1,9.4,0.0,1.5450549450549451,0
2000-06-23,14.0,20.6,9.4,0.0,1.5450549450549451,0
2000-06-24,16.4,26.1,10.0,0.0,1.5450549450549451,0
2000-06-25,16.7,25.6,10.0,0.0,1.5450549450549451,0
2000-06-26,18.3,27.8,8.9,0.0,1.5450549450549451,0
2000-06-27,18.8,28.9,8.3,0.0,1.5450549450549451,0
2000-06-28,16.7,25.6,9.4,0.0,1.5450549450549451,0
2000-06-29,14.8,21.1,11.1,0.0,1.5450549450549451,0
2000-06-30,14.0,20.6,10.6,0.0,1.5450549450549451,0
2000-07-01,14.1,21.1,10.0,0.0,1.5450549450549451,0
2000-07-02,12.3,17.2,10.6,0.0,1.5450549450549451,0
2000-07-03,11.4,14.4,10.0,0.0,1.5450549450549451,0
2000-07-04,14.1,20.0,10.0,0.0,1.5450549450549451,0
2000-07-05,12.8,18.3,10.0,0.0,1.5450549450549451,1
2000-07-06,13.0,18.9,10.6,0.0,1.5450549450549451,0
2000-07-07,14.4,20.6,8.3,0.0,1.5450549450549451,0
2000-07-08,15.4,22.2,11.1,0.0,1.4890109890109893,0
2000-07-09,15.6,23.3,9.4,0.0,1.4890109890109893,0
2000-07-10,15.7,23.3,10.0,0.0,1.4890109890109893,0
2000-07-11,15.9,24.4,10.0,0.0,1.4890109890109893,0
2000-07-12,15.7,23.3,8.3,0.0,1.4890109890109893,0
2000-07-13,14.7,22.2,7.8,0.0,1.4890109890109893,0
2000-07-14,15.7,25.6,7.2,0.0,1.4890109890109893,0
2000-07-15,14.4,22.8,7.8,0.0,1.4890109890109893,0
2000-07-16,13.1,17.2,11.1,0.0,1.4890109890109893,0
2000-07-17,13.6,17.2,11.7,0.0,1.4890109890109893,0
2000-07-18,15.3,23.3,8.9,0.0,1.4890109890109893,0
2000-07-19,14.6,22.2,8.3,0.0,1.4890109890109893,0
2000-07-20,13.6,20.6,10.0,0.0,1.4890109890109893,0
2000-07-21,13.6,20.0,10.0,0.0,1.4890109890109893,0
2000-07-22,14.4,22.8,8.3,0.0,1.4890109890109893,0
2000-07-23,16.3,27.8,7.2,0.0,1.4890109890109893,0
2000-07-24,16.2,26.1,8.3,0.0,1.4890109890109893,0
2000-07-25,15.2,23.9,9.4,0.0,1.421978021978022,0
2000-07-26,15.8,21.7,11.1,0.0,1.4137362637362638,0
2000-07-27,15.8,22.2,11.1,0.0,1.4137362637362638,0
2000-07-28,15.9,25.0,10.0,0.0,1.4137362637362638,0
2000-07-29,17.0,29.4,7.8,0.0,1.4137362637362638,0
2000-07-30,16.6,28.3,8.3,0.0,1.3983516483516485,0
2000-07-31,19.4,31.7,9.4,0.0,1.3747252747252747,0
2000-08-01,21.3,32.2,12.2,0.0,1.3747252747252747,0
2000-08-02,21.5,32.2,11.1,0.0,1.3747252747252747,0
2000-08-03,17.6,28.9,10.0,0.0,1.3747252747252747,0
2000-08-04,17.3,25.6,11.7,0.0,1.3747252747252747,0
2000-08-05,16.2,26.7,10.0,0.0,1.3747252747252747,0
2000-08-06,14.6,21.7,10.0,0.0,1.3747252747252747,0
2000-08-07,15.3,22.8,11.7,0.0,1.3747252747252747,0
2000-08-08,15.6,23.9,11.1,0.0,1.3747252747252747,0
2000-08-09,15.6,23.3,11.1,0.0,1.3747252747252747,0
2000-08-10,16.2,23.9,10.6,0.0,1.3065934065934066,0
2000-08-11,18.2,29.4,8.3,0.0,1.3010989010989011,0
2000-08-12,16.8,27.8,7.2,0.0,1.2115384615384617,0
2000-08-13,15.4,26.7,5.6,0.0,1.1615384615384616,0
2000-08-14,15.4,26.7,7.2,0.0,1.147802197802198,0
2000-08-15,15.3,27.2,6.1,0.0,1.147802197802198,0
2000-08-16,16.7,29.4,6.7,0.0,1.0554945054945055,0
2000-08-17,14.8,25.6,6.7,0.0,1.0554945054945055,0
2000-08-18,13.2,21.7,5.6,0.0,1.0554945054945055,0
2000-08-19,15.4,22.2,11.1,0.0,1.0554945054945055,0
2000-08-20,15.3,23.3,10.0,0.0,0.9368131868131868,0
2000-08-21,14.6,23.9,6.7,0.0,0.7873626373626375,0
2000-08-22,15.8,25.6,9.4,0.0,0.7873626373626375,0
2000-08-23,14.4,22.8,10.0,0.0,0.6351648351648352,0
2000-08-24,17.3,29.4,10.0,0.0,0.6351648351648352,0
2000-08-25,16.4,28.9,7.8,0.0,0.6351648351648352,0
2000-08-26,15.4,25.6,8.9,0.0,0.6351648351648352,0
2000-08-27,14.9,26.1,7.2,0.0,0.6016483516483517,0
2000-08-28,15.8,24.4,10.0,0.0,0.6016483516483517,0
2000-08-29,12.8,13.9,11.7,1.8,0.6115384615384617,0
2000-08-30,15.3,23.3,12.2,0.0,0.6115384615384617,0
2000-08-31,15.2,20.6,10.6,0.0,0.6115384615384617,0
2000-09-01,12.9,15.0,10.0,0.0,0.5725274725274726,0
2000-09-02,14.7,22.2,8.3,0.0,0.5626373626373627,0
2000-09-03,12.9,20.6,6.1,0.0,0.3241758241758242,0
2000-09-04,13.2,21.1,6.1,0.0,0.3186813186813187,0
2000-09-05,15.6,25.0,6.1,0.0,0.3186813186813187,0
2000-09-06,19.6,29.4,12.2,0.0,0.2197802197802198,0
2000-09-07,21.0,33.9,11.7,0.0,0.2181318681318682,0
2000-09-08,15.7,26.1,7.2,0.0,0.2181318681318682,0
2000-09-09,13.6,23.3,6.1,0.0,0.2181318681318682,0
2000-09-10,13.9,25.0,5.0,0.0,0.2181318681318682,0
2000-09-11,17.3,30.6,6.1,0.0,0.2181318681318682,0
2000-09-12,21.0,31.1,10.6,0.0,0.2181318681318682,0
2000-09-13,25.4,30.0,17.8,0.0,0.2181318681318682,0
2000-09-14,17.7,23.3,12.8,0.0,0.2181318681318682,0
2000-09-15,16.9,23.9,11.7,0.0,0.2181318681318682,0
2000-09-16,17.0,25.6,11.1,0.0,0.2181318681318682,0
2000-09-17,24.5,33.3,17.2,0.0,0.2181318681318682,0
2000-09-18,24.5,36.1,16.7,0.0,0.2181318681318682,0
2000-09-19,25.4,36.7,16.7,0.0,0.2181318681318682,0
2000-09-20,21.8,32.8,13.3,0.0,0.2181318681318682,0
2000-09-21,16.6,20.0,14.4,0.0,0.2181318681318682,0
2000-09-22,13.6,18.3,8.9,3.8,0.239010989010989,0
2000-09-23,15.3,25.0,8.9,0.0,0.239010989010989,0
2000-09-24,16.4,27.2,8.9,0.0,0.239010989010989,0
2000-09-25,16.2,26.1,8.9,0.0,0.239010989010989,0
2000-09-26,14.4,25.0,7.8,0.0,0.239010989010989,0
2000-09-27,14.6,22.2,10.0,0.0,0.239010989010989,0
2000-09-28,13.3,17.2,10.6,0.0,0.239010989010989,0
2000-09-29,16.1,27.8,7.2,0.0,0.239010989010989,0
2000-09-30,21.4,31.7,11.7,0.0,0.239010989010989,0
2000-10-01,17.9,27.8,11.1,0.0,0.239010989010989,0
2000-10-02,14.7,22.8,10.0,0.0,0.239010989010989,0
2000-10-03,13.9,23.3,8.3,0.0,0.239010989010989,0
2000-10-04,13.2,22.2,8.3,0.0,0.239010989010989,0
2000-10-05,13.4,22.8,8.3,0.0,0.239010989010989,0
2000-10-06,13.3,21.1,7.8,0.0,0.239010989010989,0
2000-10-07,14.0,20.0,11.7,0.0,0.239010989010989,0
2000-10-08,14.1,22.8,9.4,0.0,0.239010989010989,0
2000-10-09,13.6,17.2,11.7,0.0,0.239010989010989,0
2000-10-10,10.8,13.9,7.2,0.0,0.239010989010989,0
2000-10-11,10.1,13.9,6.1,3.0,0.2554945054945056,0
2000-10-12,11.4,17.8,7.2,0.0,0.2554945054945056,0
2000-10-13,12.4,21.1,6.1,0.0,0.2554945054945056,0
2000-10-14,12.8,21.7,7.8,0.0,0.2554945054945056,0
2000-10-15,12.4,21.7,7.2,0.0,0.2554945054945056,0
2000-10-16,16.3,28.3,7.8,0.0,0.0824175824175825,0
2000-10-17,15.5,25.0,9.4,0.0,0.0472527472527473,0
2000-10-18,13.4,22.8,7.2,0.0,0.0472527472527473,0
2000-10-19,13.9,23.9,7.8,0.0,0.0472527472527473,0
2000-10-20,13.3,22.2,7.2,0.0,0.0472527472527473,0
2000-10-21,13.7,20.6,7.2,0.0,0.0472527472527473,0
2000-10-22,16.2,20.6,12.2,0.0,0.0472527472527473,0
2000-10-23,15.7,26.7,8.3,0.0,0.0472527472527473,0
2000-10-24,15.7,26.1,8.9,0.0,0.0472527472527473,0
2000-10-25,12.4,15.0,11.1,0.0,0.0472527472527473,0
2000-10-26,11.6,14.4,10.0,4.3,0.0708791208791209,0
2000-10-27,12.1,19.4,6.7,4.1,0.0934065934065934,0
2000-10-28,10.7,13.9,6.1,0.0,0.0934065934065934,0
2000-10-29,12.1,17.2,8.3,13.5,0.1675824175824176,0
2000-10-30,10.1,14.4,8.3,0.0,0.1675824175824176,0
2000-10-31,10.3,18.9,5.0,0.0,0.1675824175824176,0
2000-11-01,9.5,18.9,4.4,0.0,0.1675824175824176,0
2000-11-02,12.6,22.8,5.6,0.0,0.1675824175824176,0
2000-11-03,15.0,22.2,8.3,0.0,0.1675824175824176,0
2000-11-04,12.8,23.3,7.8,0.0,0.1675824175824176,0
2000-11-05,10.9,18.3,6.1,0.0,0.1675824175824176,0
2000-11-06,12.0,19.4,6.1,0.0,0.1675824175824176,0
2000-11-07,13.0,21.1,6.7,0.0,0.1675824175824176,0
2000-11-08,8.8,15.6,5.0,0.0,0.1675824175824176,0
2000-11-09,8.1,14.4,3.9,0.0,0.1675824175824176,0
2000-11-10,6.0,13.3,1.1,0.0,0.1675824175824176,0
2000-11-11,5.3,12.8,0.6,0.0,0.1675824175824176,0
2000-11-12,6.1,16.1,0.0,0.0,0.1675824175824176,0
2000-11-13,4.6,13.9,-0.6,0.0,0.1675824175824176,0
2000-11-14,5.6,14.4,1.1,0.0,0.1675824175824176,0
2000-11-15,7.3,14.4,1.1,0.0,0.1675824175824176,0
2000-11-16,8.0,12.2,4.4,0.0,0.1675824175824176,0
2000-11-17,9.6,18.9,2.2,0.0,0.1675824175824176,0
2000-11-18,8.3,17.8,1.7,0.0,0.1675824175824176,0
2000-11-19,9.1,20.0,2.2,0.0,0.1675824175824176,0
2000-11-20,8.7,20.6,2.8,0.0,0.1675824175824176,0
2000-11-21,8.8,13.3,3.9,0.0,0.1675824175824176,0
2000-11-22,8.3,13.9,3.3,0.0,0.1675824175824176,0
2000-11-23,8.3,15.0,2.8,0.0,0.1675824175824176,0
2000-11-24,9.5,14.4,4.4,0.0,0.1675824175824176,0
2000-11-25,8.8,20.0,2.8,0.0,0.1675824175824176,0
2000-11-26,10.2,17.8,3.9,0.0,0.1675824175824176,0
2000-11-27,11.6,21.7,5.6,0.0,0.1675824175824176,0
2000-11-28,12.3,21.7,7.8,0.0,0.1675824175824176,0
2000-11-29,10.6,16.1,5.6,0.0,0.1675824175824176,0
2000-11-30,8.8,15.6,4.4,0.0,0.1675824175824176,0
2000-12-01,9.1,14.4,4.4,0.0,0.1675824175824176,0
2000-12-02,9.6,18.3,4.4,0.0,0.1675824175824176,0
2000-12-03,11.9,23.3,5.0,0.0,0.1675824175824176,0
2000-12-04,12.3,20.0,6.7,0.0,0.1675824175824176,0
2000-12-05,13.2,22.8,8.3,0.0,0.1675824175824176,0
2000-12-06,14.6,21.1,10.0,0.0,0.1675824175824176,0
2000-12-07,12.7,19.4,9.4,0.0,0.1675824175824176,0
2000-12-08,11.7,20.6,6.1,0.0,0.1675824175824176,0
2000-12-09,10.3,13.3,7.2,0.0,0.1675824175824176,0
2000-12-10,8.4,11.7,3.3,0.0,0.1675824175824176,0
2000-12-11,7.9,11.1,5.0,0.0,0.1675824175824176,0
2000-12-12,7.8,14.4,3.3,0.0,0.1675824175824176,0
2000-12-13,8.4,11.1,4.4,0.0,0.1675824175824176,0
2000-12-14,11.2,13.9,8.9,0.0,0.1675824175824176,0
2000-12-15,11.0,16.7,6.7,0.0,0.1675824175824176,0
2000-12-16,11.9,18.3,7.2,0.0,0.1675824175824176,0
2000-12-17,11.2,16.1,5.6,0.0,0.1675824175824176,0
2000-12-18,13.0,22.2,7.2,0.0,0.1675824175824176,0
2000-12-19,12.4,25.0,6.1,0.0,0.1675824175824176,0
2000-12-20,10.9,21.7,5.6,0.0,0.1675824175824176,0
2000-12-21,8.8,13.3,4.4,0.0,0.1675824175824176,0
2000-12-22,8.8,15.0,4.4,0.0,0.1675824175824176,0
2000-12-23,7.4,13.9,3.3,0.0,0.1675824175824176,0
2000-12-24,8.1,13.3,4.4,0.0,0.1675824175824176,0
2000-12-25,11.0,15.0,5.0,0.0,0.1675824175824176,0
2000-12-26,10.8,21.1,5.0,0.0,0.1675824175824176,0
2000-12-27,11.2,25.0,5.6,0.0,0.1675824175824176,0
2000-12-28,12.9,20.0,7.2,0.0,0.1675824175824176,0
2000-12-29,12.9,22.8,7.8,0.0,0.1675824175824176,0
2000-12-30,10.5,21.7,2.2,0.0,0.1675824175824176,0
2000-12-31,10.7,21.7,1.7,0.0,0.1675824175824176,0
2001-01-01,13.0,24.4,7.2,0.0,0.1675824175824176,0
2001-01-02,13.9,26.1,6.7,0.0,0.1675824175824176,0
2001-01-03,15.1,25.6,8.9,0.0,0.1675824175824176,0
2001-01-04,15.0,25.6,7.8,0.0,0.1675824175824176,0
2001-01-05,13.8,24.4,8.3,0.0,0.1675824175824176,0
2001-01-06,10.4,20.6,4.4,0.0,0.1675824175824176,0
2001-01-07,9.8,16.1,3.3,0.0,0.1675824175824176,0
2001-01-08,9.0,11.1,6.1,6.9,0.2054945054945055,0
2001-01-09,8.0,10.0,5.6,0.0,0.2054945054945055,0
2001-01-10,9.1,10.6,7.8,57.4,0.5208791208791209,0
2001-01-11,7.2,8.3,6.1,39.9,0.7401098901098903,0
2001-01-12,7.9,12.8,5.0,12.2,0.8071428571428572,0
2001-01-13,8.3,13.9,6.1,0.0,0.8071428571428572,0
2001-01-14,6.6,13.9,1.7,0.0,0.8071428571428572,0
2001-01-15,7.6,12.2,1.7,0.0,0.8071428571428572,0
2001-01-16,5.9,10.6,0.0,0.0,0.8071428571428572,0
2001-01-17,5.7,12.2,-0.6,0.0,0.8071428571428572,0
2001-01-18,6.4,15.0,-0.6,0.0,0.8071428571428572,0
2001-01-19,8.6,17.8,3.9,0.0,0.8071428571428572,0
2001-01-20,8.4,16.7,3.3,0.0,0.8071428571428572,0
2001-01-21,9.1,17.2,3.9,0.0,0.8071428571428572,0
2001-01-22,8.6,18.3,1.7,0.0,0.8071428571428572,0
2001-01-23,8.7,10.0,7.2,0.0,0.8071428571428572,0
2001-01-24,6.2,11.1,3.9,7.6,0.8489010989010989,0
2001-01-25,5.4,10.0,2.2,0.0,0.8489010989010989,0
2001-01-26,6.1,12.2,1.7,18.0,0.9478021978021978,0
2001-01-27,6.4,12.8,1.1,0.0,0.9478021978021978,0
2001-01-28,7.7,15.6,1.1,0.0,0.9478021978021978,0
2001-01-29,7.6,13.3,2.8,0.0,0.9478021978021978,0
2001-01-30,7.2,12.8,3.3,0.0,0.9478021978021978,0
2001-01-31,7.8,13.9,2.2,0.0,0.9478021978021978,0
2001-02-01,8.6,20.0,1.7,0.0,0.9478021978021978,0
2001-02-02,10.8,20.6,3.3,0.0,0.9478021978021978,0
2001-02-03,15.5,23.3,8.9,0.0,0.9478021978021978,0
2001-02-04,18.2,23.9,12.8,0.0,0.9478021978021978,0
2001-02-05,12.1,20.0,7.2,0.0,0.9478021978021978,0
2001-02-06,7.1,10.6,3.3,0.0,0.9478021978021978,0
2001-02-07,6.4,12.8,-1.7,1.5,0.956043956043956,0
2001-02-08,8.3,15.0,5.6,0.0,0.956043956043956,0
2001-02-09,6.2,8.9,3.9,0.0,0.956043956043956,0
2001-02-10,5.7,8.3,3.9,9.4,1.0076923076923077,0
2001-02-11,6.3,11.1,3.3,4.8,1.0340659340659342,0
2001-02-12,4.9,8.3,2.8,58.4,1.354945054945055,0
2001-02-13,7.7,11.1,3.3,38.4,1.565934065934066,0
2001-02-14,7.6,16.1,2.2,1.8,1.5758241758241758,0
2001-02-15,6.9,14.4,1.7,0.0,1.5758241758241758,0
2001-02-16,9.1,15.0,5.0,0.0,1.5758241758241758,0
2001-02-17,9.7,13.9,8.3,0.0,1.5758241758241758,0
2001-02-18,9.3,11.7,7.2,0.5,1.5785714285714287,0
2001-02-19,9.0,10.6,7.2,14.5,1.6582417582417583,0
2001-02-20,10.1,12.8,8.9,0.0,1.6582417582417583,0
2001-02-21,9.6,12.8,6.1,0.0,1.6582417582417583,0
2001-02-22,7.8,11.1,5.6,0.0,1.6582417582417583,0
2001-02-23,6.9,11.7,5.0,3.3,1.6763736263736264,0
2001-02-24,7.8,11.1,5.0,5.6,1.707142857142857,0
2001-02-25,10.2,16.7,7.8,59.2,2.0324175824175827,0
2001-02-26,10.2,16.7,5.6,16.5,2.123076923076923,0
2001-02-27,10.7,19.4,5.0,7.1,2.152197802197802,0
2001-02-28,8.8,15.0,2.2,4.3,2.175824175824176,0
2001-03-01,8.3,16.7,1.7,0.0,2.175824175824176,0
2001-03-02,6.7,11.7,2.8,0.0,2.175824175824176,0
2001-03-03,7.7,12.8,2.8,0.0,2.175824175824176,0
2001-03-04,9.5,11.7,7.8,1.0,2.181318681318681,0
2001-03-05,10.7,14.4,7.8,17.8,2.279120879120879,0
2001-03-06,12.1,16.7,8.3,10.9,2.339010989010989,0
2001-03-07,10.9,17.8,6.1,0.0,2.339010989010989,0
2001-03-08,8.7,11.7,5.6,0.0,2.339010989010989,0
2001-03-09,7.9,14.4,2.8,0.0,2.339010989010989,0
2001-03-10,8.3,16.1,2.2,0.0,2.339010989010989,0
2001-03-11,8.5,18.3,1.7,0.0,2.339010989010989,0
2001-03-12,10.0,20.0,2.8,0.0,2.339010989010989,0
2001-03-13,9.7,18.9,2.2,0.0,2.339010989010989,0
2001-03-14,10.3,19.4,3.3,0.0,2.339010989010989,0
2001-03-15,9.3,12.2,7.2,0.0,2.339010989010989,0
2001-03-16,9.4,15.6,4.4,0.0,2.339010989010989,0
2001-03-17,11.4,20.0,3.3,0.0,2.339010989010989,0
2001-03-18,14.9,24.4,6.7,0.0,2.339010989010989,0
2001-03-19,17.4,26.7,10.0,0.0,2.339010989010989,0
2001-03-20,16.3,26.7,8.9,0.0,2.339010989010989,0
2001-03-21,11.2,18.3,7.2,0.0,2.339010989010989,0
2001-03-22,11.9,18.9,8.9,0.0,2.339010989010989,0
2001-03-23,12.1,20.0,9.4,0.0,2.318131868131868,0
2001-03-24,13.2,18.9,8.3,0.0,2.318131868131868,0
2001-03-25,11.8,16.1,7.8,0.0,2.318131868131868,0
2001-03-26,10.1,17.8,4.4,0.0,2.318131868131868,0
2001-03-27,10.7,20.6,3.9,0.0,2.318131868131868,0
2001-03-28,10.6,18.3,5.6,0.0,2.318131868131868,0
2001-03-29,10.8,17.8,6.7,0.0,2.318131868131868,0
2001-03-30,15.3,25.0,7.2,0.0,2.318131868131868,0
2001-03-31,14.3,24.4,8.3,0.0,2.318131868131868,0
2001-04-01,9.1,12.8,7.2,0.0,2.318131868131868,0
2001-04-02,7.7,12.8,2.8,0.0,2.318131868131868,0
2001-04-03,5.8,12.2,0.0,0.0,2.318131868131868,0
2001-04-04,6.6,13.9,0.6,0.0,2.318131868131868,0
2001-04-05,7.5,15.6,1.1,0.0,2.318131868131868,0
2001-04-06,7.3,9.4,5.6,0.0,2.318131868131868,0
2001-04-07,7.2,11.1,5.0,19.6,2.425824175824176,0
2001-04-08,6.0,11.7,1.7,0.0,2.425824175824176,0
2001-04-09,7.3,13.3,2.8,0.0,2.425824175824176,0
2001-04-10,7.9,14.4,1.7,0.0,2.425824175824176,0
2001-04-11,8.4,12.8,6.7,0.0,2.409340659340659,0
2001-04-12,9.0,16.7,2.2,0.0,2.409340659340659,0
2001-04-13,7.6,11.7,4.4,0.0,2.409340659340659,0
2001-04-14,7.8,15.0,2.2,0.0,2.409340659340659,0
2001-04-15,7.8,16.1,0.6,0.0,2.409340659340659,0
2001-04-16,10.3,18.3,2.2,0.0,2.409340659340659,0
2001-04-17,14.3,21.7,7.2,0.0,2.409340659340659,0
2001-04-18,10.6,18.3,5.6,0.0,2.409340659340659,0
2001-04-19,9.3,16.1,6.1,0.0,2.409340659340659,0
2001-04-20,7.2,11.7,4.4,8.4,2.455494505494505,0
2001-04-21,9.2,16.1,2.8,0.3,2.4571428571428573,0
2001-04-22,9.6,15.6,4.4,0.0,2.4571428571428573,0
2001-04-23,11.6,20.0,4.4,0.0,2.4571428571428573,0
2001-04-24,16.9,27.2,8.3,0.0,2.4571428571428573,0
2001-04-25,16.1,27.2,7.8,0.0,2.4571428571428573,0
2001-04-26,10.7,18.9,5.0,0.0,2.433516483516484,0
2001-04-27,11.1,18.3,6.1,0.0,2.410989010989011,0
2001-04-28,10.2,16.1,3.9,0.0,2.410989010989011,0
2001-04-29,10.6,19.4,3.3,0.0,2.336813186813187,0
2001-04-30,11.5,20.0,5.0,0.0,2.336813186813187,0
2001-05-01,12.1,20.0,5.0,0.0,2.336813186813187,0
2001-05-02,16.2,22.2,7.8,0.0,2.336813186813187,0
2001-05-03,16.5,24.4,8.3,0.0,2.336813186813187,0
2001-05-04,16.4,27.8,7.8,0.0,2.336813186813187,0
2001-05-05,14.0,24.4,6.1,0.0,2.336813186813187,0
2001-05-06,17.5,27.2,7.2,0.0,2.336813186813187,0
2001-05-07,21.7,33.3,12.8,0.0,2.336813186813187,0
2001-05-08,21.9,33.3,10.0,0.0,2.336813186813187,0
2001-05-09,14.3,23.3,7.2,0.0,2.336813186813187,0
2001-05-10,16.7,28.9,4.4,0.0,2.336813186813187,0
2001-05-11,15.6,25.0,8.9,0.0,2.336813186813187,0
2001-05-12,13.1,20.0,9.4,0.0,2.336813186813187,0
2001-05-13,11.5,17.2,7.2,0.0,2.336813186813187,0
2001-05-14,12.9,21.7,7.2,0.0,2.336813186813187,0
2001-05-15,16.3,24.4,7.8,0.0,2.336813186813187,0
2001-05-16,14.2,21.7,7.2,0.0,2.336813186813187,0
2001-05-17,13.4,22.2,7.2,0.0,2.336813186813187,0
2001-05-18,14.0,23.3,5.6,0.0,2.336813186813187,0
2001-05-19,15.8,25.6,7.2,0.0,2.336813186813187,0
2001-05-20,17.2,29.4,7.2,0.0,2.336813186813187,0
2001-05-21,18.1,26.1,10.0,0.0,2.336813186813187,0
2001-05-22,16.9,27.2,8.9,0.0,2.336813186813187,0
2001-05-23,16.6,28.9,8.3,0.0,2.336813186813187,0
2001-05-24,16.8,26.7,8.3,0.0,2.336813186813187,0
2001-05-25,14.7,27.2,6.1,0.0,2.336813186813187,0
2001-05-26,13.2,21.1,7.2,0.0,2.336813186813187,0
2001-05-27,11.1,18.9,7.2,0.0,2.336813186813187,0
2001-05-28,11.2,16.1,6.1,0.0,2.336813186813187,0
2001-05-29,15.1,24.4,4.4,0.0,2.336813186813187,0
2001-05-30,25.2,36.7,13.3,0.0,2.336813186813187,0
2001-05-31,24.3,33.9,13.3,0.0,2.336813186813187,0
2001-06-01,15.1,21.7,9.4,0.0,2.336813186813187,0
2001-06-02,12.4,18.3,7.8,0.0,2.336813186813187,0
2001-06-03,12.3,20.0,5.0,0.0,2.336813186813187,0
2001-06-04,12.7,23.3,3.9,0.0,2.336813186813187,0
2001-06-05,14.7,25.0,5.6,0.0,2.336813186813187,0
2001-06-06,16.6,28.3,6.1,0.0,2.336813186813187,0
2001-06-07,20.7,31.7,9.4,0.0,2.336813186813187,0
2001-06-08,16.1,24.4,7.2,0.0,2.336813186813187,0
2001-06-09,13.9,21.1,7.2,0.0,2.336813186813187,0
2001-06-10,13.3,18.3,8.9,0.0,2.336813186813187,0
2001-06-11,13.2,18.3,10.0,0.0,2.336813186813187,0
2001-06-12,12.5,20.0,5.6,0.0,2.336813186813187,0
2001-06-13,16.1,27.2,4.4,0.0,2.336813186813187,0
2001-06-14,20.4,32.8,8.3,0.0,2.336813186813187,0
2001-06-15,16.3,26.7,7.2,0.0,2.336813186813187,0
2001-06-16,17.9,30.6,5.6,0.0,2.336813186813187,0
2001-06-17,18.3,28.9,8.9,0.0,2.336813186813187,0
2001-06-18,19.9,31.7,8.3,0.0,2.336813186813187,0
2001-06-19,19.8,30.6,9.4,0.0,2.336813186813187,0
2001-06-20,21.3,34.4,10.6,0.0,2.336813186813187,0
2001-06-21,20.6,32.8,9.4,0.0,2.336813186813187,0
2001-06-22,16.4,25.0,9.4,0.0,2.336813186813187,0
2001-06-23,13.9,23.3,8.3,0.0,2.336813186813187,0
2001-06-24,14.4,21.7,7.2,0.0,2.336813186813187,0
2001-06-25,14.0,22.2,7.2,0.0,2.336813186813187,0
2001-06-26,16.2,23.3,9.4,0.0,2.336813186813187,0
2001-06-27,16.8,21.7,13.9,0.0,2.336813186813187,0
2001-06-28,16.8,23.3,8.9,0.0,2.336813186813187,0
2001-06-29,15.7,26.1,7.8,0.0,2.336813186813187,0
2001-06-30,15.1,24.4,7.8,0.0,2.336813186813187,0
2001-07-01,16.6,27.8,6.1,0.0,2.336813186813187,0
2001-07-02,22.1,32.8,8.3,0.0,2.336813186813187,0
2001-07-03,26.1,38.3,15.0,0.0,2.336813186813187,0
2001-07-04,18.8,30.0,10.6,0.0,2.336813186813187,0
2001-07-05,16.4,25.6,8.3,0.0,2.336813186813187,0
2001-07-06,14.8,25.0,7.2,0.0,2.336813186813187,0
2001-07-07,16.0,26.1,7.8,0.0,2.336813186813187,0
2001-07-08,16.1,25.0,8.3,0.0,2.336813186813187,0
2001-07-09,16.1,23.3,11.7,0.0,2.298901098901099,0
2001-07-10,15.6,23.3,11.1,0.0,2.298901098901099,0
2001-07-11,14.8,20.6,11.1,0.0,1.983516483516484,0
2001-07-12,15.1,22.8,11.7,0.0,1.7642857142857145,0
2001-07-13,14.7,22.2,9.4,0.0,1.6972527472527474,0
2001-07-14,11.8,15.6,10.6,0.0,1.6972527472527474,0
2001-07-15,12.1,17.2,10.0,0.0,1.6972527472527474,0
2001-07-16,12.2,15.6,10.6,0.0,1.6972527472527474,0
2001-07-17,14.6,22.8,9.4,0.0,1.6972527472527474,0
2001-07-18,15.3,23.9,9.4,0.0,1.6972527472527474,0
2001-07-19,14.0,20.6,11.1,0.0,1.6972527472527474,0
2001-07-20,13.2,18.9,11.1,0.0,1.6972527472527474,0
2001-07-21,14.0,20.6,11.1,0.0,1.6972527472527474,0
2001-07-22,16.1,26.1,8.3,0.0,1.6972527472527474,0
2001-07-23,15.7,26.1,8.9,0.0,1.6972527472527474,0
2001-07-24,17.0,26.7,10.6,0.0,1.6972527472527474,0
2001-07-25,17.7,26.7,12.2,0.0,1.6554945054945056,0
2001-07-26,16.8,25.6,11.1,0.0,1.6554945054945056,0
2001-07-27,15.4,24.4,9.4,0.0,1.5565934065934066,0
2001-07-28,15.6,26.1,9.4,0.0,1.5565934065934066,0
2001-07-29,14.2,22.8,7.8,0.0,1.5565934065934066,0
2001-07-30,14.1,17.8,11.7,0.0,1.5565934065934066,0
2001-07-31,15.9,25.6,8.9,0.0,1.5565934065934066,0
2001-08-01,14.7,23.3,8.3,0.0,1.5565934065934066,0
2001-08-02,16.1,25.6,10.6,0.0,1.5565934065934066,0
2001-08-03,15.7,24.4,10.0,0.0,1.5565934065934066,0
2001-08-04,16.8,25.0,10.6,0.0,1.5565934065934066,0
2001-08-05,16.9,25.0,9.4,0.0,1.5565934065934066,0
2001-08-06,17.1,24.4,11.1,0.0,1.5565934065934066,0
2001-08-07,18.6,30.0,8.3,0.0,1.5565934065934066,0
2001-08-08,17.8,28.3,11.1,0.0,1.5483516483516484,0
2001-08-09,17.3,25.6,11.7,0.0,1.5483516483516484,0
2001-08-10,16.2,24.4,8.9,0.0,1.5483516483516484,0
2001-08-11,14.9,23.9,8.3,0.0,1.496703296703297,0
2001-08-12,15.5,23.9,10.0,0.0,1.4703296703296704,0
2001-08-13,15.4,22.8,10.0,0.0,1.1494505494505496,0
2001-08-14,15.2,25.0,9.4,0.0,0.9384615384615386,0
2001-08-15,14.3,22.8,9.4,0.0,0.9285714285714288,0
2001-08-16,16.3,30.0,6.1,0.0,0.9285714285714288,0
2001-08-17,16.2,31.1,8.3,0.0,0.9285714285714288,0
2001-08-18,15.6,27.2,6.7,0.0,0.9285714285714288,0
2001-08-19,14.0,23.3,6.7,0.0,0.925824175824176,0
2001-08-20,12.3,15.6,10.0,0.0,0.8461538461538463,0
2001-08-21,14.3,20.6,10.6,0.0,0.8461538461538463,0
2001-08-22,15.3,22.2,10.6,0.0,0.8461538461538463,0
2001-08-23,18.1,25.6,10.0,0.0,0.8461538461538463,0
2001-08-24,15.6,24.4,8.3,0.0,0.8280219780219781,0
2001-08-25,14.9,25.0,6.7,0.0,0.7972527472527474,0
2001-08-26,15.3,28.3,7.2,0.0,0.471978021978022,0
2001-08-27,16.6,29.4,8.3,0.0,0.3813186813186813,0
2001-08-28,16.7,28.9,7.2,0.0,0.3423076923076924,0
2001-08-29,14.4,22.2,11.1,0.0,0.3186813186813188,0
2001-08-30,13.3,16.1,11.7,0.0,0.3186813186813188,0
2001-08-31,16.0,28.3,11.1,0.0,0.3186813186813188,0
2001-09-01,16.8,29.4,8.3,0.0,0.3186813186813188,0
2001-09-02,18.1,30.0,9.4,0.0,0.3131868131868133,0
2001-09-03,17.6,30.0,8.9,0.0,0.2153846153846154,0
2001-09-04,16.3,26.7,7.8,0.0,0.1554945054945055,0
2001-09-05,14.4,23.3,6.1,0.0,0.1554945054945056,0
2001-09-06,15.9,28.9,5.0,0.0,0.1554945054945056,0
2001-09-07,16.9,28.3,7.8,0.0,0.1554945054945056,0
2001-09-08,14.2,26.1,5.6,0.0,0.1554945054945056,0
2001-09-09,14.8,24.4,10.0,0.0,0.1554945054945056,0
2001-09-10,16.9,25.0,10.0,0.0,0.1554945054945056,0
2001-09-11,16.2,25.0,9.4,0.0,0.1554945054945056,0
2001-09-12,14.7,22.8,8.3,0.0,0.1554945054945056,0
2001-09-13,14.9,23.9,9.4,0.0,0.1554945054945056,0
2001-09-14,16.1,29.4,7.2,0.0,0.1554945054945056,0
2001-09-15,14.3,23.9,9.4,0.0,0.1554945054945056,0
2001-09-16,13.4,19.4,11.1,0.0,0.1554945054945056,0
2001-09-17,13.6,21.1,10.0,0.0,0.1554945054945056,0
2001-09-18,13.6,21.7,8.9,0.0,0.1554945054945056,0
2001-09-19,14.4,25.0,7.2,0.0,0.1554945054945056,0
2001-09-20,14.1,26.1,7.8,0.0,0.1554945054945056,0
2001-09-21,14.1,26.1,6.7,0.0,0.1554945054945056,0
2001-09-22,16.6,30.0,8.3,0.0,0.1554945054945056,0
2001-09-23,13.7,22.2,7.8,0.0,0.1554945054945056,0
2001-09-24,14.4,23.3,8.3,0.0,0.1554945054945056,0
2001-09-25,15.3,23.9,10.0,0.0,0.1554945054945056,0
2001-09-26,13.1,22.2,9.4,0.0,0.1554945054945056,0
2001-09-27,13.9,22.2,7.8,0.0,0.1554945054945056,0
2001-09-28,13.3,23.3,5.6,0.0,0.1554945054945056,0
2001-09-29,17.2,29.4,6.7,0.0,0.1554945054945056,0
2001-09-30,25.3,40.6,15.0,0.0,0.1554945054945056,0
2001-10-01,20.8,31.7,10.6,0.0,0.1554945054945056,0
2001-10-02,16.6,29.4,8.9,0.0,0.1554945054945056,0
2001-10-03,17.7,31.7,9.4,0.0,0.1554945054945056,0
2001-10-04,14.6,21.7,11.1,0.0,0.1554945054945056,0
2001-10-05,14.2,18.9,12.2,0.0,0.1554945054945056,0
2001-10-06,12.7,17.2,10.0,0.0,0.0478021978021979,0
2001-10-07,14.1,21.1,9.4,0.0,0.0478021978021979,0
2001-10-08,13.4,21.7,7.2,0.0,0.0478021978021979,0
2001-10-09,15.3,26.7,6.1,0.0,0.0478021978021979,0
2001-10-10,15.4,27.8,6.7,0.0,0.0478021978021979,0
2001-10-11,14.2,22.8,7.8,0.0,0.0478021978021979,0
2001-10-12,20.8,29.4,13.3,0.0,0.0478021978021979,0
2001-10-13,22.2,30.6,15.0,0.0,0.0478021978021979,0
2001-10-14,21.9,32.8,14.4,0.0,0.0478021978021979,0
2001-10-15,19.0,31.7,11.1,0.0,0.0478021978021979,0
2001-10-16,13.1,22.8,7.8,0.0,0.0478021978021979,0
2001-10-17,14.3,23.3,8.3,0.0,0.0478021978021979,0
2001-10-18,14.8,25.0,7.8,0.0,0.0478021978021979,0
2001-10-19,16.4,30.6,10.0,0.0,0.0016483516483517,0
2001-10-20,13.2,23.3,7.2,0.0,0.0,0
2001-10-21,10.7,17.2,8.3,0.0,0.0,0
2001-10-22,12.9,23.3,5.6,0.0,0.0,0
2001-10-23,13.1,21.1,7.8,0.0,0.0,0
2001-10-24,16.4,26.1,8.9,0.0,0.0,0
2001-10-25,19.3,30.6,11.1,0.0,0.0,0
2001-10-26,12.5,23.9,5.0,0.0,0.0,0
2001-10-27,13.2,19.4,8.9,0.0,0.0,0
2001-10-28,14.0,17.8,11.7,0.0,0.0,0
2001-10-29,14.6,17.8,13.3,0.0,0.0,0
2001-10-30,13.1,15.6,10.0,1.5,0.0082417582417583,0
2001-10-31,13.1,21.1,8.3,0.0,0.0082417582417583,0
2001-11-01,13.8,23.3,7.8,0.0,0.0082417582417583,0
2001-11-02,12.3,23.3,7.2,0.0,0.0082417582417583,0
2001-11-03,12.9,23.3,7.2,0.0,0.0082417582417583,0
2001-11-04,15.7,26.7,7.2,0.3,0.0098901098901099,0
2001-11-05,12.1,25.0,3.3,0.0,0.0098901098901099,0
2001-11-06,9.1,15.0,3.3,0.0,0.0098901098901099,0
2001-11-07,12.7,20.0,3.9,0.0,0.0098901098901099,0
2001-11-08,17.0,28.9,9.4,0.0,0.0098901098901099,0
2001-11-09,15.8,27.2,8.9,0.0,0.0098901098901099,0
2001-11-10,13.6,18.3,8.3,0.0,0.0098901098901099,0
2001-11-11,13.9,16.1,12.8,0.8,0.0142857142857143,0
2001-11-12,10.6,12.8,8.9,8.9,0.0631868131868132,0
2001-11-13,10.6,13.3,8.3,0.0,0.0631868131868132,0
2001-11-14,11.7,15.6,9.4,0.0,0.0631868131868132,0
2001-11-15,10.9,15.6,8.3,0.0,0.0631868131868132,0
2001-11-16,13.2,17.8,9.4,0.0,0.0631868131868132,0
2001-11-17,12.8,20.0,7.2,0.0,0.0631868131868132,0
2001-11-18,12.9,22.8,6.7,0.0,0.0631868131868132,0
2001-11-19,13.3,17.8,8.3,0.0,0.0631868131868132,0
2001-11-20,14.7,22.8,11.1,0.0,0.0631868131868132,0
2001-11-21,13.7,15.6,11.1,0.0,0.0631868131868132,0
2001-11-22,12.9,17.8,7.2,0.0,0.0631868131868132,0
2001-11-23,10.9,18.3,6.1,0.0,0.0631868131868132,0
2001-11-24,10.5,16.7,7.2,20.1,0.1736263736263737,0
2001-11-25,8.2,10.0,6.7,0.0,0.1736263736263737,0
2001-11-26,9.0,12.8,6.7,0.0,0.1736263736263737,0
2001-11-27,8.1,12.8,2.2,0.0,0.1736263736263737,0
2001-11-28,8.7,11.1,5.6,0.0,0.1736263736263737,0
2001-11-29,8.6,11.7,5.0,6.1,0.2071428571428572,0
2001-11-30,7.6,12.8,3.9,0.0,0.2071428571428572,0
2001-12-01,9.4,10.0,8.3,0.0,0.2071428571428572,0
2001-12-02,9.4,12.2,7.2,2.5,0.2208791208791209,0
2001-12-03,8.1,14.4,5.6,4.1,0.2434065934065935,0
2001-12-04,7.8,15.0,3.3,0.0,0.2434065934065935,0
2001-12-05,9.2,11.1,6.1,0.0,0.2434065934065935,0
2001-12-06,13.0,18.9,10.6,0.0,0.2434065934065935,0
2001-12-07,12.8,18.3,9.4,0.0,0.2434065934065935,0
2001-12-08,11.6,20.0,6.1,0.0,0.2434065934065935,0
2001-12-09,7.2,11.7,3.3,0.0,0.2434065934065935,0
2001-12-10,7.4,14.4,1.1,0.0,0.2434065934065935,0
2001-12-11,8.2,13.9,3.3,0.0,0.2434065934065935,0
2001-12-12,9.1,17.2,4.4,0.0,0.2434065934065935,0
2001-12-13,7.8,16.7,2.2,0.0,0.2434065934065935,0
2001-12-14,8.1,12.8,5.6,3.8,0.2642857142857143,0
2001-12-15,7.0,14.4,2.2,0.0,0.2642857142857143,0
2001-12-16,9.4,16.7,2.2,0.0,0.2642857142857143,0
2001-12-17,9.7,13.9,5.0,0.0,0.2642857142857143,0
2001-12-18,7.6,15.0,3.9,0.0,0.2642857142857143,0
2001-12-19,8.2,14.4,4.4,0.0,0.2642857142857143,0
2001-12-20,7.8,10.0,5.6,9.9,0.3186813186813187,0
2001-12-21,8.8,16.1,6.1,6.9,0.3565934065934067,0
2001-12-22,9.7,12.2,7.8,0.0,0.3565934065934067,0
2001-12-23,9.7,14.4,6.1,0.0,0.3565934065934067,0
2001-12-24,8.9,18.3,3.3,0.0,0.3565934065934067,0
2001-12-25,10.3,16.1,5.0,0.0,0.3565934065934067,0
2001-12-26,11.8,17.8,8.9,0.0,0.3565934065934067,0
2001-12-27,12.2,15.0,8.9,0.0,0.3565934065934067,0
2001-12-28,9.8,13.3,8.3,0.0,0.3565934065934067,0
2001-12-29,10.5,12.2,7.8,5.8,0.3884615384615386,0
2001-12-30,12.0,12.8,11.1,2.0,0.3994505494505495,0
2001-12-31,12.1,16.1,9.4,0.0,0.3994505494505495,0
2002-01-01,12.7,13.3,11.7,0.0,0.3994505494505495,0
2002-01-02,11.3,12.8,8.3,2.5,0.4131868131868133,0
2002-01-03,8.3,15.6,4.4,0.5,0.415934065934066,0
2002-01-04,10.0,19.4,5.6,0.0,0.415934065934066,0
2002-01-05,12.1,15.6,7.2,0.0,0.415934065934066,0
2002-01-06,12.2,20.0,6.1,0.0,0.415934065934066,0
2002-01-07,9.9,17.2,5.6,0.0,0.415934065934066,0
2002-01-08,10.8,15.6,7.2,0.0,0.415934065934066,0
2002-01-09,10.1,15.0,6.7,0.0,0.415934065934066,0
2002-01-10,10.4,17.2,5.6,0.0,0.415934065934066,0
2002-01-11,12.0,25.0,5.0,0.0,0.415934065934066,0
2002-01-12,10.8,19.4,4.4,0.0,0.415934065934066,0
2002-01-13,10.9,17.2,6.1,0.0,0.415934065934066,0
2002-01-14,6.9,13.9,1.7,0.0,0.415934065934066,0
2002-01-15,5.7,13.3,0.0,0.0,0.415934065934066,0
2002-01-16,5.8,10.6,0.0,0.0,0.415934065934066,0
2002-01-17,5.1,11.1,0.0,0.0,0.415934065934066,0
2002-01-18,5.6,14.4,0.0,0.0,0.415934065934066,0
2002-01-19,6.1,13.3,0.0,0.0,0.415934065934066,0
2002-01-20,7.4,16.1,1.1,0.0,0.415934065934066,0
2002-01-21,6.8,10.6,1.7,0.0,0.415934065934066,0
2002-01-22,4.0,10.6,-0.6,0.0,0.415934065934066,0
2002-01-23,4.3,12.2,-1.1,0.0,0.415934065934066,0
2002-01-24,6.4,15.0,0.0,0.0,0.415934065934066,0
2002-01-25,6.9,16.1,2.2,0.0,0.415934065934066,0
2002-01-26,6.9,10.0,3.3,0.0,0.415934065934066,0
2002-01-27,3.9,11.7,-0.6,15.7,0.5021978021978023,0
2002-01-28,2.7,8.3,-0.6,1.5,0.5104395604395605,0
2002-01-29,1.4,7.8,-1.7,0.0,0.5104395604395605,0
2002-01-30,3.0,11.1,-1.7,0.0,0.5104395604395605,0
2002-01-31,4.4,14.4,-1.7,0.0,0.5104395604395605,0
2002-02-01,5.9,13.3,-0.6,0.0,0.5104395604395605,0
2002-02-02,6.4,15.6,0.6,0.0,0.5104395604395605,0
2002-02-03,7.9,15.6,1.1,0.0,0.5104395604395605,0
2002-02-04,10.1,18.9,3.9,0.0,0.5104395604395605,0
2002-02-05,7.6,18.3,0.6,0.0,0.5104395604395605,0
2002-02-06,8.7,18.3,1.7,0.0,0.5104395604395605,0
2002-02-07,10.7,12.8,6.7,0.0,0.5104395604395605,0
2002-02-08,7.2,13.9,2.2,0.0,0.5104395604395605,0
2002-02-09,10.7,16.7,5.0,0.0,0.5104395604395605,0
2002-02-10,13.2,24.4,6.7,0.0,0.5104395604395605,0
2002-02-11,13.0,24.4,6.7,0.0,0.5104395604395605,0
2002-02-12,11.6,20.6,5.0,0.0,0.5104395604395605,0
2002-02-13,8.5,13.3,5.0,0.0,0.5104395604395605,0
2002-02-14,9.5,16.7,5.6,0.0,0.5104395604395605,0
2002-02-15,8.6,12.8,3.9,0.0,0.5104395604395605,0
2002-02-16,8.3,14.4,5.0,0.0,0.5104395604395605,0
2002-02-17,7.2,11.7,4.4,7.4,0.5510989010989011,0
2002-02-18,8.8,12.2,6.1,0.0,0.5510989010989011,0
2002-02-19,9.7,11.7,7.2,0.0,0.5510989010989011,0
2002-02-20,12.7,18.9,9.4,0.0,0.5510989010989011,0
2002-02-21,15.3,25.0,9.4,0.0,0.5510989010989011,0
2002-02-22,14.7,26.7,9.4,0.0,0.5510989010989011,0
2002-02-23,10.2,13.9,6.7,0.0,0.5510989010989011,0
2002-02-24,9.8,18.3,3.3,0.0,0.5510989010989011,0
2002-02-25,15.0,21.7,7.8,0.0,0.5510989010989011,0
2002-02-26,16.6,25.0,10.0,0.0,0.5510989010989011,0
2002-02-27,17.4,22.2,11.7,0.0,0.5510989010989011,0
2002-02-28,13.9,22.8,6.1,0.0,0.5510989010989011,0
2002-03-01,10.5,17.8,3.9,0.0,0.5510989010989011,0
2002-03-02,10.9,19.4,4.4,0.0,0.5510989010989011,0
2002-03-03,11.0,22.8,3.9,0.0,0.5510989010989011,0
2002-03-04,10.0,20.0,3.9,0.0,0.5510989010989011,0
2002-03-05,10.4,18.3,3.9,0.0,0.5510989010989011,0
2002-03-06,10.7,11.7,9.4,1.8,0.5609890109890111,0
2002-03-07,8.2,11.7,3.9,2.0,0.571978021978022,0
2002-03-08,5.6,13.3,0.0,0.0,0.571978021978022,0
2002-03-09,8.6,16.1,1.1,0.0,0.571978021978022,0
2002-03-10,10.8,17.8,6.1,0.0,0.571978021978022,0
2002-03-11,11.0,19.4,5.6,0.0,0.571978021978022,0
2002-03-12,9.1,16.1,3.3,0.0,0.571978021978022,0
2002-03-13,6.9,12.8,2.8,0.0,0.571978021978022,0
2002-03-14,7.3,14.4,1.1,0.0,0.571978021978022,0
2002-03-15,6.9,11.7,3.3,0.0,0.571978021978022,0
2002-03-16,7.1,12.2,4.4,0.0,0.571978021978022,0
2002-03-17,5.3,10.0,1.7,2.8,0.5873626373626375,0
2002-03-18,7.3,14.4,1.1,0.0,0.5873626373626375,0
2002-03-19,9.4,20.0,0.6,0.0,0.5873626373626375,0
2002-03-20,12.7,23.3,5.6,0.0,0.5873626373626375,0
2002-03-21,9.9,18.3,4.4,0.0,0.5873626373626375,0
2002-03-22,9.5,11.1,6.7,0.0,0.5873626373626375,0
2002-03-23,9.3,11.7,7.2,1.3,0.5945054945054946,0
2002-03-24,8.9,15.0,5.0,0.0,0.5945054945054946,0
2002-03-25,8.1,15.6,2.8,0.0,0.5945054945054946,0
2002-03-26,11.0,21.1,3.3,0.0,0.5945054945054946,0
2002-03-27,12.2,22.2,4.4,0.0,0.5945054945054946,0
2002-03-28,12.3,21.1,5.6,0.3,0.5961538461538463,0
2002-03-29,11.7,21.1,4.4,0.0,0.5961538461538463,0
2002-03-30,13.3,25.0,5.6,0.0,0.5961538461538463,0
2002-03-31,13.1,26.7,5.0,0.0,0.5961538461538463,0
2002-04-01,11.7,22.8,2.8,0.0,0.5961538461538463,0
2002-04-02,11.2,18.9,7.2,0.0,0.5961538461538463,0
2002-04-03,10.3,14.4,8.3,0.0,0.5961538461538463,0
2002-04-04,10.2,13.9,8.9,0.0,0.5961538461538463,0
2002-04-05,10.3,13.9,7.2,0.0,0.5961538461538463,0
2002-04-06,9.7,12.2,7.2,0.0,0.5961538461538463,0
2002-04-07,11.2,18.9,7.8,0.0,0.5961538461538463,0
2002-04-08,10.6,18.9,6.7,0.0,0.5961538461538463,0
2002-04-09,11.4,14.4,8.3,0.0,0.5961538461538463,0
2002-04-10,13.5,20.0,7.2,0.0,0.5961538461538463,0
2002-04-11,12.8,21.1,6.7,0.0,0.5961538461538463,0
2002-04-12,14.1,24.4,7.2,0.0,0.5961538461538463,0
2002-04-13,15.8,28.9,6.7,0.0,0.5961538461538463,0
2002-04-14,12.3,21.7,6.7,0.0,0.5961538461538463,0
2002-04-15,9.3,15.0,5.6,1.8,0.6060439560439561,0
2002-04-16,9.2,14.4,6.1,0.0,0.6060439560439561,0
2002-04-17,8.6,13.9,3.3,0.0,0.6060439560439561,0
2002-04-18,8.1,15.0,1.7,0.0,0.6060439560439561,0
2002-04-19,11.8,20.0,2.8,0.0,0.6060439560439561,0
2002-04-20,8.8,14.4,5.0,0.0,0.6060439560439561,0
2002-04-21,11.9,20.6,6.1,0.0,0.6060439560439561,0
2002-04-22,15.8,26.7,7.2,0.0,0.6060439560439561,0
2002-04-23,14.4,22.8,7.8,0.0,0.6060439560439561,0
2002-04-24,13.2,20.6,7.2,0.5,0.6087912087912088,0
2002-04-25,10.3,17.2,6.1,0.0,0.6087912087912088,0
2002-04-26,8.1,8.9,7.8,0.0,0.6087912087912088,0
2002-04-27,9.3,15.0,2.2,0.0,0.6087912087912088,0
2002-04-28,7.7,15.6,1.1,0.0,0.6087912087912088,0
2002-04-29,8.8,15.6,3.3,0.0,0.6087912087912088,0
2002-04-30,7.7,11.7,2.2,0.0,0.6005494505494506,0
2002-05-01,10.3,15.6,6.1,0.0,0.6005494505494506,0
2002-05-02,9.5,16.1,7.8,0.0,0.6005494505494506,0
2002-05-03,9.8,16.7,6.7,0.0,0.6005494505494506,0
2002-05-04,11.2,18.9,5.6,0.0,0.6005494505494506,0
2002-05-05,12.0,22.2,5.0,0.0,0.598901098901099,0
2002-05-06,10.7,16.1,6.7,0.0,0.598901098901099,0
2002-05-07,9.3,15.6,3.9,0.0,0.598901098901099,0
2002-05-08,11.1,21.7,3.3,0.0,0.598901098901099,0
2002-05-09,9.9,16.1,3.9,0.0,0.598901098901099,0
2002-05-10,9.2,15.0,3.3,0.0,0.598901098901099,0
2002-05-11,13.1,23.3,2.8,0.0,0.598901098901099,0
2002-05-12,13.3,25.6,3.9,0.0,0.5945054945054946,0
2002-05-13,10.1,16.7,3.9,0.0,0.5456043956043957,0
2002-05-14,12.1,20.0,7.8,0.0,0.5456043956043957,0
2002-05-15,11.8,19.4,4.4,0.0,0.5456043956043957,0
2002-05-16,10.1,19.4,3.3,0.0,0.5456043956043957,0
2002-05-17,11.3,20.0,3.3,0.0,0.5456043956043957,0
2002-05-18,10.9,18.3,5.0,0.0,0.5456043956043957,0
2002-05-19,11.2,17.2,7.2,0.0,0.5456043956043957,0
2002-05-20,10.6,13.3,8.3,1.3,0.5527472527472529,0
2002-05-21,12.7,18.3,6.7,0.0,0.5527472527472529,0
2002-05-22,10.2,18.3,3.3,0.0,0.5527472527472529,0
2002-05-23,13.4,23.3,2.8,0.0,0.5527472527472529,0
2002-05-24,16.5,27.2,7.2,0.0,0.5527472527472529,0
2002-05-25,12.8,21.1,5.6,0.0,0.4423076923076924,0
2002-05-26,13.2,21.1,8.3,0.0,0.4423076923076924,0
2002-05-27,14.3,22.2,6.7,0.0,0.4423076923076924,0
2002-05-28,16.0,22.2,9.4,0.0,0.4423076923076924,0
2002-05-29,18.6,29.4,8.9,0.0,0.4423076923076924,0
2002-05-30,15.8,25.6,8.3,0.0,0.4087912087912089,0
2002-05-31,14.4,23.3,7.2,0.0,0.4087912087912089,0
2002-06-01,10.9,16.1,9.4,0.0,0.4087912087912089,0
2002-06-02,10.4,17.8,8.3,0.0,0.3950549450549451,0
2002-06-03,12.4,21.7,6.1,0.0,0.3725274725274726,0
2002-06-04,15.9,25.6,6.1,0.0,0.3725274725274726,0
2002-06-05,20.2,33.9,8.3,0.0,0.3725274725274726,0
2002-06-06,14.3,24.4,5.6,0.0,0.3725274725274726,0
2002-06-07,11.4,20.6,4.4,0.0,0.3725274725274726,0
2002-06-08,12.9,23.3,4.4,0.0,0.3725274725274726,0
2002-06-09,16.0,25.6,3.9,0.0,0.3725274725274726,0
2002-06-10,21.0,29.4,12.2,0.0,0.3725274725274726,0
2002-06-11,17.7,26.7,8.9,0.0,0.3725274725274726,0
2002-06-12,14.5,23.3,5.6,0.0,0.3725274725274726,0
2002-06-13,12.2,18.9,7.2,0.0,0.3725274725274726,0
2002-06-14,11.2,17.2,4.4,0.0,0.3516483516483518,0
2002-06-15,11.6,19.4,4.4,0.0,0.3516483516483518,0
2002-06-16,12.4,21.1,3.9,0.0,0.3516483516483518,0
2002-06-17,15.6,22.2,6.1,0.0,0.3516483516483518,0
2002-06-18,14.6,21.1,7.8,0.0,0.3516483516483518,0
2002-06-19,13.9,22.8,6.1,0.0,0.3516483516483518,0
2002-06-20,10.4,12.2,9.4,0.0,0.2972527472527473,0
2002-06-21,10.3,13.3,8.9,0.3,0.2609890109890111,0
2002-06-22,14.3,16.7,10.6,0.0,0.2609890109890111,0
2002-06-23,13.7,20.6,9.4,0.0,0.2609890109890111,0
2002-06-24,13.8,21.1,8.3,0.0,0.2609890109890111,0
2002-06-25,13.6,23.3,5.6,0.0,0.2609890109890111,0
2002-06-26,13.4,20.6,8.9,0.0,0.2609890109890111,0
2002-06-27,14.4,21.7,11.1,0.0,0.2609890109890111,0
2002-06-28,13.7,20.0,10.6,0.0,0.2609890109890111,0
2002-06-29,16.7,23.9,11.7,0.0,0.2291208791208792,0
2002-06-30,17.7,28.3,8.9,0.0,0.2181318681318682,0
2002-07-01,19.5,29.4,8.9,0.0,0.2181318681318682,0
2002-07-02,17.1,27.8,9.4,0.0,0.2181318681318682,0
2002-07-03,13.9,21.7,7.2,0.0,0.2043956043956045,0
2002-07-04,13.5,21.1,6.7,0.0,0.2016483516483517,0
2002-07-05,13.2,19.4,7.2,0.0,0.2016483516483517,0
2002-07-06,14.7,23.9,6.7,0.0,0.2016483516483517,0
2002-07-07,16.1,23.9,8.3,0.0,0.2016483516483517,0
2002-07-08,17.5,30.6,6.1,0.0,0.2016483516483517,0
2002-07-09,24.4,34.4,14.4,0.0,0.2016483516483517,0
2002-07-10,23.6,32.8,12.8,0.0,0.2016483516483517,0
2002-07-11,19.6,29.4,11.1,0.0,0.2016483516483517,0
2002-07-12,19.8,28.9,12.8,0.0,0.2016483516483517,0
2002-07-13,16.6,27.2,11.1,0.0,0.2016483516483517,0
2002-07-14,14.9,23.9,9.4,0.0,0.2016483516483517,0
2002-07-15,12.3,17.8,9.4,0.0,0.2016483516483517,0
2002-07-16,13.2,20.6,10.0,0.0,0.2016483516483517,0
2002-07-17,13.4,21.1,8.9,0.0,0.2016483516483517,0
2002-07-18,14.7,21.7,10.0,0.0,0.2016483516483517,0
2002-07-19,15.6,24.4,9.4,0.0,0.2016483516483517,0
2002-07-20,14.9,23.3,8.9,0.0,0.2016483516483517,0
2002-07-21,15.8,24.4,8.9,0.0,0.2016483516483517,0
2002-07-22,15.2,22.2,7.8,0.0,0.2016483516483517,0
2002-07-23,16.0,23.9,7.2,0.0,0.2016483516483517,0
2002-07-24,15.7,23.9,7.8,0.0,0.2016483516483517,0
2002-07-25,14.3,21.1,7.8,0.0,0.2016483516483517,0
2002-07-26,15.8,25.6,9.4,0.0,0.2016483516483517,0
2002-07-27,16.3,25.6,10.0,0.0,0.2016483516483517,0
2002-07-28,16.7,26.1,11.1,0.0,0.1153846153846154,0
2002-07-29,16.1,23.3,12.2,0.0,0.1071428571428572,0
2002-07-30,16.7,26.7,10.6,0.0,0.1071428571428572,0
2002-07-31,16.4,24.4,10.6,0.0,0.1071428571428572,0
2002-08-01,16.6,25.0,10.6,0.0,0.1071428571428572,0
2002-08-02,15.7,20.6,13.3,0.0,0.1071428571428572,0
2002-08-03,14.6,18.3,11.7,0.0,0.1071428571428572,0
2002-08-04,13.9,21.7,8.3,0.0,0.1071428571428572,0
2002-08-05,13.9,22.2,7.2,0.0,0.1071428571428572,0
2002-08-06,13.7,21.7,6.7,0.0,0.1071428571428572,0
2002-08-07,17.3,29.4,5.0,0.0,0.1071428571428572,0
2002-08-08,23.1,33.3,13.3,0.0,0.1071428571428572,0
2002-08-09,24.3,34.4,15.6,0.0,0.1071428571428572,0
2002-08-10,22.6,33.9,10.0,0.0,0.1071428571428572,0
2002-08-11,16.8,28.3,8.3,0.0,0.1071428571428572,0
2002-08-12,16.4,29.4,5.6,0.0,0.1071428571428572,0
2002-08-13,16.2,27.2,8.3,0.0,0.1071428571428572,0
2002-08-14,16.7,27.2,8.3,0.0,0.1071428571428572,0
2002-08-15,16.5,27.2,10.0,0.0,0.1071428571428572,0
2002-08-16,15.8,23.3,12.2,0.0,0.1071428571428572,0
2002-08-17,14.7,22.2,10.6,0.0,0.1071428571428572,0
2002-08-18,14.8,23.3,9.4,0.0,0.0664835164835165,0
2002-08-19,12.1,16.1,10.6,0.0,0.0664835164835165,0
2002-08-20,15.3,24.4,9.4,0.0,0.0664835164835165,0
2002-08-21,14.3,21.7,10.6,0.0,0.0664835164835165,0
2002-08-22,13.0,19.4,10.6,0.0,0.0664835164835165,0
2002-08-23,11.6,16.1,10.0,0.0,0.0664835164835165,0
2002-08-24,12.2,19.4,9.4,0.0,0.0664835164835165,0
2002-08-25,13.7,21.7,8.3,0.0,0.0664835164835165,0
2002-08-26,16.4,29.4,6.1,0.0,0.0664835164835165,0
2002-08-27,21.2,32.2,10.6,0.0,0.0664835164835165,0
2002-08-28,18.2,26.1,11.1,0.0,0.0664835164835165,0
2002-08-29,15.9,25.6,9.4,0.0,0.0664835164835165,0
2002-08-30,15.6,23.9,10.0,0.0,0.0664835164835165,0
2002-08-31,17.8,30.0,7.8,0.0,0.0664835164835165,0
2002-09-01,24.2,34.4,15.6,0.0,0.0664835164835165,0
2002-09-02,24.3,34.4,16.1,0.0,0.0664835164835165,0
2002-09-03,16.4,26.7,8.3,0.0,0.0664835164835165,0
2002-09-04,14.7,24.4,8.3,0.0,0.0565934065934066,0
2002-09-05,13.9,22.2,7.2,0.0,0.0456043956043957,0
2002-09-06,14.0,21.1,8.3,0.0,0.0456043956043957,0
2002-09-07,12.9,20.0,8.3,0.0,0.0456043956043957,0
2002-09-08,14.7,24.4,5.0,0.0,0.0456043956043957,0
2002-09-09,19.9,32.8,10.0,0.0,0.0456043956043957,1
2002-09-10,22.1,34.4,13.9,0.0,0.0456043956043957,1
2002-09-11,17.4,29.4,9.4,0.0,0.0456043956043957,1
2002-09-12,13.9,25.0,6.1,0.0,0.0456043956043957,0
2002-09-13,13.6,23.3,6.7,0.0,0.0456043956043957,0
2002-09-14,13.7,23.9,6.1,0.0,0.0456043956043957,0
2002-09-15,15.0,22.8,8.3,0.0,0.0302197802197803,0
2002-09-16,15.8,23.3,11.7,0.0,0.0302197802197803,0
2002-09-17,16.5,23.3,11.7,0.0,0.0302197802197803,0
2002-09-18,19.6,29.4,10.6,0.0,0.0302197802197803,0
2002-09-19,22.6,33.9,14.4,0.0,0.0302197802197803,0
2002-09-20,22.1,33.3,13.3,0.0,0.0302197802197803,0
2002-09-21,19.5,29.4,11.1,0.0,0.0230769230769231,0
2002-09-22,18.2,27.8,8.9,0.0,0.0230769230769231,0
2002-09-23,22.8,34.4,14.4,0.0,0.0230769230769231,0
2002-09-24,22.2,32.8,15.0,0.0,0.0230769230769231,0
2002-09-25,16.0,28.3,9.4,0.0,0.0230769230769231,0
2002-09-26,14.2,22.8,10.0,0.0,0.0214285714285715,0
2002-09-27,13.6,15.0,12.8,0.0,0.0214285714285715,0
2002-09-28,13.9,20.6,8.3,0.0,0.0214285714285715,0
2002-09-29,13.8,22.2,7.2,0.0,0.0214285714285715,0
2002-09-30,13.3,20.6,6.7,0.0,0.0214285714285715,0
2002-10-01,12.7,20.6,5.6,0.0,0.0214285714285715,0
2002-10-02,15.5,22.8,7.2,0.0,0.0214285714285715,0
2002-10-03,15.8,26.1,7.8,0.0,0.0214285714285715,0
2002-10-04,16.1,27.8,7.2,0.0,0.0214285714285715,0
2002-10-05,19.8,30.0,11.7,0.0,0.0214285714285715,0
2002-10-06,21.6,32.2,13.9,0.0,0.0214285714285715,0
2002-10-07,21.6,32.8,14.4,0.0,0.0214285714285715,0
2002-10-08,20.9,31.7,12.8,0.0,0.0214285714285715,0
2002-10-09,15.3,25.0,9.4,0.0,0.0214285714285715,0
2002-10-10,13.3,16.1,11.1,0.0,0.0214285714285715,0
2002-10-11,13.1,23.3,7.8,0.0,0.0214285714285715,0
2002-10-12,15.1,27.2,7.2,0.0,0.0214285714285715,0
2002-10-13,15.9,28.3,9.4,0.0,0.0214285714285715,0
2002-10-14,13.4,23.3,7.2,0.0,0.0115384615384616,0
2002-10-15,10.8,18.3,7.8,0.0,0.0115384615384616,0
2002-10-16,12.1,18.3,8.3,0.0,0.0115384615384616,0
2002-10-17,12.3,18.3,9.4,0.0,0.0115384615384616,0
2002-10-18,12.2,18.9,9.4,0.0,0.0115384615384616,0
2002-10-19,13.6,22.2,10.0,0.0,0.0115384615384616,0
2002-10-20,12.5,22.2,7.2,0.0,0.0115384615384616,0
2002-10-21,10.8,16.1,6.1,0.0,0.0115384615384616,0
2002-10-22,10.2,14.4,8.3,0.0,0.0115384615384616,0
2002-10-23,9.8,11.7,8.9,0.0,0.0087912087912088,0
2002-10-24,10.4,15.0,7.2,0.0,0.0087912087912088,0
2002-10-25,11.9,20.0,6.7,1.3,0.015934065934066,0
2002-10-26,10.4,18.3,7.2,0.0,0.015934065934066,0
2002-10-27,11.9,22.8,5.0,0.0,0.015934065934066,0
2002-10-28,12.3,24.4,3.3,0.0,0.015934065934066,0
2002-10-29,10.8,22.8,3.3,0.0,0.015934065934066,0
2002-10-30,9.5,19.4,2.2,0.0,0.015934065934066,0
2002-10-31,10.2,20.6,1.7,0.0,0.015934065934066,0
2002-11-01,11.8,22.2,5.6,0.0,0.015934065934066,0
2002-11-02,12.7,22.8,5.6,0.0,0.015934065934066,0
2002-11-03,14.3,24.4,6.1,0.0,0.015934065934066,0
2002-11-04,9.8,18.3,4.4,0.0,0.015934065934066,0
2002-11-05,10.6,22.2,3.9,0.0,0.015934065934066,0
2002-11-06,12.4,19.4,5.6,0.0,0.015934065934066,0
2002-11-07,15.1,18.3,11.7,4.3,0.0395604395604396,0
2002-11-08,16.0,17.2,13.9,46.2,0.2934065934065935,0
2002-11-09,13.4,17.2,10.6,8.1,0.337912087912088,0
2002-11-10,12.3,16.7,10.0,0.0,0.337912087912088,0
2002-11-11,12.8,19.4,8.9,0.0,0.337912087912088,0
2002-11-12,13.9,21.1,9.4,0.0,0.337912087912088,0
2002-11-13,12.1,18.3,7.8,0.0,0.337912087912088,0
2002-11-14,15.6,21.1,7.8,0.0,0.337912087912088,0
2002-11-15,16.9,25.6,11.7,0.0,0.337912087912088,0
2002-11-16,13.3,22.8,6.7,0.0,0.337912087912088,0
2002-11-17,11.7,17.2,7.8,0.0,0.337912087912088,0
2002-11-18,13.9,19.4,7.2,0.0,0.3307692307692309,0
2002-11-19,16.9,23.9,10.6,0.0,0.3307692307692309,0
2002-11-20,19.1,30.0,11.7,0.0,0.3307692307692309,0
2002-11-21,17.3,26.1,10.0,0.0,0.3307692307692309,0
2002-11-22,10.2,14.4,7.8,0.0,0.3307692307692309,0
2002-11-23,10.6,12.2,9.4,0.0,0.3307692307692309,0
2002-11-24,11.9,18.3,8.3,0.0,0.3307692307692309,0
2002-11-25,12.8,17.2,7.8,0.0,0.3307692307692309,0
2002-11-26,15.4,22.8,7.2,0.0,0.3307692307692309,0
2002-11-27,15.3,21.1,8.3,0.0,0.3307692307692309,0
2002-11-28,16.2,26.1,6.7,0.0,0.3307692307692309,0
2002-11-29,14.7,22.2,7.8,1.3,0.337912087912088,0
2002-11-30,12.3,17.2,8.3,1.8,0.3478021978021979,0
2002-12-01,11.4,20.0,6.1,0.0,0.3478021978021979,0
2002-12-02,10.1,19.4,5.6,0.0,0.3478021978021979,0
2002-12-03,9.9,19.4,5.0,0.0,0.3478021978021979,0
2002-12-04,11.4,21.1,4.4,0.0,0.3478021978021979,0
2002-12-05,12.2,22.2,7.2,0.0,0.3478021978021979,0
2002-12-06,9.8,13.9,6.1,0.0,0.3478021978021979,0
2002-12-07,10.2,18.9,6.1,0.0,0.3478021978021979,0
2002-12-08,11.2,20.0,6.1,0.0,0.3478021978021979,0
2002-12-09,10.9,12.8,8.3,0.0,0.3478021978021979,0
2002-12-10,10.1,15.0,5.0,0.0,0.3478021978021979,0
2002-12-11,9.1,16.7,5.0,0.0,0.3478021978021979,0
2002-12-12,11.3,18.9,5.0,0.0,0.3478021978021979,0
2002-12-13,13.2,13.9,11.7,0.0,0.3478021978021979,0
2002-12-14,12.4,15.0,8.3,0.3,0.3494505494505496,0
2002-12-15,12.4,13.9,11.1,0.8,0.353846153846154,0
2002-12-16,11.4,13.3,7.2,49.8,0.6274725274725276,0
2002-12-17,8.0,11.1,5.6,1.3,0.6346153846153847,0
2002-12-18,7.2,13.3,3.9,0.0,0.6346153846153847,0
2002-12-19,6.9,8.9,5.6,3.0,0.6510989010989012,0
2002-12-20,8.3,11.1,6.1,24.4,0.7835164835164836,0
2002-12-21,8.8,13.3,6.1,0.8,0.7879120879120879,0
2002-12-22,7.9,10.6,6.1,0.0,0.7879120879120879,0
2002-12-23,6.3,12.2,1.1,0.0,0.7879120879120879,0
2002-12-24,6.8,14.4,1.7,0.0,0.7879120879120879,0
2002-12-25,7.8,10.6,2.2,0.0,0.7879120879120879,0
2002-12-26,10.2,12.8,7.2,0.0,0.7879120879120879,0
2002-12-27,11.8,13.3,10.0,0.0,0.7879120879120879,0
2002-12-28,9.8,12.8,6.7,3.6,0.8076923076923078,0
2002-12-29,8.2,11.7,5.0,0.3,0.8093406593406594,0
2002-12-30,7.5,9.4,5.6,0.0,0.8093406593406594,0
2002-12-31,8.8,12.8,4.4,0.0,0.8093406593406594,0
2003-01-01,9.7,16.1,4.4,0.0,0.8093406593406594,0
2003-01-02,10.6,21.1,5.0,0.0,0.8093406593406594,0
2003-01-03,11.9,20.0,6.7,0.0,0.8093406593406594,0
2003-01-04,12.6,20.0,7.2,0.0,0.8093406593406594,0
2003-01-05,15.3,19.4,11.1,0.0,0.8093406593406594,0
2003-01-06,14.0,20.0,7.8,0.0,0.8093406593406594,0
2003-01-07,14.7,23.9,7.8,0.0,0.8093406593406594,0
2003-01-08,15.7,23.9,10.0,0.0,0.8093406593406594,0
2003-01-09,12.4,15.0,11.1,0.0,0.8093406593406594,0
2003-01-10,11.8,14.4,10.6,0.0,0.8093406593406594,0
2003-01-11,11.1,14.4,8.9,0.0,0.8093406593406594,0
2003-01-12,12.2,14.4,10.6,0.0,0.8093406593406594,0
2003-01-13,11.8,16.7,9.4,0.0,0.8093406593406594,0
2003-01-14,11.2,17.8,8.3,0.0,0.8093406593406594,0
2003-01-15,12.4,16.1,9.4,0.0,0.8093406593406594,0
2003-01-16,13.5,23.3,7.8,0.0,0.8093406593406594,0
2003-01-17,13.3,25.0,7.2,0.0,0.8093406593406594,0
2003-01-18,12.4,22.2,6.1,0.0,0.8093406593406594,0
2003-01-19,11.5,21.1,6.1,0.0,0.8093406593406594,0
2003-01-20,8.5,14.4,3.3,0.0,0.8093406593406594,0
2003-01-21,12.6,15.0,9.4,0.0,0.8093406593406594,0
2003-01-22,13.6,14.4,12.8,0.0,0.8093406593406594,0
2003-01-23,13.3,20.0,9.4,0.0,0.8093406593406594,0
2003-01-24,12.4,17.8,8.3,0.0,0.8093406593406594,0
2003-01-25,14.4,20.6,9.4,0.0,0.8093406593406594,0
2003-01-26,14.6,20.6,10.0,0.0,0.8093406593406594,0
2003-01-27,12.7,16.7,9.4,0.0,0.8093406593406594,0
2003-01-28,12.1,19.4,6.7,0.0,0.8093406593406594,0
2003-01-29,10.7,19.4,5.0,0.0,0.8093406593406594,0
2003-01-30,14.3,20.6,8.9,0.0,0.8093406593406594,0
2003-01-31,15.6,23.9,10.0,0.0,0.8093406593406594,0
2003-02-01,9.6,13.9,4.4,0.0,0.8093406593406594,0
2003-02-02,9.5,15.6,4.4,0.0,0.8093406593406594,0
2003-02-03,10.2,16.1,5.6,0.0,0.8093406593406594,0
2003-02-04,11.9,16.7,6.7,0.0,0.8093406593406594,0
2003-02-05,8.3,14.4,2.8,0.0,0.8093406593406594,0
2003-02-06,7.5,15.0,0.6,0.0,0.8093406593406594,0
2003-02-07,9.2,14.4,4.4,0.0,0.8093406593406594,0
2003-02-08,7.3,16.7,0.6,0.0,0.8093406593406594,0
2003-02-09,8.4,19.4,1.1,0.0,0.8093406593406594,0
2003-02-10,10.1,19.4,2.8,0.0,0.8093406593406594,0
2003-02-11,10.9,16.1,6.7,22.4,0.9324175824175824,0
2003-02-12,11.9,13.9,8.9,62.2,1.2741758241758243,0
2003-02-13,11.5,13.3,9.4,6.1,1.307692307692308,0
2003-02-14,9.9,11.1,8.9,0.0,1.307692307692308,0
2003-02-15,10.6,13.9,7.8,0.0,1.307692307692308,0
2003-02-16,9.7,15.0,6.1,0.0,1.307692307692308,0
2003-02-17,8.1,14.4,3.3,0.0,1.307692307692308,0
2003-02-18,8.8,15.6,3.3,0.0,1.307692307692308,0
2003-02-19,8.2,12.2,5.6,0.0,1.307692307692308,0
2003-02-20,8.9,16.7,2.2,0.0,1.307692307692308,0
2003-02-21,10.7,17.8,5.6,0.0,1.307692307692308,0
2003-02-22,10.6,20.0,4.4,0.0,1.307692307692308,0
2003-02-23,10.1,16.1,3.9,0.0,1.307692307692308,0
2003-02-24,10.6,13.3,8.3,13.0,1.379120879120879,0
2003-02-25,9.2,13.3,6.7,9.1,1.4291208791208792,0
2003-02-26,8.8,11.1,6.7,0.0,1.4291208791208792,0
2003-02-27,8.0,13.3,5.0,5.1,1.4571428571428573,0
2003-02-28,9.7,17.2,5.6,0.0,1.4571428571428573,0
2003-03-01,9.9,15.6,5.6,0.0,1.4571428571428573,0
2003-03-02,9.3,17.2,2.2,0.0,1.4571428571428573,0
2003-03-03,7.3,11.7,3.9,0.0,1.4571428571428573,0
2003-03-04,7.3,13.3,2.2,0.8,1.4615384615384617,0
2003-03-05,8.8,16.7,2.8,0.0,1.4615384615384617,0
2003-03-06,8.8,17.8,2.8,0.0,1.4615384615384617,0
2003-03-07,8.9,14.4,3.9,0.0,1.4615384615384617,0
2003-03-08,9.9,16.7,3.9,0.0,1.4615384615384617,0
2003-03-09,9.3,16.1,2.8,0.0,1.4615384615384617,0
2003-03-10,13.2,20.0,6.1,0.0,1.4615384615384617,0
2003-03-11,11.9,19.4,6.1,0.0,1.4615384615384617,0
2003-03-12,13.1,21.7,8.3,0.0,1.4615384615384617,0
2003-03-13,10.9,13.3,6.7,0.0,1.4615384615384617,0
2003-03-14,13.4,17.8,11.7,0.0,1.4615384615384617,0
2003-03-15,11.0,16.1,4.4,104.1,2.033516483516484,0
2003-03-16,8.3,12.2,3.9,4.6,2.0587912087912086,0
2003-03-17,9.6,15.0,3.9,0.3,2.06043956043956,0
2003-03-18,8.1,15.6,2.2,0.0,2.06043956043956,0
2003-03-19,10.5,16.7,3.9,0.0,2.06043956043956,0
2003-03-20,10.1,14.4,5.6,0.0,2.06043956043956,0
2003-03-21,10.3,17.8,3.9,0.0,2.06043956043956,0
2003-03-22,10.4,15.6,7.2,0.0,2.06043956043956,0
2003-03-23,9.6,13.9,5.0,0.0,2.06043956043956,0
2003-03-24,8.9,15.0,2.8,0.0,2.06043956043956,0
2003-03-25,11.1,21.1,2.8,0.0,2.06043956043956,0
2003-03-26,11.6,15.6,7.2,0.0,2.06043956043956,0
2003-03-27,10.0,17.8,2.2,0.0,2.06043956043956,0
2003-03-28,15.1,21.1,8.3,0.0,2.06043956043956,0
2003-03-29,15.6,24.4,7.2,0.0,2.06043956043956,0
2003-03-30,21.2,26.7,8.9,0.0,2.06043956043956,0
2003-03-31,14.3,22.2,7.8,0.0,2.06043956043956,0
2003-04-01,9.0,12.2,6.1,0.0,2.06043956043956,0
2003-04-02,6.1,9.4,3.9,0.3,2.0620879120879123,0
2003-04-03,7.6,13.3,2.2,0.0,2.0620879120879123,0
2003-04-04,8.7,12.2,5.6,0.0,2.0620879120879123,0
2003-04-05,7.2,12.8,1.1,0.0,2.0620879120879123,0
2003-04-06,9.2,14.4,5.6,0.0,2.0620879120879123,0
2003-04-07,10.1,18.3,3.3,0.0,2.0620879120879123,0
2003-04-08,12.1,21.1,5.0,0.0,2.0620879120879123,0
2003-04-09,12.3,20.6,5.0,0.0,2.0620879120879123,0
2003-04-10,11.0,16.7,6.1,0.0,2.0620879120879123,0
2003-04-11,10.3,17.8,3.9,0.0,2.0620879120879123,0
2003-04-12,9.3,10.0,8.3,1.0,2.067582417582418,0
2003-04-13,9.2,12.2,5.6,0.3,2.069230769230769,0
2003-04-14,7.8,13.9,4.4,16.5,2.15989010989011,0
2003-04-15,9.0,12.8,4.4,0.0,2.15989010989011,0
2003-04-16,10.3,13.3,8.9,0.0,2.15989010989011,0
2003-04-17,10.2,15.0,7.8,0.0,2.15989010989011,0
2003-04-18,9.8,15.0,4.4,0.0,2.15989010989011,0
2003-04-19,10.8,19.4,3.3,0.0,2.15989010989011,0
2003-04-20,10.7,16.1,7.2,0.0,2.15989010989011,0
2003-04-21,8.4,12.2,6.1,0.0,2.15989010989011,0
2003-04-22,9.4,15.0,6.1,0.0,2.15989010989011,0
2003-04-23,10.8,17.2,6.7,0.0,2.15989010989011,0
2003-04-24,9.4,14.4,4.4,0.0,2.15989010989011,0
2003-04-25,8.9,12.8,5.6,0.0,2.1527472527472526,0
2003-04-26,9.8,16.7,4.4,0.0,2.1527472527472526,0
2003-04-27,9.8,16.1,2.2,0.0,2.1527472527472526,0
2003-04-28,9.7,13.3,7.2,0.0,2.1527472527472526,0
2003-04-29,9.6,14.4,5.0,0.0,2.1527472527472526,0
2003-04-30,9.7,16.7,3.3,0.0,2.1527472527472526,0
2003-05-01,12.4,19.4,6.7,0.0,2.1527472527472526,0
2003-05-02,11.9,16.1,9.4,13.0,2.2241758241758243,0
2003-05-03,12.1,15.6,10.0,12.2,2.291208791208791,0
2003-05-04,11.1,14.4,8.9,0.0,2.291208791208791,0
2003-05-05,10.5,15.6,6.7,0.0,2.291208791208791,0
2003-05-06,10.0,13.9,6.1,0.0,2.291208791208791,0
2003-05-07,10.3,15.6,8.3,0.8,2.295604395604396,0
2003-05-08,8.9,12.8,6.1,0.0,2.271978021978022,0
2003-05-09,10.1,13.9,6.7,0.0,2.018131868131868,0
2003-05-10,11.3,17.2,3.9,0.0,1.9736263736263733,0
2003-05-11,11.3,17.2,5.6,0.0,1.9736263736263733,0
2003-05-12,12.5,21.7,5.0,0.0,1.9736263736263733,0
2003-05-13,12.8,20.0,6.1,0.0,1.9736263736263733,0
2003-05-14,10.4,12.8,8.9,0.0,1.9736263736263733,0
2003-05-15,9.9,13.3,4.4,0.0,1.9736263736263733,0
2003-05-16,10.3,18.9,3.3,0.0,1.9736263736263733,0
2003-05-17,10.0,17.8,3.3,0.0,1.9736263736263733,0
2003-05-18,13.4,21.7,4.4,0.0,1.9736263736263733,0
2003-05-19,17.3,27.2,8.9,0.0,1.9736263736263733,0
2003-05-20,17.0,27.8,7.8,0.0,1.9736263736263733,0
2003-05-21,14.2,23.3,6.7,0.0,1.9736263736263733,0
2003-05-22,12.7,20.0,7.2,0.0,1.9736263736263733,0
2003-05-23,13.4,20.6,9.4,0.0,1.9736263736263733,0
2003-05-24,12.6,16.1,10.6,0.0,1.9736263736263733,0
2003-05-25,14.7,20.0,11.7,0.0,1.9736263736263733,0
2003-05-26,14.3,20.0,8.3,0.0,1.9736263736263733,0
2003-05-27,19.1,30.6,7.8,0.0,1.9736263736263733,0
2003-05-28,20.4,33.3,10.6,0.0,1.9736263736263733,0
2003-05-29,12.9,19.4,9.4,0.0,1.9736263736263733,0
2003-05-30,11.9,15.6,10.6,0.0,1.9664835164835168,0
2003-05-31,12.9,19.4,6.7,0.0,1.9565934065934067,0
2003-06-01,15.1,25.6,6.1,0.0,1.9565934065934067,0
2003-06-02,20.2,31.1,8.3,0.0,1.9565934065934067,0
2003-06-03,17.1,26.1,8.3,0.0,1.9565934065934067,0
2003-06-04,15.6,21.7,12.2,0.0,1.9565934065934067,0
2003-06-05,15.1,21.1,11.1,0.0,1.9565934065934067,0
2003-06-06,14.7,21.7,11.1,0.0,1.9565934065934067,0
2003-06-07,14.1,20.6,10.6,0.0,1.9565934065934067,0
2003-06-08,13.6,20.0,10.0,0.0,1.9565934065934067,0
2003-06-09,14.2,21.1,9.4,0.0,1.9565934065934067,0
2003-06-10,12.6,16.1,9.4,0.3,1.9582417582417584,0
2003-06-11,11.0,11.7,9.4,0.0,1.9582417582417584,0
2003-06-12,11.3,13.9,10.0,0.0,1.9582417582417584,0
2003-06-13,13.4,20.0,7.8,0.0,1.9582417582417584,0
2003-06-14,12.3,19.4,6.1,0.0,1.9565934065934067,0
2003-06-15,14.1,22.2,6.7,0.0,1.9521978021978024,0
2003-06-16,16.2,27.2,7.8,0.0,1.6785714285714286,0
2003-06-17,11.6,13.3,10.0,0.0,1.6714285714285717,0
2003-06-18,11.9,18.9,9.4,0.0,1.6714285714285717,0
2003-06-19,11.0,14.4,9.4,0.0,1.6549450549450553,0
2003-06-20,12.5,18.3,9.4,0.0,1.520879120879121,0
2003-06-21,12.3,18.3,7.8,0.0,1.5164835164835169,0
2003-06-22,13.2,20.6,7.2,0.0,1.5164835164835169,0
2003-06-23,12.5,18.3,7.8,0.0,1.5164835164835169,0
2003-06-24,17.3,27.2,5.6,0.0,1.5164835164835169,0
2003-06-25,24.5,35.0,12.2,0.0,1.5164835164835169,0
2003-06-26,26.5,36.1,16.7,0.0,1.5164835164835169,0
2003-06-27,25.4,37.2,16.1,0.0,1.5164835164835169,0
2003-06-28,21.9,32.8,9.4,0.0,1.496703296703297,0
2003-06-29,15.9,25.6,8.9,0.0,1.495054945054945,0
2003-06-30,15.7,22.8,10.6,0.0,1.495054945054945,0
2003-07-01,15.8,23.9,6.7,0.0,1.495054945054945,0
2003-07-02,15.0,25.0,5.6,0.0,1.495054945054945,0
2003-07-03,15.8,26.1,6.1,0.0,1.495054945054945,0
2003-07-04,17.5,29.4,6.7,0.0,1.495054945054945,0
2003-07-05,13.3,21.7,5.6,0.0,1.495054945054945,0
2003-07-06,13.1,19.4,10.0,0.0,1.495054945054945,0
2003-07-07,12.2,19.4,6.7,0.0,1.495054945054945,0
2003-07-08,14.4,23.9,5.6,0.0,1.495054945054945,0
2003-07-09,15.6,28.3,5.6,0.0,1.495054945054945,0
2003-07-10,15.1,24.4,6.7,0.0,1.495054945054945,0
2003-07-11,15.2,23.9,8.9,0.0,1.495054945054945,0
2003-07-12,18.9,28.3,8.3,0.0,1.495054945054945,0
2003-07-13,17.4,25.6,8.9,0.0,1.495054945054945,0
2003-07-14,18.4,32.8,8.3,0.0,1.495054945054945,0
2003-07-15,15.2,24.4,9.4,0.0,1.495054945054945,0
2003-07-16,16.5,26.7,7.2,0.0,1.495054945054945,0
2003-07-17,21.9,33.9,11.1,0.0,1.495054945054945,0
2003-07-18,20.2,31.7,11.7,0.0,1.495054945054945,0
2003-07-19,16.6,25.0,10.0,0.0,1.495054945054945,0
2003-07-20,21.6,31.1,12.2,0.0,1.495054945054945,0
2003-07-21,20.3,31.1,12.2,0.0,1.495054945054945,0
2003-07-22,19.2,31.7,10.6,0.0,1.495054945054945,0
2003-07-23,17.1,26.7,10.0,0.0,1.495054945054945,0
2003-07-24,17.8,27.2,11.1,0.0,1.495054945054945,0
2003-07-25,16.2,25.6,10.0,0.0,1.495054945054945,0
2003-07-26,17.2,27.2,8.9,0.0,1.495054945054945,0
2003-07-27,18.3,28.3,10.0,0.0,1.495054945054945,0
2003-07-28,17.9,28.3,8.9,0.0,1.495054945054945,0
2003-07-29,16.5,27.2,9.4,0.0,1.495054945054945,0
2003-07-30,17.9,29.4,12.2,0.0,1.495054945054945,0
2003-07-31,18.4,25.0,12.2,0.0,1.495054945054945,0
2003-08-01,18.4,26.7,12.8,0.0,1.495054945054945,0
2003-08-02,18.4,25.6,13.9,0.0,1.495054945054945,0
2003-08-03,16.7,24.4,11.1,0.0,1.495054945054945,0
2003-08-04,17.9,25.0,10.6,0.0,1.495054945054945,0
2003-08-05,18.2,24.4,11.7,0.0,1.495054945054945,0
2003-08-06,16.6,22.8,13.3,0.0,1.495054945054945,0
2003-08-07,16.0,23.3,9.4,0.0,1.495054945054945,0
2003-08-08,16.3,24.4,8.3,0.0,1.495054945054945,0
2003-08-09,16.1,25.0,7.8,0.0,1.495054945054945,0
2003-08-10,16.3,25.0,8.9,0.0,1.495054945054945,0
2003-08-11,16.2,24.4,8.9,0.0,1.495054945054945,0
2003-08-12,16.1,23.9,9.4,0.0,1.371978021978022,0
2003-08-13,17.2,26.1,10.6,0.0,1.03021978021978,0
2003-08-14,16.7,23.9,12.2,0.0,0.9967032967032968,0
2003-08-15,16.2,25.0,8.3,0.0,0.9967032967032968,0
2003-08-16,16.4,28.3,6.1,0.0,0.9967032967032968,0
2003-08-17,15.9,26.1,8.3,0.0,0.9967032967032968,0
2003-08-18,16.7,24.4,11.7,0.0,0.9967032967032968,0
2003-08-19,15.1,17.8,13.3,0.0,0.9967032967032968,0
2003-08-20,18.9,29.4,11.7,0.0,0.9967032967032968,0
2003-08-21,17.6,26.1,12.2,0.0,0.9967032967032968,0
2003-08-22,17.1,24.4,10.6,0.0,0.9967032967032968,0
2003-08-23,16.9,25.6,9.4,0.0,0.9967032967032968,0
2003-08-24,21.8,32.8,11.7,0.0,0.9967032967032968,0
2003-08-25,22.7,32.2,14.4,0.0,0.9252747252747252,0
2003-08-26,17.5,27.2,12.2,0.0,0.8752747252747254,0
2003-08-27,15.1,22.8,9.4,0.0,0.8752747252747254,0
2003-08-28,13.4,17.8,11.1,0.0,0.8472527472527472,0
2003-08-29,14.6,23.3,10.0,0.0,0.8472527472527472,0
2003-08-30,14.2,23.3,8.3,0.0,0.8472527472527472,0
2003-08-31,15.9,26.7,8.9,0.0,0.8472527472527472,0
2003-09-01,18.2,29.4,9.4,0.0,0.8472527472527472,0
2003-09-02,18.3,27.2,11.1,0.0,0.8428571428571429,0
2003-09-03,17.8,25.0,12.2,0.0,0.8428571428571429,0
2003-09-04,16.6,25.0,9.4,0.0,0.8428571428571429,0
2003-09-05,14.4,24.4,8.3,0.0,0.8428571428571429,0
2003-09-06,14.3,22.2,7.8,0.0,0.8428571428571429,0
2003-09-07,15.6,22.8,7.8,0.0,0.8428571428571429,0
2003-09-08,15.5,23.3,10.0,0.0,0.8428571428571429,0
2003-09-09,14.9,21.1,9.4,0.0,0.8428571428571429,0
2003-09-10,17.9,26.7,10.6,0.0,0.8428571428571429,0
2003-09-11,23.0,33.9,13.9,0.0,0.8428571428571429,0
2003-09-12,25.2,37.2,16.7,0.0,0.8428571428571429,0
2003-09-13,23.8,35.0,13.3,0.0,0.2708791208791209,0
2003-09-14,18.2,27.2,12.2,0.0,0.2456043956043956,0
2003-09-15,15.7,25.0,11.1,0.0,0.243956043956044,0
2003-09-16,14.5,22.2,8.3,0.0,0.243956043956044,0
2003-09-17,16.7,27.2,8.9,0.0,0.243956043956044,0
2003-09-18,19.8,32.8,11.1,0.0,0.243956043956044,0
2003-09-19,21.4,32.2,11.7,0.0,0.243956043956044,0
2003-09-20,24.7,36.1,15.0,0.0,0.243956043956044,0
2003-09-21,26.6,38.3,17.8,0.0,0.243956043956044,0
2003-09-22,24.0,34.4,14.4,0.0,0.243956043956044,0
2003-09-23,17.2,26.1,11.1,0.0,0.243956043956044,0
2003-09-24,15.2,21.7,12.2,0.0,0.243956043956044,0
2003-09-25,14.9,21.1,11.7,0.0,0.243956043956044,0
2003-09-26,14.8,23.3,11.1,0.0,0.243956043956044,0
2003-09-27,14.6,22.2,11.1,0.0,0.243956043956044,0
2003-09-28,14.6,20.0,12.2,0.0,0.243956043956044,0
2003-09-29,15.4,23.9,8.9,0.0,0.243956043956044,0
2003-09-30,14.4,25.0,7.2,0.0,0.243956043956044,0
2003-10-01,14.8,21.1,11.7,0.0,0.2423076923076923,0
2003-10-02,12.8,18.9,11.1,0.0,0.2423076923076923,0
2003-10-03,12.4,16.1,10.6,0.0,0.2423076923076923,0
2003-10-04,14.8,23.9,10.6,0.0,0.2423076923076923,0
2003-10-05,15.7,25.0,9.4,0.0,0.2423076923076923,0
2003-10-06,16.0,25.6,8.3,0.0,0.2423076923076923,0
2003-10-07,13.9,23.9,7.2,0.0,0.2423076923076923,0
2003-10-08,14.9,22.2,6.1,0.0,0.2423076923076923,0
2003-10-09,12.8,19.4,6.1,0.0,0.2423076923076923,0
2003-10-10,14.0,23.3,6.7,0.0,0.2423076923076923,0
2003-10-11,13.4,25.6,6.7,0.0,0.2368131868131868,0
2003-10-12,17.3,27.2,9.4,0.0,0.2351648351648352,0
2003-10-13,18.9,29.4,8.3,0.0,0.1445054945054945,0
2003-10-14,16.4,26.1,8.3,0.0,0.1445054945054945,0
2003-10-15,11.7,21.1,4.4,0.0,0.1445054945054945,0
2003-10-16,15.4,27.8,6.7,0.0,0.1445054945054945,0
2003-10-17,18.8,31.1,11.1,0.0,0.1445054945054945,0
2003-10-18,15.1,25.0,8.9,0.0,0.1445054945054945,0
2003-10-19,16.5,30.0,8.3,0.0,0.1445054945054945,0
2003-10-20,17.6,28.9,10.6,0.0,0.1445054945054945,0
2003-10-21,17.8,28.9,7.8,0.0,0.1445054945054945,1
2003-10-22,15.1,23.3,7.8,0.0,0.1445054945054945,0
2003-10-23,18.6,28.3,9.4,0.0,0.1445054945054945,0
2003-10-24,23.9,30.6,16.1,0.0,0.1445054945054945,0
2003-10-25,25.6,31.1,21.7,0.0,0.1445054945054945,0
2003-10-26,24.5,32.2,16.1,0.0,0.1445054945054945,0
2003-10-27,22.9,35.0,15.0,0.0,0.1445054945054945,0
2003-10-28,22.2,33.9,15.0,0.0,0.1445054945054945,0
2003-10-29,13.0,20.0,8.3,0.0,0.1445054945054945,0
2003-10-30,9.4,14.4,4.4,0.0,0.1445054945054945,0
2003-10-31,7.7,12.8,5.0,13.5,0.1472527472527473,0
2003-11-01,7.6,15.0,2.2,0.8,0.0846153846153846,0
2003-11-02,7.6,14.4,0.6,0.0,0.0846153846153846,0
2003-11-03,7.6,12.8,2.2,2.5,0.0983516483516484,0
2003-11-04,6.8,15.0,1.7,0.0,0.0983516483516484,0
2003-11-05,8.5,13.3,1.1,0.0,0.093956043956044,0
2003-11-06,12.4,18.3,9.4,0.0,0.093956043956044,0
2003-11-07,12.1,16.1,9.4,0.0,0.093956043956044,0
2003-11-08,13.6,16.1,11.7,0.0,0.093956043956044,0
2003-11-09,13.7,16.7,9.4,0.0,0.093956043956044,0
2003-11-10,11.4,17.2,7.2,0.0,0.093956043956044,0
2003-11-11,11.8,18.9,6.1,0.0,0.093956043956044,0
2003-11-12,14.2,22.8,7.8,16.0,0.1818681318681319,0
2003-11-13,12.0,15.6,9.4,0.0,0.1818681318681319,0
2003-11-14,10.7,13.9,8.3,0.0,0.1818681318681319,0
2003-11-15,8.7,13.9,5.0,0.8,0.1862637362637363,0
2003-11-16,9.4,16.1,3.9,0.0,0.1862637362637363,0
2003-11-17,10.9,16.1,6.7,0.0,0.1862637362637363,0
2003-11-18,12.4,22.2,6.1,0.0,0.1862637362637363,0
2003-11-19,12.8,23.3,7.8,0.0,0.1862637362637363,0
2003-11-20,8.7,14.4,3.3,0.0,0.1862637362637363,0
2003-11-21,6.4,15.0,1.7,0.0,0.1862637362637363,0
2003-11-22,5.9,12.2,0.0,0.0,0.1862637362637363,0
2003-11-23,7.5,16.1,1.7,0.0,0.1862637362637363,0
2003-11-24,6.6,13.9,3.3,0.0,0.1862637362637363,0
2003-11-25,7.8,13.9,2.8,0.0,0.1862637362637363,0
2003-11-26,8.5,15.6,3.3,0.0,0.1862637362637363,0
2003-11-27,12.8,18.9,6.7,0.0,0.1862637362637363,0
2003-11-28,12.4,16.1,8.3,0.0,0.1862637362637363,0
2003-11-29,11.5,15.0,8.3,0.0,0.1862637362637363,0
2003-11-30,10.7,12.8,9.4,0.0,0.1862637362637363,0
2003-12-01,12.6,17.2,10.0,0.0,0.1862637362637363,0
2003-12-02,15.1,18.9,11.7,0.0,0.1862637362637363,0
2003-12-03,11.3,17.2,6.1,0.0,0.1862637362637363,0
2003-12-04,10.1,15.0,5.6,0.0,0.1862637362637363,0
2003-12-05,13.0,17.2,10.6,0.0,0.1862637362637363,0
2003-12-06,12.1,12.2,11.7,0.0,0.1862637362637363,0
2003-12-07,9.1,14.4,3.3,4.3,0.2098901098901099,0
2003-12-08,6.6,14.4,1.7,0.0,0.2098901098901099,0
2003-12-09,8.8,12.2,6.1,0.0,0.2082417582417583,0
2003-12-10,10.6,13.3,8.3,0.3,0.2098901098901099,0
2003-12-11,6.9,12.8,2.2,0.0,0.2098901098901099,0
2003-12-12,8.6,13.3,2.8,0.0,0.2098901098901099,0
2003-12-13,13.3,16.1,12.2,0.0,0.2098901098901099,0
2003-12-14,10.4,15.0,6.1,3.6,0.2296703296703297,0
2003-12-15,8.2,16.1,2.2,0.0,0.2296703296703297,0
2003-12-16,9.0,19.4,2.2,0.0,0.2296703296703297,0
2003-12-17,9.5,17.8,4.4,0.0,0.2296703296703297,0
2003-12-18,13.7,22.2,7.8,0.0,0.2296703296703297,0
2003-12-19,12.3,16.1,8.3,0.0,0.2296703296703297,0
2003-12-20,11.6,12.8,10.6,0.0,0.2296703296703297,0
2003-12-21,11.6,16.1,9.4,0.0,0.2296703296703297,0
2003-12-22,11.4,16.7,8.9,0.0,0.2296703296703297,0
2003-12-23,12.3,14.4,11.1,1.8,0.2395604395604396,0
2003-12-24,12.4,12.8,12.2,1.3,0.2467032967032967,0
2003-12-25,9.3,10.6,8.3,23.1,0.3736263736263737,0
2003-12-26,8.7,12.8,5.0,0.0,0.3736263736263737,0
2003-12-27,6.6,13.9,0.0,0.0,0.3736263736263737,0
2003-12-28,7.0,13.3,0.0,0.0,0.3736263736263737,0
2003-12-30,10.4,10.6,10.0,0.0,0.3736263736263737,0
2003-12-31,11.8,12.2,11.1,0.0,0.3736263736263737,0
2004-01-02,8.8,9.4,7.8,11.2,0.4351648351648353,0
2004-01-03,5.7,11.7,-1.1,0.0,0.4351648351648353,0
2004-01-04,5.8,11.7,-1.1,0.0,0.4351648351648353,0
2004-01-05,6.5,12.8,2.2,0.0,0.4351648351648353,0
2004-01-06,8.8,12.2,3.9,0.0,0.4351648351648353,0
2004-01-07,10.5,12.8,8.9,0.0,0.4351648351648353,0
2004-01-08,12.7,18.9,7.2,0.0,0.4351648351648353,0
2004-01-09,12.0,15.0,8.9,0.0,0.4351648351648353,0
2004-01-10,12.7,18.9,9.4,0.0,0.4351648351648353,0
2004-01-11,11.1,19.4,8.3,0.0,0.4351648351648353,0
2004-01-12,11.6,19.4,6.7,0.0,0.4351648351648353,0
2004-01-13,9.9,21.7,5.0,0.0,0.4351648351648353,0
2004-01-14,9.1,13.3,5.0,0.0,0.4351648351648353,0
2004-01-15,10.4,16.1,6.7,0.0,0.4351648351648353,0
2004-01-16,8.4,11.7,5.0,0.0,0.4351648351648353,0
2004-01-17,8.1,13.9,3.3,0.0,0.4351648351648353,0
2004-01-18,9.4,17.2,5.0,0.0,0.4351648351648353,0
2004-01-19,8.9,10.6,6.7,0.0,0.4351648351648353,0
2004-01-20,8.2,12.8,2.8,0.0,0.4351648351648353,0
2004-01-21,8.6,15.0,2.8,0.5,0.437912087912088,0
2004-01-22,7.6,17.2,1.7,0.0,0.437912087912088,0
2004-01-23,7.1,16.7,0.6,0.0,0.437912087912088,0
2004-01-24,10.0,13.3,7.2,0.0,0.437912087912088,0
2004-01-25,7.8,14.4,3.3,0.0,0.437912087912088,0
2004-01-26,8.2,13.3,4.4,0.0,0.437912087912088,0
2004-01-27,9.3,11.7,5.6,0.0,0.437912087912088,0
2004-01-28,8.3,12.2,5.6,0.3,0.4395604395604396,0
2004-01-29,7.9,11.1,5.6,0.0,0.4395604395604396,0
2004-01-30,7.6,11.1,4.4,0.0,0.4395604395604396,0
2004-01-31,6.9,12.8,2.2,0.0,0.4395604395604396,0
2004-02-01,7.1,10.0,2.2,0.0,0.4395604395604396,0
2004-02-02,8.6,11.1,6.7,12.4,0.5076923076923078,0
2004-02-03,7.8,9.4,6.1,6.4,0.5428571428571429,0
2004-02-04,8.1,12.2,4.4,0.0,0.5428571428571429,0
2004-02-05,8.8,16.1,3.9,0.0,0.5428571428571429,0
2004-02-06,9.9,18.9,4.4,0.0,0.5428571428571429,0
2004-02-07,7.6,14.4,2.2,0.0,0.5428571428571429,0
2004-02-08,6.9,13.9,2.2,0.0,0.5428571428571429,0
2004-02-09,9.3,14.4,1.7,0.0,0.5428571428571429,0
2004-02-10,9.9,18.3,2.8,0.0,0.5428571428571429,0
2004-02-11,8.8,19.4,2.2,0.0,0.5428571428571429,0
2004-02-12,9.9,19.4,2.2,0.0,0.5428571428571429,0
2004-02-13,10.7,16.1,6.1,0.0,0.5428571428571429,0
2004-02-14,10.3,17.2,5.0,0.0,0.5428571428571429,0
2004-02-15,11.3,18.3,6.1,0.0,0.5428571428571429,0
2004-02-16,11.2,13.3,8.3,0.0,0.5428571428571429,0
2004-02-17,13.3,15.6,11.1,0.0,0.5428571428571429,0
2004-02-18,10.0,12.8,5.6,4.6,0.5681318681318682,0
2004-02-19,7.9,12.2,4.4,0.0,0.5681318681318682,0
2004-02-20,8.0,12.2,3.9,0.3,0.5697802197802199,0
2004-02-21,8.3,13.3,4.4,15.7,0.6560439560439562,0
2004-02-22,9.2,12.8,5.6,11.2,0.7175824175824177,0
2004-02-23,9.1,14.4,4.4,1.0,0.7230769230769232,0
2004-02-24,11.2,16.1,7.8,0.0,0.7230769230769232,0
2004-02-25,10.9,13.9,8.3,51.6,1.0065934065934068,0
2004-02-26,8.4,11.7,6.1,20.8,1.1208791208791211,0
2004-02-27,7.9,13.3,3.9,0.3,1.1225274725274723,0
2004-02-28,8.9,15.6,3.3,0.0,1.1225274725274723,0
2004-02-29,8.4,12.8,6.1,0.0,1.1225274725274723,0
2004-03-01,8.4,10.6,7.2,22.9,1.2483516483516484,0
2004-03-02,11.6,17.2,6.1,6.9,1.2862637362637364,0
2004-03-03,10.8,17.2,5.6,0.0,1.2862637362637364,0
2004-03-04,10.3,16.7,5.6,0.0,1.2862637362637364,0
2004-03-05,10.0,16.1,4.4,0.0,1.2862637362637364,0
2004-03-06,11.1,20.6,3.3,0.0,1.2862637362637364,0
2004-03-07,16.0,23.3,7.2,0.0,1.2862637362637364,0
2004-03-08,18.3,28.9,10.0,0.0,1.2862637362637364,0
2004-03-09,18.3,28.3,10.6,0.0,1.2862637362637364,0
2004-03-10,19.3,26.1,11.1,0.0,1.2862637362637364,0
2004-03-11,16.6,26.7,7.8,0.0,1.2862637362637364,0
2004-03-12,14.3,24.4,5.6,0.0,1.2862637362637364,0
2004-03-13,15.4,24.4,7.2,0.0,1.2862637362637364,0
2004-03-14,16.9,28.9,6.1,0.0,1.2862637362637364,0
2004-03-15,21.2,27.2,11.1,0.0,1.2862637362637364,0
2004-03-16,21.4,27.8,12.8,0.0,1.2862637362637364,0
2004-03-17,19.9,27.8,12.2,0.0,1.2862637362637364,0
2004-03-18,17.2,28.9,7.2,0.0,1.2862637362637364,0
2004-03-19,12.9,23.3,5.0,0.0,1.2862637362637364,0
2004-03-20,15.9,29.4,8.3,0.0,1.2862637362637364,0
2004-03-21,12.2,21.7,8.3,0.0,1.2862637362637364,0
2004-03-22,11.2,17.8,7.2,0.0,1.2862637362637364,0
2004-03-23,12.1,16.7,7.2,0.0,1.2862637362637364,0
2004-03-24,12.4,18.3,7.2,0.0,1.2862637362637364,0
2004-03-25,9.9,13.3,5.0,0.0,1.2862637362637364,0
2004-03-26,10.3,16.1,6.1,0.0,1.2862637362637364,0
2004-03-27,11.0,17.8,6.1,0.0,1.2862637362637364,0
2004-03-28,15.8,23.3,10.6,0.0,1.2862637362637364,0
2004-03-29,14.1,22.2,8.3,0.0,1.2862637362637364,0
2004-03-30,9.4,13.3,5.0,0.0,1.2862637362637364,0
2004-03-31,7.9,15.0,2.2,0.0,1.2862637362637364,0
2004-04-01,11.1,18.3,2.2,0.8,1.2906593406593407,0
2004-04-02,13.6,20.6,6.7,0.0,1.2906593406593407,0
2004-04-03,12.4,23.3,5.6,0.0,1.2906593406593407,0
2004-04-04,9.1,15.6,5.6,0.0,1.2906593406593407,0
2004-04-05,9.7,13.9,7.8,0.0,1.2906593406593407,0
2004-04-06,9.0,12.8,6.1,0.0,1.2906593406593407,0
2004-04-07,12.3,21.1,6.7,0.0,1.2906593406593407,0
2004-04-08,10.9,18.9,7.8,0.0,1.2906593406593407,0
2004-04-09,12.7,22.8,6.1,0.0,1.2906593406593407,0
2004-04-10,13.1,22.2,6.7,0.0,1.2906593406593407,0
2004-04-11,10.3,18.9,4.4,0.0,1.2906593406593407,0
2004-04-12,10.0,16.1,5.6,0.0,1.2906593406593407,0
2004-04-13,9.8,15.6,5.6,0.0,1.2906593406593407,0
2004-04-14,11.5,16.7,7.2,0.0,1.2906593406593407,0
2004-04-15,9.2,14.4,4.4,0.0,1.2906593406593407,0
2004-04-16,9.1,15.0,2.8,0.0,1.2906593406593407,0
2004-04-17,9.1,15.6,3.3,0.3,1.2923076923076924,0
2004-04-18,8.6,13.3,4.4,0.0,1.2923076923076924,0
2004-04-19,11.8,15.6,7.2,0.0,1.2923076923076924,0
2004-04-20,13.2,16.7,11.7,0.0,1.2923076923076924,0
2004-04-21,11.1,13.9,7.8,0.0,1.2923076923076924,0
2004-04-22,13.1,22.8,5.6,0.0,1.2923076923076924,0
2004-04-23,15.6,26.1,7.2,0.0,1.2923076923076924,0
2004-04-24,16.4,27.2,5.6,0.0,1.2923076923076924,0
2004-04-25,20.3,31.1,10.6,0.0,1.2923076923076924,0
2004-04-26,23.4,33.3,13.3,0.0,1.2923076923076924,0
2004-04-27,22.3,32.8,8.3,0.0,1.2923076923076924,0
2004-04-28,13.9,20.0,7.2,0.0,1.2923076923076924,0
2004-04-29,16.6,25.0,7.2,0.0,1.2923076923076924,0
2004-04-30,12.9,22.8,5.0,0.0,1.2923076923076924,0
2004-05-01,15.3,27.8,5.0,0.0,1.2923076923076924,0
2004-05-02,18.4,30.6,8.9,0.0,1.2181318681318682,0
2004-05-03,14.7,25.6,6.7,0.0,1.213736263736264,0
2004-05-04,12.8,20.6,6.7,0.0,1.213736263736264,0
2004-05-05,11.6,19.4,4.4,0.0,1.2,0
2004-05-06,13.1,21.7,5.0,0.0,1.2,0
2004-05-07,15.5,21.7,8.9,0.0,1.2,0
2004-05-08,12.8,20.0,6.7,0.0,1.2,0
2004-05-09,13.2,19.4,7.8,0.0,1.2,0
2004-05-10,11.7,16.1,7.8,0.0,1.2,0
2004-05-11,9.7,15.6,4.4,0.0,1.2,0
2004-05-12,12.4,21.1,4.4,0.0,1.2,0
2004-05-13,13.0,20.6,6.7,0.0,1.2,0
2004-05-14,13.0,22.2,4.4,0.0,1.112087912087912,0
2004-05-15,12.1,17.8,8.3,0.0,1.112087912087912,0
2004-05-16,12.1,17.2,8.3,0.0,1.112087912087912,0
2004-05-17,12.4,17.2,10.0,0.0,1.1076923076923078,0
2004-05-18,13.0,18.3,9.4,0.0,1.1076923076923078,0
2004-05-19,13.0,19.4,8.9,0.0,1.1076923076923078,0
2004-05-20,11.6,17.2,9.4,0.0,1.1076923076923078,0
2004-05-21,11.6,14.4,10.0,0.0,1.1076923076923078,0
2004-05-22,11.8,17.2,9.4,0.0,1.1076923076923078,0
2004-05-23,12.4,16.7,10.0,0.0,1.1076923076923078,0
2004-05-24,12.3,15.0,10.0,0.0,1.1076923076923078,0
2004-05-25,13.7,20.6,7.8,0.0,1.1076923076923078,0
2004-05-26,15.0,21.7,10.6,0.0,1.1076923076923078,0
2004-05-27,15.7,23.3,11.1,0.0,1.1076923076923078,0
2004-05-28,13.3,16.7,8.9,0.0,1.1076923076923078,0
2004-05-29,12.6,20.6,6.1,0.0,1.1076923076923078,0
2004-05-30,13.8,23.9,5.0,0.0,1.1076923076923078,0
2004-05-31,14.8,25.0,6.7,0.0,1.1076923076923078,0
2004-06-01,14.7,25.0,5.6,0.0,1.1076923076923078,0
2004-06-02,13.7,22.2,6.1,0.0,1.1076923076923078,0
2004-06-03,13.4,20.0,7.8,0.0,1.1076923076923078,0
2004-06-04,13.7,20.6,6.7,0.0,1.1076923076923078,0
2004-06-05,14.4,22.8,6.7,0.0,1.1076923076923078,0
2004-06-06,14.0,22.8,6.1,0.0,1.1076923076923078,0
2004-06-07,12.5,17.2,7.8,0.0,1.1076923076923078,0
2004-06-08,11.3,16.1,5.6,0.0,1.0840659340659342,0
2004-06-09,12.9,18.9,8.9,0.0,1.0840659340659342,0
2004-06-10,12.4,16.1,9.4,0.0,1.0840659340659342,0
2004-06-11,13.3,20.0,7.8,0.0,1.0824175824175826,0
2004-06-12,13.8,20.6,8.9,0.0,1.0824175824175826,0
2004-06-13,15.0,22.2,9.4,0.0,1.0824175824175826,0
2004-06-14,16.7,26.1,8.9,0.0,1.0824175824175826,0
2004-06-15,18.7,32.2,8.3,0.0,1.0626373626373626,0
2004-06-16,17.8,27.2,8.9,0.0,1.0626373626373626,0
2004-06-17,16.2,21.1,13.3,0.0,1.0626373626373626,0
2004-06-18,16.4,23.3,12.8,0.0,1.0626373626373626,0
2004-06-19,15.4,22.2,11.7,0.0,1.0626373626373626,0
2004-06-20,14.1,20.0,10.6,0.0,1.0626373626373626,0
2004-06-21,12.0,16.1,10.0,0.0,1.0626373626373626,0
2004-06-22,12.9,17.8,10.6,0.0,1.0626373626373626,0
2004-06-23,14.7,20.0,10.6,0.0,1.0626373626373626,0
2004-06-24,14.8,21.1,7.8,0.0,1.0527472527472528,0
2004-06-25,15.2,24.4,6.1,0.0,1.0456043956043957,0
2004-06-26,15.4,22.2,9.4,0.0,0.9186813186813187,0
2004-06-27,16.5,24.4,10.0,0.0,0.9186813186813187,0
2004-06-28,15.9,25.0,9.4,0.0,0.9186813186813187,0
2004-06-29,15.7,22.8,9.4,0.0,0.9186813186813187,0
2004-06-30,14.1,21.1,8.3,0.0,0.9186813186813187,0
2004-07-01,12.4,15.0,11.1,0.0,0.9186813186813187,0
2004-07-02,16.1,23.9,11.1,0.0,0.8571428571428573,0
2004-07-03,15.6,23.9,11.1,0.0,0.8571428571428573,0
2004-07-04,16.6,24.4,10.0,0.0,0.8571428571428573,0
2004-07-05,16.9,27.2,10.0,0.0,0.8571428571428573,0
2004-07-06,16.3,26.7,8.3,0.0,0.8571428571428573,0
2004-07-07,16.0,22.8,11.1,0.0,0.8571428571428573,0
2004-07-08,15.6,21.1,12.2,0.0,0.8571428571428573,0
2004-07-09,15.6,23.9,12.2,0.0,0.8571428571428573,0
2004-07-10,15.2,22.8,7.8,0.0,0.8571428571428573,0
2004-07-11,15.9,26.7,5.0,0.0,0.8571428571428573,0
2004-07-12,14.4,22.8,7.2,0.0,0.8571428571428573,0
2004-07-13,15.2,22.2,11.1,0.0,0.8571428571428573,0
2004-07-14,15.0,23.3,8.3,0.0,0.8571428571428573,0
2004-07-15,16.6,26.1,6.7,0.0,0.8571428571428573,0
2004-07-16,17.8,26.7,8.9,0.0,0.8571428571428573,0
2004-07-17,19.6,27.8,10.6,0.0,0.8571428571428573,0
2004-07-18,19.8,28.3,12.2,0.0,0.8571428571428573,0
2004-07-19,18.7,26.7,11.7,0.0,0.8571428571428573,0
2004-07-20,16.6,21.7,13.3,0.0,0.8571428571428573,0
2004-07-21,17.2,26.1,9.4,0.0,0.8543956043956046,0
2004-07-22,15.6,25.6,9.4,0.0,0.8543956043956046,0
2004-07-24,19.2,25.6,13.9,0.0,0.8543956043956046,0
2004-07-25,18.5,28.9,10.6,0.0,0.8543956043956046,0
2004-07-26,16.9,27.2,8.3,0.0,0.8543956043956046,0
2004-07-27,15.9,23.9,10.6,0.0,0.8543956043956046,0
2004-07-28,17.2,25.0,11.7,0.0,0.8543956043956046,0
2004-07-29,16.3,23.3,12.2,0.0,0.8527472527472528,0
2004-07-30,16.1,23.3,11.7,0.0,0.8527472527472528,0
2004-07-31,13.9,16.7,12.2,0.0,0.8527472527472528,0
2004-08-01,14.1,18.9,11.7,0.0,0.8527472527472528,0
2004-08-02,13.7,17.8,10.0,0.0,0.8527472527472528,0
2004-08-03,16.1,24.4,11.7,0.0,0.7846153846153847,0
2004-08-04,15.9,23.9,10.0,0.0,0.7494505494505495,0
2004-08-05,14.7,22.2,8.9,0.0,0.7494505494505495,0
2004-08-06,16.6,25.6,7.2,0.0,0.7494505494505495,0
2004-08-07,18.4,28.3,10.0,0.0,0.7494505494505495,0
2004-08-08,18.8,28.9,11.7,0.0,0.7494505494505495,0
2004-08-09,16.1,24.4,10.6,0.0,0.7494505494505495,0
2004-08-10,16.4,26.7,10.0,0.0,0.7494505494505495,0
2004-08-11,17.4,30.6,7.8,0.0,0.7494505494505495,0
2004-08-12,16.7,25.6,10.6,0.0,0.7494505494505495,0
2004-08-13,17.2,25.0,12.2,0.0,0.7494505494505495,0
2004-08-14,14.8,20.6,12.8,0.0,0.7494505494505495,0
2004-08-15,16.6,23.3,10.0,0.0,0.7494505494505495,0
2004-08-16,16.8,23.9,10.0,0.0,0.7494505494505495,0
2004-08-17,18.8,27.2,12.2,0.0,0.7494505494505495,0
2004-08-18,16.7,27.8,9.4,0.0,0.7494505494505495,0
2004-08-19,16.3,25.0,9.4,0.0,0.7241758241758243,0
2004-08-20,18.3,27.8,12.8,0.0,0.7241758241758243,0
2004-08-21,16.7,23.9,12.2,0.0,0.7225274725274727,0
2004-08-22,17.3,22.8,13.3,0.0,0.6362637362637363,0
2004-08-23,17.4,23.3,14.4,0.0,0.5747252747252749,0
2004-08-24,17.6,23.9,12.8,0.0,0.5692307692307693,0
2004-08-25,18.1,25.6,10.0,0.0,0.5692307692307693,0
2004-08-26,18.1,26.1,12.8,0.0,0.2857142857142858,0
2004-08-27,23.6,34.4,13.3,0.0,0.1714285714285715,0
2004-08-28,22.3,33.3,13.3,0.0,0.1697802197802198,0
2004-08-29,17.4,27.2,9.4,0.0,0.1697802197802198,0
2004-08-30,16.6,26.1,9.4,0.0,0.1697802197802198,0
2004-08-31,17.2,27.2,10.6,0.0,0.043956043956044,0
2004-09-01,16.8,25.0,9.4,0.0,0.0060439560439561,0
2004-09-02,14.8,23.9,8.3,0.0,0.0060439560439561,0
2004-09-03,20.0,28.9,8.3,0.0,0.0060439560439561,0
2004-09-04,23.9,33.3,16.7,0.0,0.0060439560439561,0
2004-09-05,24.8,36.1,16.1,0.0,0.0060439560439561,0
2004-09-06,24.5,37.2,16.1,0.0,0.0060439560439561,0
2004-09-07,24.6,36.1,15.6,0.0,0.0060439560439561,0
2004-09-08,23.3,37.2,11.7,0.0,0.0060439560439561,0
2004-09-09,17.3,28.9,9.4,0.0,0.0060439560439561,0
2004-09-10,15.7,26.7,6.7,0.0,0.0060439560439561,0
2004-09-11,17.0,28.3,8.3,0.0,0.0060439560439561,0
2004-09-12,16.0,22.2,11.7,0.0,0.0060439560439561,0
2004-09-13,15.3,23.9,10.6,0.0,0.0060439560439561,0
2004-09-14,26.2,30.0,18.3,0.0,0.0060439560439561,0
2004-09-15,29.2,33.3,19.4,0.0,0.0060439560439561,0
2004-09-16,15.8,25.0,8.3,0.0,0.0060439560439561,0
2004-09-17,15.8,23.9,8.3,0.0,0.0060439560439561,0
2004-09-18,12.6,17.2,8.9,0.0,0.0060439560439561,0
2004-09-19,12.9,18.3,8.9,0.0,0.0060439560439561,0
2004-09-20,12.6,21.1,6.1,0.0,0.0060439560439561,0
2004-09-21,16.8,27.2,8.3,0.0,0.0060439560439561,0
2004-09-22,18.5,28.9,10.0,0.0,0.0060439560439561,0
2004-09-23,20.6,32.2,11.7,0.0,0.0060439560439561,0
2004-09-24,19.2,31.1,8.3,0.0,0.0060439560439561,0
2004-09-25,14.2,26.1,7.2,0.0,0.0060439560439561,0
2004-09-26,16.7,28.9,7.8,0.0,0.0060439560439561,0
2004-09-27,12.8,17.2,8.3,0.0,0.0060439560439561,0
2004-09-28,13.6,20.0,10.0,0.0,0.0060439560439561,0
2004-10-01,14.6,20.0,8.3,0.0,0.0060439560439561,0
2004-10-02,21.2,23.3,16.1,0.0,0.0060439560439561,0
2004-10-05,19.4,19.4,19.4,0.0,0.0016483516483517,0
2004-10-06,25.9,28.3,22.2,0.0,0.0016483516483517,0
2004-10-08,26.1,26.1,26.1,0.0,0.0016483516483517,0
2004-10-09,6.1,6.1,6.1,0.0,0.0016483516483517,0
2004-10-10,14.6,25.0,6.1,0.0,0.0016483516483517,0
2004-10-12,31.2,33.3,26.7,0.0,0.0016483516483517,0
2004-10-13,25.1,31.7,15.6,0.0,0.0016483516483517,0
2004-10-14,20.8,32.2,13.3,0.0,0.0016483516483517,0
2004-10-15,15.1,25.0,8.3,0.0,0.0016483516483517,0
2004-10-16,14.1,17.8,11.1,3.0,0.0181318681318682,0
2004-10-17,13.4,16.7,10.0,14.0,0.0950549450549451,0
2004-10-18,12.1,18.9,7.2,1.5,0.1032967032967033,0
2004-10-19,12.4,15.6,10.6,20.1,0.2137362637362638,0
2004-10-20,12.0,16.1,9.4,35.8,0.4104395604395605,0
2004-10-21,12.5,18.9,8.3,0.0,0.4104395604395605,0
2004-10-22,12.1,19.4,6.1,0.0,0.4104395604395605,0
2004-10-23,11.7,16.1,6.1,0.0,0.4087912087912089,0
2004-10-24,12.3,17.8,7.8,0.0,0.4087912087912089,0
2004-10-25,11.3,17.8,8.9,0.0,0.4087912087912089,0
2004-10-26,10.8,16.1,6.7,24.9,0.5456043956043957,0
2004-10-27,10.0,15.0,7.2,16.3,0.6351648351648352,0
2004-10-28,10.8,18.3,7.2,0.3,0.6368131868131869,0
2004-10-29,12.0,20.0,6.7,0.0,0.6368131868131869,0
2004-10-30,10.6,16.1,6.1,0.0,0.6368131868131869,0
2004-10-31,12.4,19.4,6.7,0.0,0.6368131868131869,0
2004-11-01,13.2,19.4,6.7,0.0,0.6368131868131869,0
2004-11-02,12.6,23.9,6.1,0.0,0.6368131868131869,0
2004-11-03,9.0,12.8,5.0,0.0,0.6368131868131869,0
2004-11-04,7.4,10.6,3.9,0.0,0.6368131868131869,0
2004-11-05,12.1,20.0,6.1,0.0,0.6368131868131869,0
2004-11-06,11.2,21.1,4.4,0.0,0.6368131868131869,0
2004-11-07,11.3,18.3,6.1,0.5,0.6395604395604396,0
2004-11-08,9.9,12.8,6.1,0.0,0.6395604395604396,0
2004-11-09,11.1,15.6,8.9,0.0,0.6395604395604396,0
2004-11-10,11.2,14.4,10.0,0.0,0.6395604395604396,0
2004-11-11,12.4,13.9,11.1,0.0,0.6395604395604396,0
2004-11-12,12.8,18.3,10.0,0.0,0.6395604395604396,0
2004-11-13,12.2,18.9,7.8,0.0,0.6395604395604396,0
2004-11-14,12.4,21.1,6.7,0.0,0.6395604395604396,0
2004-11-15,12.5,20.6,8.3,0.0,0.6395604395604396,0
2004-11-16,11.7,21.1,6.1,0.0,0.6395604395604396,0
2004-11-17,12.1,22.2,6.7,0.0,0.6395604395604396,0
2004-11-18,13.0,21.7,7.8,0.0,0.6395604395604396,0
2004-11-19,9.9,15.6,4.4,0.0,0.6395604395604396,0
2004-11-20,12.5,18.3,5.6,0.0,0.6395604395604396,0
2004-11-21,10.6,14.4,5.6,2.3,0.6521978021978023,0
2004-11-22,10.3,18.9,2.8,0.0,0.6521978021978023,0
2004-11-23,8.1,16.7,1.7,0.0,0.6521978021978023,0
2004-11-24,10.2,18.9,4.4,0.0,0.6521978021978023,0
2004-11-25,10.3,16.7,5.0,0.0,0.6521978021978023,0
2004-11-26,11.8,18.3,8.9,0.0,0.6521978021978023,0
2004-11-27,10.9,15.6,7.8,2.3,0.6648351648351649,0
2004-11-28,8.3,12.8,5.6,0.0,0.6648351648351649,0
2004-11-29,6.2,13.9,0.0,0.0,0.6648351648351649,0
2004-11-30,5.7,13.9,-1.7,0.0,0.6648351648351649,0
2004-12-01,5.8,13.9,0.6,0.0,0.6648351648351649,0
2004-12-02,7.1,13.3,1.1,0.0,0.6648351648351649,0
2004-12-03,8.3,17.8,1.1,0.0,0.6648351648351649,0
2004-12-04,6.5,15.6,0.0,0.0,0.6648351648351649,0
2004-12-05,7.8,15.6,2.2,13.0,0.7362637362637364,0
2004-12-06,8.3,12.2,3.3,0.0,0.7362637362637364,0
2004-12-07,11.0,15.0,9.4,1.8,0.7461538461538462,0
2004-12-08,12.4,13.3,10.0,1.0,0.7516483516483518,0
2004-12-09,13.8,19.4,10.0,0.0,0.7516483516483518,0
2004-12-10,13.9,20.6,10.0,0.0,0.7516483516483518,0
2004-12-11,14.7,23.9,10.6,0.0,0.7516483516483518,0
2004-12-12,11.9,14.4,10.0,0.0,0.7516483516483518,0
2004-12-13,12.3,18.3,8.3,0.0,0.7516483516483518,0
2004-12-14,11.6,14.4,9.4,0.0,0.7516483516483518,0
2004-12-15,13.9,17.8,10.0,0.0,0.7516483516483518,0
2004-12-16,12.4,21.7,6.7,0.0,0.7516483516483518,0
2004-12-17,12.9,23.9,6.7,0.0,0.7516483516483518,0
2004-12-18,12.0,18.9,7.2,0.0,0.7516483516483518,0
2004-12-19,11.9,22.2,6.7,0.0,0.7516483516483518,0
2004-12-20,7.9,15.0,3.3,0.0,0.7516483516483518,0
2004-12-21,12.6,17.8,7.8,0.0,0.7516483516483518,0
2004-12-22,12.4,15.0,9.4,0.0,0.7516483516483518,0
2004-12-23,9.6,16.1,5.0,0.0,0.7516483516483518,0
2004-12-24,9.6,18.3,3.9,0.0,0.7516483516483518,0
2004-12-25,8.1,16.7,2.2,0.0,0.7516483516483518,0
2004-12-26,9.1,10.0,7.2,0.0,0.7516483516483518,0
2004-12-27,8.4,10.0,6.7,8.4,0.7978021978021979,0
2004-12-28,8.1,10.6,6.1,141.0,1.5725274725274727,0
2004-12-29,8.9,11.7,7.2,24.4,1.7065934065934067,0
2004-12-30,9.4,11.1,7.8,0.0,1.7065934065934067,0
2004-12-31,8.2,11.7,6.7,33.3,1.88956043956044,0
2005-01-01,7.4,11.1,4.4,0.0,1.88956043956044,0
2005-01-02,6.5,7.2,5.6,27.2,2.0390109890109893,0
2005-01-03,6.2,10.6,3.3,22.6,2.163186813186813,0
2005-01-04,5.9,9.4,2.2,4.8,2.18956043956044,0
2005-01-05,7.1,9.4,4.4,0.0,2.18956043956044,0
2005-01-06,8.6,15.0,4.4,0.0,2.18956043956044,0
2005-01-07,8.6,11.7,7.2,48.8,2.457692307692308,0
2005-01-08,8.7,10.6,6.7,19.1,2.562637362637363,0
2005-01-09,8.6,13.3,5.0,65.5,2.9225274725274724,0
2005-01-10,8.7,14.4,6.1,36.1,3.120879120879121,0
2005-01-11,7.6,10.6,3.9,4.1,3.1434065934065933,0
2005-01-12,7.3,15.6,2.8,0.0,3.1434065934065933,0
2005-01-13,5.7,10.6,1.7,0.0,3.1434065934065933,0
2005-01-14,7.8,18.9,0.0,0.0,3.1434065934065933,0
2005-01-15,10.0,20.6,3.3,0.0,3.1434065934065933,0
2005-01-16,12.2,19.4,5.0,0.0,3.1434065934065933,0
2005-01-17,13.2,18.9,9.4,0.0,3.1434065934065933,0
2005-01-18,15.2,23.9,9.4,0.0,3.1434065934065933,0
2005-01-19,15.8,26.1,9.4,0.0,3.1434065934065933,0
2005-01-20,14.6,26.1,8.9,0.0,3.1434065934065933,0
2005-01-21,10.9,20.0,6.1,0.0,3.1434065934065933,0
2005-01-22,10.7,24.4,3.3,0.0,3.1434065934065933,0
2005-01-23,10.8,20.6,5.6,0.0,3.1434065934065933,0
2005-01-24,13.1,21.1,6.7,0.0,3.1434065934065933,0
2005-01-25,12.7,15.6,11.1,0.0,3.1434065934065933,0
2005-01-26,11.4,13.3,8.9,2.0,3.1543956043956047,0
2005-01-27,9.9,12.2,6.7,0.0,3.1543956043956047,0
2005-01-28,8.8,12.2,5.0,6.6,3.190659340659341,0
2005-01-29,7.5,13.9,3.3,0.0,3.190659340659341,0
2005-01-30,9.3,16.1,3.3,0.0,3.190659340659341,0
2005-01-31,9.9,17.8,2.8,0.0,3.190659340659341,0
2005-02-01,15.5,20.0,11.7,0.0,3.190659340659341,0
2005-02-02,13.3,22.2,6.1,0.0,3.190659340659341,0
2005-02-03,10.8,19.4,5.0,0.0,3.190659340659341,0
2005-02-04,10.7,20.6,4.4,0.0,3.190659340659341,0
2005-02-05,9.6,16.7,6.7,0.0,3.190659340659341,0
2005-02-06,8.2,12.8,3.3,0.0,3.190659340659341,0
2005-02-07,8.0,12.2,3.3,0.0,3.190659340659341,0
2005-02-08,7.3,13.3,3.9,0.0,3.190659340659341,0
2005-02-09,9.2,18.3,3.3,0.0,3.190659340659341,0
2005-02-10,12.3,18.3,7.2,0.5,3.1934065934065936,0
2005-02-11,11.8,17.2,7.8,53.8,3.489010989010989,0
2005-02-12,11.4,19.4,5.6,4.3,3.5126373626373626,0
2005-02-13,9.1,11.7,6.1,0.0,3.5126373626373626,0
2005-02-14,9.8,13.3,8.3,0.0,3.5126373626373626,0
2005-02-15,10.4,11.7,9.4,0.0,3.5126373626373626,0
2005-02-16,11.2,15.6,7.8,0.0,3.5126373626373626,0
2005-02-17,11.2,14.4,9.4,8.9,3.5615384615384618,0
2005-02-18,11.4,15.6,8.9,21.8,3.681318681318681,0
2005-02-19,10.4,13.3,8.3,55.4,3.9857142857142858,0
2005-02-20,10.6,12.8,8.9,47.8,4.248351648351648,0
2005-02-21,10.8,16.7,7.2,52.8,4.538461538461538,0
2005-02-22,10.6,18.3,6.1,27.9,4.691758241758242,0
2005-02-23,9.0,11.1,6.1,6.6,4.728021978021978,0
2005-02-24,10.4,12.8,8.9,0.0,4.728021978021978,0
2005-02-25,10.4,16.1,5.6,0.0,4.728021978021978,0
2005-02-26,10.3,15.0,6.7,0.0,4.728021978021978,0
2005-02-27,10.0,13.3,7.8,0.0,4.728021978021978,0
2005-02-28,10.5,17.2,4.4,0.0,4.728021978021978,0
2005-03-01,9.7,15.0,5.0,0.0,4.728021978021978,0
2005-03-02,10.6,15.6,6.1,1.0,4.733516483516484,0
2005-03-03,10.8,17.2,5.6,0.0,4.733516483516484,0
2005-03-04,10.2,12.2,8.3,15.2,4.817032967032968,0
2005-03-05,12.3,21.1,7.2,0.0,4.817032967032968,0
2005-03-06,13.2,22.8,7.2,0.0,4.817032967032968,0
2005-03-07,12.3,20.6,7.2,0.0,4.817032967032968,0
2005-03-08,14.1,25.0,6.1,0.0,4.817032967032968,0
2005-03-09,16.1,25.6,7.8,0.0,4.817032967032968,0
2005-03-10,19.0,25.6,13.3,0.0,4.817032967032968,0
2005-03-11,21.0,31.7,10.6,0.0,4.817032967032968,0
2005-03-12,11.7,16.7,9.4,0.0,4.817032967032968,0
2005-03-13,11.6,15.6,10.0,0.0,4.817032967032968,0
2005-03-14,14.3,20.0,7.8,0.0,4.817032967032968,0
2005-03-15,13.1,23.3,5.0,0.0,4.817032967032968,0
2005-03-16,10.9,21.7,3.9,0.0,4.817032967032968,0
2005-03-17,11.5,20.0,6.1,0.0,4.817032967032968,0
2005-03-18,11.2,12.8,8.9,6.9,4.854945054945056,0
2005-03-19,11.8,13.9,10.6,0.5,4.857692307692308,0
2005-03-20,11.7,14.4,8.9,0.3,4.859340659340659,0
2005-03-21,10.3,15.0,7.2,0.0,4.859340659340659,0
2005-03-22,9.7,12.2,8.3,27.4,5.00989010989011,0
2005-03-23,8.7,10.6,7.2,0.0,5.00989010989011,0
2005-03-24,8.9,14.4,4.4,0.3,5.0115384615384615,0
2005-03-25,8.6,16.1,3.3,0.0,5.0115384615384615,0
2005-03-26,10.4,18.9,2.8,0.0,5.0115384615384615,0
2005-03-27,10.7,15.6,5.0,0.0,5.0115384615384615,0
2005-03-28,9.8,15.0,6.7,2.8,5.026923076923077,0
2005-03-29,9.7,15.0,3.9,0.0,5.026923076923077,0
2005-03-30,9.7,18.3,3.9,0.0,5.026923076923077,0
2005-03-31,13.1,22.2,3.9,0.0,5.026923076923077,0
2005-04-01,12.3,22.2,5.0,0.0,5.026923076923077,0
2005-04-02,9.3,14.4,4.4,0.0,5.026923076923077,0
2005-04-03,9.1,14.4,6.1,0.0,5.026923076923077,0
2005-04-04,8.7,15.6,3.3,0.0,5.026923076923077,0
2005-04-05,11.3,21.1,2.8,0.0,5.026923076923077,0
2005-04-06,12.2,20.6,5.6,0.0,5.026923076923077,0
2005-04-07,9.6,14.4,3.9,0.0,5.026923076923077,0
2005-04-08,8.2,12.2,3.9,0.0,5.026923076923077,0
2005-04-09,10.4,16.7,5.0,0.0,5.026923076923077,0
2005-04-10,10.4,20.0,4.4,0.0,5.026923076923077,0
2005-04-11,10.7,16.1,6.1,0.0,5.026923076923077,0
2005-04-12,9.3,15.6,4.4,0.0,5.026923076923077,0
2005-04-13,7.8,13.9,2.2,0.0,5.026923076923077,0
2005-04-14,8.7,16.1,2.8,0.0,5.026923076923077,0
2005-04-15,10.7,19.4,2.2,0.0,5.026923076923077,0
2005-04-16,11.8,18.9,6.1,0.0,5.01043956043956,0
2005-04-17,9.8,14.4,2.8,0.0,4.933516483516484,0
2005-04-18,8.1,17.2,1.1,0.0,4.9252747252747255,0
2005-04-19,10.4,18.9,2.8,0.0,4.814835164835165,0
2005-04-20,9.8,17.2,3.9,0.0,4.618131868131868,0
2005-04-21,11.8,22.8,3.3,0.0,4.618131868131868,0
2005-04-22,14.1,23.3,8.9,0.0,4.618131868131868,0
2005-04-23,10.2,14.4,6.1,0.3,4.61978021978022,0
2005-04-24,10.3,16.1,6.1,0.5,4.622527472527473,0
2005-04-25,10.6,18.3,3.9,0.0,4.622527472527473,0
2005-04-26,12.1,22.2,3.3,0.0,4.485714285714287,0
2005-04-27,11.2,16.1,6.1,0.0,4.396153846153847,0
2005-04-28,11.4,17.2,5.6,25.9,4.536813186813187,0
2005-04-29,10.9,20.0,4.4,0.0,4.536813186813187,0
2005-04-30,10.9,18.3,5.6,0.0,4.536813186813187,0
2005-05-01,12.8,20.6,6.1,0.0,4.536813186813187,0
2005-05-02,12.2,19.4,5.0,0.0,4.536813186813187,0
2005-05-03,12.8,20.0,6.1,0.0,4.536813186813187,0
2005-05-04,13.9,21.1,8.3,0.0,4.536813186813187,0
2005-05-05,13.9,18.9,11.1,0.3,4.538461538461538,0
2005-05-06,12.5,15.6,10.0,0.0,4.538461538461538,0
2005-05-07,12.8,18.9,7.8,0.0,4.538461538461538,0
2005-05-08,12.3,15.6,10.0,0.0,4.535714285714286,0
2005-05-09,11.4,16.1,6.7,4.6,4.560989010989011,0
2005-05-10,11.4,16.7,5.0,0.0,4.560989010989011,0
2005-05-11,12.7,19.4,5.6,0.0,4.560989010989011,0
2005-05-12,13.6,20.6,8.9,0.0,4.560989010989011,0
2005-05-13,13.9,20.0,9.4,0.0,4.560989010989011,0
2005-05-14,15.4,21.7,8.3,0.0,4.560989010989011,0
2005-05-15,17.1,23.9,13.3,0.0,4.560989010989011,0
2005-05-16,13.5,17.2,9.4,0.0,4.560989010989011,0
2005-05-17,13.1,17.8,7.2,0.0,4.560989010989011,0
2005-05-18,14.0,15.0,11.7,0.0,4.560989010989011,0
2005-05-19,14.2,16.7,9.4,0.0,4.560989010989011,0
2005-05-20,13.3,20.0,7.2,0.0,4.560989010989011,0
2005-05-21,13.8,22.8,6.1,0.0,4.560989010989011,0
2005-05-22,13.7,22.2,6.7,0.0,4.548351648351648,0
2005-05-23,12.9,21.7,6.1,0.0,4.548351648351648,0
2005-05-24,16.0,26.1,5.6,0.0,4.548351648351648,0
2005-05-25,16.5,25.0,10.0,0.0,4.548351648351648,0
2005-05-26,14.7,21.7,10.6,0.0,4.548351648351648,0
2005-05-27,13.7,20.6,9.4,0.0,4.548351648351648,0
2005-05-28,12.9,18.3,8.9,0.0,4.535714285714286,0
2005-05-29,13.6,19.4,10.6,0.0,4.535714285714286,0
2005-05-30,15.0,21.7,8.9,0.0,4.535714285714286,0
2005-05-31,14.4,22.8,8.3,0.0,4.535714285714286,0
2005-06-01,13.7,22.2,6.1,0.0,4.535714285714286,0
2005-06-02,12.4,19.4,5.6,0.0,4.535714285714286,0
2005-06-03,12.5,19.4,7.8,0.0,4.535714285714286,0
2005-06-04,12.3,20.0,8.3,0.0,4.535714285714286,0
2005-06-05,11.3,16.1,6.1,0.0,4.464285714285714,0
2005-06-06,11.1,16.7,3.9,0.0,4.464285714285714,0
2005-06-07,11.7,17.2,4.4,0.0,4.454395604395605,0
2005-06-08,13.2,16.1,10.0,0.0,4.448901098901099,0
2005-06-09,14.9,18.3,12.2,0.0,4.448901098901099,0
2005-06-10,13.9,18.3,11.7,0.0,4.448901098901099,0
2005-06-11,13.7,18.3,11.1,0.0,4.448901098901099,0
2005-06-12,16.1,25.0,8.3,0.0,4.448901098901099,0
2005-06-13,17.0,30.0,8.3,0.0,4.448901098901099,0
2005-06-14,13.3,20.6,6.1,0.0,4.448901098901099,0
2005-06-15,12.6,21.7,4.4,0.0,4.448901098901099,0
2005-06-16,11.8,18.3,6.1,0.0,4.448901098901099,0
2005-06-17,13.3,17.2,8.9,0.0,4.448901098901099,0
2005-06-18,13.9,19.4,8.3,0.0,4.448901098901099,0
2005-06-19,13.9,21.1,6.7,0.0,4.448901098901099,0
2005-06-20,13.9,21.1,6.7,0.0,4.448901098901099,0
2005-06-21,14.1,21.1,7.2,0.0,4.448901098901099,0
2005-06-22,14.3,20.6,7.2,0.0,4.448901098901099,0
2005-06-23,14.3,21.1,11.1,0.0,4.448901098901099,0
2005-06-24,15.4,21.7,12.2,0.0,4.448901098901099,0
2005-06-25,14.4,22.2,11.7,0.0,4.448901098901099,0
2005-06-26,13.2,17.8,10.6,0.0,4.448901098901099,0
2005-06-27,14.7,20.6,11.1,0.0,4.402747252747252,0
2005-06-28,14.3,21.1,10.0,0.0,3.6280219780219776,0
2005-06-29,17.8,26.7,8.3,0.0,3.493956043956044,0
2005-06-30,18.9,28.3,10.0,0.0,3.493956043956044,0
2005-07-01,15.6,24.4,8.9,0.0,3.310989010989011,0
2005-07-02,14.2,23.3,7.2,0.0,3.310989010989011,0
2005-07-03,14.4,23.3,7.2,0.0,3.1615384615384614,0
2005-07-04,14.6,23.3,8.3,0.0,3.037362637362637,0
2005-07-05,13.1,18.3,10.0,0.0,3.010989010989011,0
2005-07-06,15.8,23.3,11.1,0.0,3.010989010989011,0
2005-07-07,15.5,22.2,11.1,0.0,3.010989010989011,0
2005-07-08,15.8,22.8,10.0,0.0,2.742857142857143,0
2005-07-09,15.3,20.6,12.8,0.0,2.637912087912088,0
2005-07-10,18.5,25.6,12.8,0.0,2.2780219780219784,0
2005-07-11,17.8,25.0,12.2,0.0,2.07967032967033,0
2005-07-12,18.5,28.3,10.6,0.0,2.057142857142857,0
2005-07-13,17.3,26.7,8.9,0.0,2.057142857142857,0
2005-07-14,17.9,29.4,8.9,0.0,2.057142857142857,0
2005-07-15,13.0,26.1,9.4,0.0,2.057142857142857,0
2005-07-16,19.5,30.0,8.9,0.0,2.057142857142857,0
2005-07-17,19.7,30.6,11.1,0.0,2.057142857142857,0
2005-07-18,17.5,27.2,10.0,0.0,2.057142857142857,0
2005-07-19,17.3,26.7,10.0,0.0,2.057142857142857,0
2005-07-20,17.1,26.7,7.8,0.0,2.057142857142857,0
2005-07-21,16.0,23.3,10.0,0.0,2.057142857142857,0
2005-07-22,16.6,24.4,9.4,0.0,2.057142857142857,0
2005-07-23,23.9,36.7,10.6,0.0,2.057142857142857,0
2005-07-24,20.6,28.3,12.2,0.0,2.057142857142857,0
2005-07-25,15.8,26.1,8.3,0.0,2.057142857142857,0
2005-07-26,16.0,26.7,6.7,0.0,2.057142857142857,0
2005-07-27,15.7,26.1,6.1,0.0,2.046153846153846,0
2005-07-28,16.7,25.0,10.6,0.0,2.046153846153846,0
2005-07-29,16.6,25.0,11.1,0.0,2.00989010989011,0
2005-07-30,17.3,27.2,10.0,0.0,2.00989010989011,0
2005-07-31,17.8,30.0,8.3,0.0,2.00989010989011,0
2005-08-01,17.5,29.4,8.9,0.0,2.00989010989011,0
2005-08-02,17.0,27.8,7.2,0.0,2.00989010989011,0
2005-08-03,16.8,26.1,8.9,0.0,2.00989010989011,0
2005-08-04,17.2,27.8,8.9,0.0,2.00989010989011,0
2005-08-05,19.2,31.1,8.9,0.0,2.00989010989011,0
2005-08-06,20.7,31.1,12.2,0.0,2.00989010989011,0
2005-08-07,19.0,28.3,10.6,0.0,2.00989010989011,0
2005-08-08,16.4,27.2,10.0,0.0,2.00989010989011,0
2005-08-09,16.9,27.8,10.0,0.0,2.00989010989011,0
2005-08-10,17.4,28.3,8.3,0.0,2.00989010989011,0
2005-08-11,17.3,28.3,8.3,0.0,2.007142857142857,0
2005-08-12,16.7,27.2,9.4,0.0,1.7115384615384617,0
2005-08-13,14.3,21.1,11.1,0.0,1.687912087912088,0
2005-08-14,14.2,19.4,11.7,0.0,1.687912087912088,0
2005-08-15,15.8,23.3,11.7,0.0,1.687912087912088,0
2005-08-16,16.7,25.6,11.7,0.0,1.687912087912088,0
2005-08-17,15.6,22.8,10.6,0.0,1.687912087912088,0
2005-08-18,15.2,22.8,11.1,0.0,1.6390109890109892,0
2005-08-19,15.0,22.8,10.0,0.0,1.5192307692307692,0
2005-08-20,14.3,22.2,9.4,0.0,1.2148351648351647,0
2005-08-21,13.6,21.1,10.0,0.0,0.9521978021978024,0
2005-08-22,15.1,26.1,6.7,0.0,0.662087912087912,0
2005-08-23,15.4,26.1,7.8,0.0,0.5087912087912088,0
2005-08-24,15.7,25.0,8.9,0.0,0.4725274725274725,0
2005-08-25,15.8,25.0,8.9,0.0,0.4725274725274725,0
2005-08-26,15.3,27.2,5.0,0.0,0.4725274725274725,0
2005-08-27,17.6,30.0,7.8,0.0,0.4725274725274725,0
2005-08-28,18.3,31.1,8.9,0.0,0.4725274725274725,0
2005-08-29,14.8,23.9,7.8,0.0,0.4725274725274725,0
2005-08-30,21.7,31.1,10.6,0.0,0.4725274725274725,0
2005-08-31,20.8,32.2,10.0,0.0,0.467032967032967,0
2005-09-01,15.4,26.7,6.1,0.0,0.467032967032967,0
2005-09-02,15.0,24.4,8.3,0.0,0.3835164835164835,0
2005-09-03,13.6,23.3,7.2,0.0,0.3835164835164835,0
2005-09-04,13.7,23.3,6.7,0.0,0.3835164835164835,0
2005-09-05,14.9,25.6,6.7,0.0,0.3835164835164835,0
2005-09-06,13.3,23.3,5.6,0.0,0.3835164835164835,0
2005-09-07,13.3,20.0,8.9,0.0,0.3835164835164835,0
2005-09-08,13.8,16.7,11.1,0.0,0.3835164835164835,0
2005-09-09,13.2,17.2,11.1,0.0,0.3835164835164835,0
2005-09-10,14.6,21.7,10.0,0.0,0.3835164835164835,0
2005-09-11,14.0,21.1,7.8,0.0,0.3835164835164835,0
2005-09-12,12.8,20.0,7.2,0.0,0.3835164835164835,0
2005-09-13,12.3,21.1,7.8,0.0,0.3835164835164835,0
2005-09-14,12.9,20.0,10.0,0.0,0.3835164835164835,0
2005-09-15,13.9,22.8,9.4,0.0,0.3835164835164835,0
2005-09-16,14.3,20.6,10.0,0.0,0.3456043956043955,0
2005-09-17,13.8,19.4,9.4,0.0,0.3428571428571428,0
2005-09-18,13.8,24.4,6.1,0.0,0.3412087912087911,0
2005-09-19,17.9,31.1,7.2,0.0,0.3412087912087911,0
2005-09-20,13.1,21.7,7.2,7.4,0.2313186813186812,0
2005-09-21,15.2,25.6,8.3,0.0,0.2313186813186812,0
2005-09-22,14.2,25.0,7.2,0.0,0.2296703296703296,0
2005-09-23,11.4,16.7,6.7,0.0,0.2296703296703296,0
2005-09-24,13.9,23.9,7.2,0.0,0.2296703296703296,0
2005-09-25,16.1,27.2,7.8,0.0,0.2296703296703296,0
2005-09-26,15.1,22.8,9.4,0.0,0.2142857142857142,0
2005-09-27,14.9,27.2,8.9,0.0,0.2142857142857142,0
2005-09-28,20.5,31.7,9.4,0.0,0.2142857142857142,0
2005-09-29,21.6,33.9,13.9,0.0,0.2142857142857142,0
2005-09-30,19.9,33.3,10.0,0.0,0.2142857142857142,0
2005-10-01,15.7,23.9,10.0,0.0,0.2142857142857142,0
2005-10-02,13.7,19.4,8.3,0.0,0.2142857142857142,0
2005-10-03,12.0,18.3,5.6,0.0,0.2142857142857142,0
2005-10-04,11.8,20.0,5.6,0.0,0.2142857142857142,0
2005-10-05,16.8,25.6,10.6,0.0,0.2142857142857142,0
2005-10-06,15.8,28.3,7.8,0.0,0.2142857142857142,0
2005-10-07,13.1,22.8,7.2,0.0,0.2142857142857142,0
2005-10-08,11.8,17.8,7.2,0.0,0.2142857142857142,0
2005-10-09,13.4,25.0,5.0,0.0,0.2142857142857142,0
2005-10-10,16.8,27.8,9.4,0.0,0.2142857142857142,0
2005-10-11,11.9,19.4,6.1,0.0,0.2142857142857142,0
2005-10-12,15.3,27.2,5.6,0.0,0.2142857142857142,0
2005-10-13,19.3,30.6,11.1,0.0,0.2142857142857142,0
2005-10-14,15.0,26.7,10.0,0.0,0.2142857142857142,0
2005-10-15,11.6,17.2,7.8,1.0,0.2197802197802197,0
2005-10-16,17.9,26.7,7.8,2.0,0.2307692307692307,0
2005-10-17,20.8,30.6,14.4,24.6,0.3659340659340659,0
2005-10-18,14.7,18.3,11.7,6.6,0.4021978021978022,0
2005-10-19,14.2,21.7,10.0,0.0,0.4021978021978022,0
2005-10-20,12.0,21.1,6.7,0.0,0.4021978021978022,0
2005-10-21,11.9,21.1,6.1,0.0,0.4021978021978022,0
2005-10-22,11.2,21.7,4.4,0.0,0.4005494505494505,0
2005-10-23,12.7,20.0,7.2,0.0,0.3978021978021978,0
2005-10-24,11.6,16.7,9.4,0.0,0.3978021978021978,0
2005-10-25,12.4,19.4,7.8,0.0,0.3978021978021978,0
2005-10-26,11.1,15.6,6.1,0.0,0.3978021978021978,0
2005-10-27,10.8,18.3,6.7,0.0,0.2554945054945055,0
2005-10-28,14.0,20.6,10.0,0.0,0.2554945054945055,0
2005-10-29,11.9,17.8,5.0,0.0,0.2554945054945055,0
2005-10-30,11.2,19.4,4.4,0.0,0.2554945054945055,0
2005-10-31,15.4,25.0,7.2,0.0,0.2554945054945055,0
2005-11-01,14.5,25.0,10.6,0.0,0.2554945054945055,0
2005-11-02,10.8,15.6,5.0,0.0,0.2554945054945055,0
2005-11-03,10.8,16.7,4.4,0.0,0.2538461538461539,0
2005-11-04,11.9,17.2,5.6,0.0,0.2538461538461539,0
2005-11-05,10.2,17.8,4.4,0.0,0.2538461538461539,0
2005-11-06,12.2,17.8,7.2,0.0,0.2538461538461539,0
2005-11-07,12.9,17.2,10.0,0.0,0.2285714285714286,0
2005-11-08,12.2,17.2,8.9,0.0,0.2285714285714286,0
2005-11-09,12.9,17.8,7.8,3.8,0.2494505494505494,0
2005-11-10,11.6,18.9,6.7,1.8,0.2593406593406593,0
2005-11-11,11.8,15.6,8.9,0.0,0.2593406593406593,0
2005-11-12,10.7,17.8,5.6,0.0,0.2593406593406593,0
2005-11-13,12.1,21.7,6.1,0.0,0.2593406593406593,0
2005-11-14,15.6,22.2,8.9,0.0,0.2593406593406593,0
2005-11-15,17.8,23.3,12.2,0.0,0.2593406593406593,0
2005-11-16,16.9,27.8,11.1,0.0,0.2593406593406593,0
2005-11-17,17.5,23.3,11.1,0.0,0.2593406593406593,0
2005-11-18,18.0,30.0,11.7,0.0,0.2593406593406593,0
2005-11-19,17.9,25.0,12.2,0.0,0.2593406593406593,0
2005-11-20,16.7,28.9,10.0,0.0,0.2593406593406593,0
2005-11-21,15.1,26.7,8.9,0.0,0.2593406593406593,0
2005-11-22,14.7,25.0,8.9,0.0,0.2593406593406593,0
2005-11-23,14.2,23.9,7.2,0.0,0.2593406593406593,0
2005-11-24,10.1,19.4,5.0,0.0,0.2593406593406593,0
2005-11-25,10.9,14.4,5.0,0.0,0.2593406593406593,0
2005-11-26,6.5,13.9,1.7,0.0,0.2593406593406593,0
2005-11-27,7.1,15.6,2.2,0.0,0.2593406593406593,0
2005-11-28,8.9,16.1,2.8,0.0,0.2593406593406593,0
2005-11-29,11.3,13.3,8.9,0.0,0.2593406593406593,0
2005-11-30,12.5,17.2,8.3,0.0,0.2593406593406593,0
2005-12-01,12.1,13.9,8.3,0.0,0.2593406593406593,0
2005-12-02,7.6,14.4,3.3,2.0,0.2703296703296703,0
2005-12-03,7.9,13.3,3.3,0.0,0.2703296703296703,0
2005-12-04,7.8,13.3,2.2,0.0,0.2703296703296703,0
2005-12-05,7.4,16.1,2.2,0.0,0.2703296703296703,0
2005-12-06,8.2,18.3,2.8,0.0,0.2703296703296703,0
2005-12-07,8.8,15.6,3.3,0.0,0.2703296703296703,0
2005-12-08,10.8,15.0,7.8,0.0,0.2703296703296703,0
2005-12-09,11.7,21.1,7.2,1.0,0.2758241758241758,0
2005-12-10,12.8,20.0,8.3,0.0,0.2758241758241758,0
2005-12-11,12.9,23.9,7.8,0.0,0.2758241758241758,0
2005-12-12,9.1,13.3,6.1,0.0,0.2758241758241758,0
2005-12-13,8.0,11.1,3.3,0.0,0.2758241758241758,0
2005-12-14,7.5,14.4,3.3,0.0,0.2758241758241758,0
2005-12-15,8.4,18.3,2.8,0.0,0.2758241758241758,0
2005-12-16,6.3,15.0,1.1,0.0,0.2758241758241758,0
2005-12-17,8.9,10.0,6.1,0.0,0.2758241758241758,0
2005-12-18,8.8,12.8,-5.6,0.0,0.2758241758241758,0
2005-12-19,11.3,14.4,8.3,0.0,0.2758241758241758,0
2005-12-20,11.3,15.6,9.4,0.0,0.2758241758241758,0
2005-12-21,10.6,10.6,10.6,0.0,0.2758241758241758,0
2005-12-23,12.8,17.2,7.8,0.0,0.2758241758241758,0
2005-12-24,16.9,22.2,12.2,0.0,0.2758241758241758,0
2005-12-25,13.6,14.4,12.8,0.0,0.2758241758241758,0
2005-12-26,13.4,15.0,11.1,0.8,0.2802197802197802,0
2005-12-28,14.7,15.6,13.9,0.0,0.2802197802197802,0
2005-12-29,12.9,16.1,10.0,0.0,0.2802197802197802,0
2005-12-31,13.7,14.4,12.2,22.4,0.4032967032967033,0
2006-02-06,14.2,23.3,8.3,0.0,0.4032967032967033,0
2006-02-07,16.0,23.3,8.3,0.0,0.4032967032967033,0
2006-02-08,17.8,23.3,11.1,0.0,0.4032967032967033,0
2006-02-09,16.1,27.2,10.0,0.0,0.4032967032967033,0
2006-02-10,12.6,22.2,6.1,0.0,0.4032967032967033,0
2006-02-11,11.3,21.1,5.6,0.0,0.4032967032967033,0
2006-02-12,14.5,20.6,7.2,0.0,0.4032967032967033,0
2006-02-13,14.2,21.1,5.6,0.0,0.4032967032967033,0
2006-02-14,11.3,19.4,5.0,0.0,0.4032967032967033,0
2006-02-15,5.8,11.1,-0.6,0.0,0.4032967032967033,0
2006-02-16,4.0,10.6,-1.7,0.0,0.4032967032967033,0
2006-02-17,3.8,9.4,0.0,4.8,0.4296703296703297,0
2006-02-18,3.0,6.7,-0.6,1.8,0.4395604395604395,0
2006-02-19,5.1,10.6,1.7,3.0,0.456043956043956,0
2006-02-20,4.9,12.2,-0.6,0.0,0.456043956043956,0
2006-02-21,5.8,15.6,0.0,0.0,0.456043956043956,0
2006-02-22,8.0,17.2,0.0,0.0,0.456043956043956,0
2006-02-23,10.1,17.8,3.3,0.0,0.456043956043956,0
2006-02-24,11.5,21.7,5.0,0.0,0.456043956043956,0
2006-02-25,9.7,17.8,4.4,0.0,0.456043956043956,0
2006-02-26,9.9,13.3,6.7,0.0,0.456043956043956,0
2006-02-27,12.0,13.9,8.9,34.8,0.6472527472527473,0
2006-02-28,9.1,13.3,5.0,15.7,0.7335164835164835,0
2006-03-01,8.7,13.9,4.4,0.0,0.7335164835164835,0
2006-03-02,8.4,13.3,5.6,0.0,0.7335164835164835,0
2006-03-03,5.8,11.1,2.2,6.6,0.7697802197802197,0
2006-03-04,7.0,12.2,1.7,0.0,0.7697802197802197,0
2006-03-05,8.9,11.1,7.2,0.0,0.7697802197802197,0
2006-03-06,9.0,13.3,6.1,4.1,0.7923076923076923,0
2006-03-07,8.1,12.2,3.3,0.0,0.7923076923076923,0
2006-03-08,7.7,13.3,2.2,0.0,0.7923076923076923,0
2006-03-09,7.5,11.1,3.9,0.0,0.7923076923076923,0
2006-03-10,4.7,7.2,2.2,3.6,0.812087912087912,0
2006-03-11,5.0,10.0,1.1,0.0,0.812087912087912,0
2006-03-12,4.9,8.3,2.2,0.0,0.812087912087912,0
2006-03-13,6.8,11.7,1.7,0.0,0.812087912087912,0
2006-03-14,8.0,12.2,4.4,0.0,0.812087912087912,0
2006-03-15,7.4,13.3,3.9,0.0,0.812087912087912,0
2006-03-16,8.7,13.3,5.0,0.0,0.812087912087912,0
2006-03-17,8.7,11.7,6.7,2.3,0.8247252747252747,0
2006-03-18,7.9,13.3,3.3,3.3,0.8428571428571429,0
2006-03-19,9.3,14.4,5.0,0.0,0.8428571428571429,0
2006-03-20,6.2,8.3,4.4,9.1,0.8928571428571429,0
2006-03-21,7.5,11.7,4.4,0.0,0.8928571428571429,0
2006-03-22,8.7,15.6,3.3,0.0,0.8928571428571429,0
2006-03-23,10.3,19.4,5.0,0.0,0.8928571428571429,0
2006-03-24,12.8,16.7,7.8,0.0,0.8928571428571429,0
2006-03-25,10.1,12.2,6.1,0.3,0.8945054945054944,0
2006-03-26,8.8,15.6,2.8,0.0,0.8945054945054944,0
2006-03-27,8.4,13.9,3.9,0.5,0.8972527472527472,0
2006-03-28,8.4,12.2,6.1,41.1,1.123076923076923,0
2006-03-29,8.5,13.3,6.1,1.0,1.1285714285714286,0
2006-03-30,8.8,12.8,6.1,0.0,1.1285714285714286,0
2006-03-31,8.2,12.8,5.6,1.0,1.134065934065934,0
2006-04-01,8.4,13.9,3.9,5.3,1.163186813186813,0
2006-04-02,9.7,13.9,6.1,0.0,1.163186813186813,0
2006-04-03,10.3,11.7,8.9,0.3,1.164835164835165,0
2006-04-04,8.7,10.0,6.7,36.6,1.365934065934066,0
2006-04-05,8.4,12.2,5.0,6.4,1.401098901098901,0
2006-04-06,8.8,15.6,3.9,0.0,1.401098901098901,0
2006-04-07,8.6,14.4,4.4,0.0,1.401098901098901,0
2006-04-08,9.9,16.1,5.6,0.0,1.401098901098901,0
2006-04-09,9.8,14.4,5.0,0.0,1.401098901098901,0
2006-04-10,10.3,14.4,8.3,0.0,1.401098901098901,0
2006-04-11,9.6,11.1,7.2,0.0,1.401098901098901,0
2006-04-12,10.8,13.3,9.4,0.0,1.401098901098901,0
2006-04-13,14.4,20.0,8.9,0.0,1.401098901098901,0
2006-04-14,10.7,13.3,9.4,5.3,1.4302197802197802,0
2006-04-15,9.7,11.1,8.3,0.0,1.4302197802197802,0
2006-04-16,8.8,12.2,5.0,0.0,1.4302197802197802,0
2006-04-17,7.9,13.9,2.8,0.0,1.4302197802197802,0
2006-04-18,9.9,17.2,3.9,0.0,1.4302197802197802,0
2006-04-19,11.5,19.4,3.3,0.0,1.4302197802197802,0
2006-04-20,10.6,16.7,6.1,0.0,1.4302197802197802,0
2006-04-21,10.6,16.7,8.3,0.0,1.4302197802197802,0
2006-04-22,10.3,13.9,6.1,0.5,1.432967032967033,0
2006-04-23,9.9,13.3,5.6,0.3,1.4346153846153848,0
2006-04-24,10.2,12.8,8.3,0.0,1.4346153846153848,0
2006-04-25,9.7,12.2,7.8,0.0,1.4346153846153848,0
2006-04-26,10.7,15.0,8.3,0.0,1.4346153846153848,0
2006-04-27,13.2,21.1,8.3,0.0,1.4346153846153848,0
2006-04-28,12.6,17.8,10.0,0.0,1.4346153846153848,0
2006-04-29,10.2,12.2,8.9,0.0,1.393956043956044,0
2006-04-30,13.8,23.3,7.8,0.0,1.393956043956044,0
2006-05-01,12.3,21.1,5.6,0.0,1.393956043956044,0
2006-05-02,12.8,21.1,5.0,0.0,1.393956043956044,0
2006-05-03,10.3,13.9,8.3,0.0,1.393956043956044,0
2006-05-04,12.3,17.8,9.4,0.0,1.393956043956044,0
2006-05-05,10.1,12.8,8.3,0.0,1.393956043956044,0
2006-05-06,9.8,12.8,8.3,0.0,1.393956043956044,0
2006-05-07,12.1,20.0,7.2,0.0,1.393956043956044,0
2006-05-08,10.9,17.2,5.0,0.0,1.393956043956044,0
2006-05-09,12.1,22.2,4.4,0.0,1.393956043956044,0
2006-05-10,16.8,29.4,6.1,0.0,1.393956043956044,0
2006-05-11,14.2,22.8,7.8,0.0,1.393956043956044,0
2006-05-12,12.1,20.0,6.1,0.0,1.393956043956044,0
2006-05-13,11.6,19.4,4.4,0.0,1.393956043956044,0
2006-05-14,20.4,32.2,6.7,0.0,1.393956043956044,0
2006-05-15,18.8,27.8,10.0,0.0,1.393956043956044,0
2006-05-16,14.6,22.2,7.8,0.0,1.393956043956044,0
2006-05-17,13.0,20.6,6.7,0.0,1.393956043956044,0
2006-05-18,13.4,24.4,8.3,0.0,1.393956043956044,0
2006-05-19,12.1,17.8,8.9,0.0,1.393956043956044,0
2006-05-20,14.1,19.4,9.4,0.0,1.393956043956044,0
2006-05-21,12.7,15.6,10.0,4.6,1.4192307692307693,0
2006-05-22,13.2,17.2,8.3,17.0,1.5126373626373626,0
2006-05-23,14.8,20.6,8.9,0.0,1.5126373626373626,0
2006-05-24,14.8,21.7,8.3,0.0,1.5071428571428571,0
2006-05-25,11.9,17.2,5.6,0.0,1.4961538461538462,0
2006-05-26,11.9,15.6,8.9,0.0,1.3609890109890108,0
2006-05-27,11.2,15.0,8.3,0.0,1.324725274725275,0
2006-05-28,12.4,18.3,8.3,0.0,1.324725274725275,0
2006-05-29,12.4,18.3,8.3,0.0,1.324725274725275,0
2006-05-30,12.6,18.9,7.2,0.0,1.324725274725275,0
2006-05-31,14.5,22.2,7.2,0.0,1.324725274725275,0
2006-06-01,16.5,24.4,9.4,0.0,1.324725274725275,0
2006-06-02,17.2,24.4,11.1,0.0,1.324725274725275,0
2006-06-03,17.2,25.6,11.1,0.0,1.324725274725275,0
2006-06-04,16.0,22.2,11.1,0.0,1.324725274725275,0
2006-06-05,12.9,17.2,11.1,0.0,1.324725274725275,0
2006-06-06,14.1,21.1,9.4,0.0,1.324725274725275,0
2006-06-07,13.9,19.4,10.6,0.0,1.324725274725275,0
2006-06-08,12.2,16.7,10.0,0.0,1.324725274725275,0
2006-06-09,12.7,19.4,8.9,0.0,1.324725274725275,0
2006-06-10,11.6,15.6,9.4,0.0,1.324725274725275,0
2006-06-11,12.9,18.3,10.0,0.0,1.324725274725275,0
2006-06-12,12.7,17.2,7.8,0.0,1.324725274725275,0
2006-06-13,12.1,17.2,7.2,0.0,1.324725274725275,0
2006-06-14,13.5,20.0,6.7,0.0,1.324725274725275,0
2006-06-15,14.9,22.8,9.4,0.0,1.324725274725275,0
2006-06-16,19.3,31.7,8.9,0.0,1.324725274725275,0
2006-06-17,15.6,25.0,7.8,0.0,1.324725274725275,0
2006-06-18,13.3,20.0,6.7,0.0,1.303846153846154,0
2006-06-19,13.7,21.1,8.3,0.0,1.293956043956044,0
2006-06-20,16.5,26.1,7.8,0.0,1.293956043956044,0
2006-06-21,23.3,34.4,9.4,0.0,1.293956043956044,0
2006-06-22,23.1,32.8,11.7,0.0,1.293956043956044,0
2006-06-23,18.4,28.3,10.0,0.0,1.293956043956044,0
2006-06-24,17.8,26.7,9.4,0.0,1.293956043956044,0
2006-06-25,17.8,27.2,11.1,0.0,1.293956043956044,0
2006-06-26,18.2,29.4,10.6,0.0,1.293956043956044,0
2006-06-27,17.1,23.9,12.2,0.0,1.293956043956044,0
2006-06-28,17.6,25.0,12.8,0.0,1.293956043956044,0
2006-06-29,17.1,25.0,11.7,0.0,1.293956043956044,0
2006-06-30,15.2,21.1,11.1,0.0,1.293956043956044,0
2006-07-01,15.1,24.4,10.0,0.0,1.293956043956044,0
2006-07-02,13.6,20.6,9.4,0.0,1.293956043956044,0
2006-07-03,13.0,19.4,9.4,0.0,1.293956043956044,0
2006-07-04,13.2,19.4,9.4,0.0,1.293956043956044,0
2006-07-05,12.4,16.1,10.6,0.0,1.293956043956044,0
2006-07-06,13.1,19.4,6.7,0.0,1.293956043956044,0
2006-07-07,16.8,29.4,5.6,0.0,1.293956043956044,0
2006-07-08,19.8,31.7,9.4,0.0,1.293956043956044,0
2006-07-09,15.7,25.0,10.0,0.0,1.293956043956044,0
2006-07-10,14.6,22.2,8.9,0.0,1.293956043956044,0
2006-07-11,13.8,19.4,10.6,0.0,1.282967032967033,0
2006-07-12,16.4,23.3,11.7,0.0,1.282967032967033,0
2006-07-13,18.5,28.9,10.0,0.0,1.282967032967033,0
2006-07-14,14.4,23.9,8.3,0.0,1.282967032967033,0
2006-07-15,16.5,27.2,7.8,0.0,1.282967032967033,0
2006-07-16,19.2,28.9,8.9,0.0,1.282967032967033,0
2006-07-17,23.1,33.9,11.7,0.0,1.282967032967033,0
2006-07-18,23.3,33.9,14.4,0.0,1.2774725274725274,0
2006-07-19,21.8,28.9,15.6,0.0,1.2774725274725274,0
2006-07-20,22.8,31.7,15.0,0.0,1.2774725274725274,0
2006-07-21,24.7,33.3,16.7,0.0,1.2774725274725274,0
2006-07-22,29.1,40.0,20.0,0.0,1.2774725274725274,0
2006-07-23,29.3,39.4,20.6,0.0,1.2774725274725274,0
2006-07-24,27.0,36.1,18.3,0.0,1.2774725274725274,0
2006-07-25,23.8,34.4,12.8,0.0,1.2774725274725274,0
2006-07-26,17.5,26.1,11.1,0.0,1.2774725274725274,0
2006-07-27,16.5,25.6,11.1,0.0,1.2774725274725274,1
2006-07-28,16.2,22.8,11.7,0.0,1.2774725274725274,0
2006-07-29,17.6,24.4,12.2,0.0,1.2774725274725274,0
2006-07-30,17.3,25.0,10.6,0.0,1.2774725274725274,0
2006-07-31,13.8,19.4,8.3,0.0,1.2774725274725274,0
2006-08-01,15.3,21.7,10.6,0.0,1.2774725274725274,0
2006-08-02,14.2,21.7,8.3,0.0,1.2774725274725274,0
2006-08-03,14.9,23.9,9.4,0.0,1.273076923076923,0
2006-08-04,16.6,23.3,11.1,0.0,1.273076923076923,0
2006-08-05,16.1,23.9,10.6,0.0,1.273076923076923,0
2006-08-06,15.2,22.2,9.4,0.0,1.15,0
2006-08-07,15.4,21.7,12.2,0.0,1.15,0
2006-08-08,17.3,25.6,12.2,0.0,1.15,0
2006-08-09,23.7,33.3,16.1,0.0,1.15,0
2006-08-10,18.1,27.2,10.6,0.0,1.15,0
2006-08-11,14.3,22.2,7.8,0.0,1.15,0
2006-08-12,15.2,23.3,10.6,0.0,1.15,0
2006-08-13,15.4,22.8,10.6,0.0,1.15,0
2006-08-14,15.8,22.8,11.7,0.0,1.15,0
2006-08-15,15.2,21.7,11.7,0.0,1.15,0
2006-08-16,13.7,20.6,7.8,0.0,1.15,0
2006-08-17,13.8,23.3,4.4,0.0,1.15,0
2006-08-18,14.2,23.9,7.2,0.0,1.1236263736263736,0
2006-08-19,14.4,22.2,8.3,0.0,1.1137362637362638,0
2006-08-20,13.9,22.2,10.0,0.0,1.0972527472527471,0
2006-08-21,13.7,20.6,8.3,0.0,1.0972527472527471,0
2006-08-22,14.7,25.0,6.7,0.0,1.0972527472527471,0
2006-08-23,14.5,25.6,7.8,0.0,1.0972527472527471,0
2006-08-24,13.1,22.2,5.6,0.0,1.0972527472527471,0
2006-08-25,13.9,21.1,10.6,0.0,1.0972527472527471,0
2006-08-26,15.2,22.2,11.1,0.0,1.0972527472527471,1
2006-08-27,15.1,25.0,10.0,0.0,1.0972527472527471,1
2006-08-28,14.8,24.4,9.4,0.0,0.906043956043956,0
2006-08-29,12.8,19.4,8.3,0.0,0.8197802197802198,0
2006-08-30,15.3,26.7,5.6,0.0,0.8197802197802198,0
2006-08-31,16.6,26.1,8.9,0.0,0.8197802197802198,0
2006-09-01,14.3,23.3,7.2,0.0,0.7835164835164836,0
2006-09-02,13.6,22.2,8.3,0.0,0.7835164835164836,0
2006-09-03,13.1,21.1,8.9,0.0,0.7835164835164836,0
2006-09-04,13.4,21.1,8.3,0.0,0.760989010989011,0
2006-09-05,14.7,27.2,7.2,0.0,0.760989010989011,0
2006-09-06,15.4,26.7,6.7,0.0,0.760989010989011,0
2006-09-07,15.5,24.4,10.0,0.0,0.760989010989011,0
2006-09-08,11.8,15.0,10.6,0.0,0.7412087912087914,0
2006-09-09,12.7,18.3,10.6,0.0,0.7412087912087914,0
2006-09-10,14.3,22.8,7.8,0.0,0.7412087912087914,0
2006-09-11,19.3,30.6,9.4,0.0,0.7412087912087914,0
2006-09-12,22.7,34.4,15.0,0.0,0.7412087912087914,0
2006-09-13,17.1,26.1,11.1,0.0,0.7412087912087914,0
2006-09-14,12.9,17.8,9.4,0.0,0.7412087912087914,0
2006-09-15,12.8,17.2,8.9,0.0,0.7285714285714286,0
2006-09-16,13.9,22.2,6.1,0.0,0.7104395604395605,0
2006-09-17,18.2,28.3,10.0,0.0,0.7104395604395605,0
2006-09-18,17.3,28.3,10.6,0.0,0.6604395604395604,0
2006-09-19,13.1,21.7,7.2,0.0,0.6604395604395604,0
2006-09-20,17.8,26.7,7.2,0.0,0.6604395604395604,0
2006-09-21,16.3,22.8,10.6,0.0,0.6604395604395604,0
2006-09-22,16.8,25.0,10.0,0.0,0.6604395604395604,0
2006-09-23,15.4,23.3,9.4,0.0,0.6587912087912088,0
2006-09-24,15.8,25.6,9.4,0.0,0.6587912087912088,0
2006-09-25,18.6,32.2,9.4,0.0,0.656043956043956,0
2006-09-26,13.4,22.8,6.7,0.0,0.4302197802197803,0
2006-09-27,13.6,22.2,9.4,0.0,0.4247252747252747,0
2006-09-28,13.1,20.0,9.4,0.0,0.4247252747252747,0
2006-09-29,12.1,18.9,8.3,0.0,0.4192307692307693,0
2006-09-30,12.3,18.3,8.3,0.0,0.3901098901098901,0
2006-10-01,12.3,15.6,9.4,0.0,0.3901098901098901,0
2006-10-02,12.8,19.4,7.8,0.3,0.3901098901098901,0
2006-10-03,11.9,20.0,5.0,0.0,0.189010989010989,0
2006-10-04,11.8,16.7,7.2,0.0,0.1538461538461538,0
2006-10-05,11.4,15.0,7.8,0.0,0.1538461538461538,0
2006-10-06,10.7,12.8,7.2,0.0,0.1538461538461538,0
2006-10-07,13.3,21.7,9.4,0.0,0.1538461538461538,0
2006-10-08,15.9,25.6,8.9,0.0,0.1538461538461538,0
2006-10-09,16.2,25.6,11.1,0.0,0.1538461538461538,0
2006-10-10,13.9,21.1,9.4,0.0,0.1538461538461538,0
2006-10-11,13.4,21.7,7.8,0.0,0.1538461538461538,0
2006-10-12,13.2,21.7,7.8,0.0,0.1538461538461538,0
2006-10-13,12.9,18.9,8.3,8.4,0.1708791208791208,0
2006-10-14,11.9,16.7,10.6,0.0,0.1708791208791208,0
2006-10-15,10.7,11.7,10.0,0.0,0.1708791208791208,0
2006-10-16,11.9,16.1,7.2,0.0,0.1708791208791208,0
2006-10-17,12.1,20.0,5.6,0.0,0.1708791208791208,0
2006-10-18,15.1,23.9,8.3,0.0,0.1708791208791208,0
2006-10-19,15.9,25.0,8.3,0.0,0.1708791208791208,0
2006-10-20,18.6,26.7,11.7,0.0,0.1708791208791208,0
2006-10-21,19.9,28.9,12.2,0.0,0.1681318681318681,0
2006-10-22,17.1,27.2,11.1,0.0,0.1664835164835165,0
2006-10-23,17.8,30.0,11.1,0.0,0.1664835164835165,0
2006-10-24,11.9,21.7,5.6,0.0,0.1664835164835165,0
2006-10-25,17.9,22.2,13.9,0.0,0.1664835164835165,0
2006-10-26,16.6,23.9,10.6,0.0,0.1664835164835165,0
2006-10-27,17.6,27.8,10.0,0.0,0.1664835164835165,0
2006-10-28,17.1,28.3,10.0,0.0,0.1664835164835165,0
2006-10-29,10.6,18.3,5.0,0.0,0.1664835164835165,0
2006-10-30,9.6,14.4,7.2,0.0,0.1664835164835165,0
2006-10-31,8.8,15.6,3.9,0.0,0.1664835164835165,0
2006-11-01,11.8,20.0,4.4,0.0,0.1664835164835165,0
2006-11-02,14.6,16.1,12.2,0.0,0.1664835164835165,0
2006-11-03,14.8,19.4,11.1,0.0,0.1664835164835165,0
2006-11-04,12.9,20.6,8.3,0.0,0.1664835164835165,0
2006-11-05,14.3,21.7,8.3,0.0,0.1664835164835165,0
2006-11-06,17.9,24.4,13.3,0.0,0.1664835164835165,0
2006-11-07,16.0,22.8,10.6,0.0,0.1664835164835165,0
2006-11-08,12.3,15.6,7.2,0.0,0.1664835164835165,0
2006-11-09,9.2,16.7,4.4,0.0,0.1664835164835165,0
2006-11-10,9.3,18.3,3.9,0.0,0.1664835164835165,0
2006-11-11,9.6,12.8,6.7,0.0,0.1664835164835165,0
2006-11-12,10.8,16.7,6.1,0.0,0.1664835164835165,0
2006-11-13,10.8,14.4,6.7,0.0,0.1664835164835165,0
2006-11-14,10.8,15.6,6.1,0.0,0.1664835164835165,0
2006-11-15,10.9,20.6,5.6,0.0,0.1664835164835165,0
2006-11-16,12.1,17.8,5.6,0.0,0.1664835164835165,0
2006-11-17,12.8,19.4,8.3,0.0,0.1664835164835165,0
2006-11-18,13.8,23.3,7.2,0.0,0.1664835164835165,0
2006-11-19,13.1,21.7,9.4,0.0,0.1412087912087912,0
2006-11-20,13.7,20.6,9.4,0.0,0.0478021978021978,0
2006-11-21,11.9,17.8,6.7,0.0,0.0478021978021978,0
2006-11-22,10.2,16.1,5.6,0.0,0.0478021978021978,0
2006-11-23,8.7,13.3,3.9,0.0,0.0478021978021978,0
2006-11-24,7.1,13.3,0.6,0.0,0.0478021978021978,0
2006-11-25,8.2,14.4,2.8,0.0,0.0478021978021978,0
2006-11-26,7.5,10.0,4.4,0.0,0.0478021978021978,0
2006-11-27,6.8,11.1,1.7,4.1,0.0703296703296703,0
2006-11-28,4.9,11.7,0.6,0.0,0.0703296703296703,0
2006-11-29,6.3,10.6,1.7,0.0,0.0703296703296703,0
2006-11-30,7.8,15.6,1.1,0.0,0.0703296703296703,0
2006-12-01,10.3,15.6,5.0,0.0,0.0703296703296703,0
2006-12-02,12.0,16.7,8.3,0.0,0.0703296703296703,0
2006-12-03,12.7,22.2,6.7,0.0,0.0703296703296703,0
2006-12-04,12.7,18.3,7.2,0.0,0.0703296703296703,0
2006-12-05,13.6,22.2,7.8,0.0,0.0703296703296703,0
2006-12-06,12.3,22.2,7.2,0.0,0.0703296703296703,0
2006-12-07,13.6,23.9,6.7,0.0,0.0703296703296703,0
2006-12-08,13.1,17.2,11.1,0.0,0.0703296703296703,0
2006-12-09,11.0,14.4,9.4,5.8,0.1021978021978022,0
2006-12-10,8.8,13.3,5.0,5.1,0.1302197802197802,0
2006-12-11,9.3,12.8,4.4,0.0,0.1302197802197802,0
2006-12-12,11.2,12.8,10.0,0.0,0.1302197802197802,0
2006-12-13,12.8,15.0,10.0,0.0,0.1302197802197802,0
2006-12-14,12.0,15.0,8.3,0.0,0.1302197802197802,0
2006-12-15,8.9,11.7,4.4,0.0,0.1302197802197802,0
2006-12-16,5.3,8.3,2.2,3.8,0.1510989010989011,0
2006-12-17,4.6,10.0,0.6,0.0,0.1510989010989011,0
2006-12-18,3.6,11.1,-1.1,0.0,0.1510989010989011,0
2006-12-19,4.0,12.8,-1.7,0.0,0.1510989010989011,0
2006-12-20,4.9,12.8,-0.6,0.0,0.1510989010989011,0
2006-12-21,8.6,11.1,3.3,0.0,0.1510989010989011,0
2006-12-22,7.3,11.1,4.4,0.5,0.1538461538461538,0
2006-12-23,7.7,16.7,1.7,0.0,0.1538461538461538,0
2006-12-24,11.5,16.7,6.7,0.0,0.1538461538461538,0
2006-12-25,12.6,18.3,8.3,0.0,0.1538461538461538,0
2006-12-26,13.1,15.6,10.0,0.0,0.1538461538461538,0
2006-12-27,7.9,11.1,4.4,5.3,0.1829670329670329,0
2006-12-28,7.4,12.8,2.2,0.0,0.1829670329670329,0
2006-12-29,7.9,14.4,3.3,0.0,0.1829670329670329,0
2006-12-30,7.8,16.7,2.8,0.0,0.1829670329670329,0
2006-12-31,7.5,9.4,5.0,0.0,0.1829670329670329,0
2007-01-01,9.2,16.1,2.8,0.0,0.1829670329670329,0
2007-01-02,11.6,19.4,6.1,0.0,0.1829670329670329,0
2007-01-03,10.1,15.0,3.9,0.0,0.1829670329670329,0
2007-01-04,8.1,11.7,3.3,0.0,0.1829670329670329,0
2007-01-05,6.9,11.1,2.8,0.0,0.1829670329670329,0
2007-01-06,7.1,12.2,0.6,0.0,0.1829670329670329,0
2007-01-07,11.4,16.7,6.7,0.0,0.1829670329670329,0
2007-01-08,14.0,18.9,9.4,0.0,0.1829670329670329,0
2007-01-09,14.6,22.8,9.4,0.0,0.1829670329670329,0
2007-01-10,7.5,11.7,3.9,0.0,0.1829670329670329,0
2007-01-11,3.9,8.9,-1.7,0.0,0.1829670329670329,0
2007-01-12,2.9,6.1,0.0,0.0,0.1829670329670329,0
2007-01-13,2.2,7.8,-2.2,0.0,0.1829670329670329,0
2007-01-14,3.1,8.9,-2.2,0.0,0.1829670329670329,0
2007-01-15,4.6,10.0,-1.1,0.0,0.1829670329670329,0
2007-01-16,4.5,10.6,-1.1,0.0,0.1829670329670329,0
2007-01-17,4.6,12.2,-0.6,0.3,0.1846153846153846,0
2007-01-18,7.1,15.0,1.7,0.0,0.1846153846153846,0
2007-01-19,8.1,13.9,2.8,0.0,0.1846153846153846,0
2007-01-20,7.4,16.7,3.3,0.0,0.1846153846153846,0
2007-01-21,12.2,16.1,9.4,0.0,0.1846153846153846,0
2007-01-22,9.1,15.0,3.3,0.0,0.1846153846153846,0
2007-01-23,8.9,17.8,3.3,0.0,0.1846153846153846,0
2007-01-24,8.9,19.4,3.9,0.0,0.1846153846153846,0
2007-01-25,6.7,14.4,2.8,0.0,0.1846153846153846,0
2007-01-26,6.7,12.2,0.6,0.0,0.1846153846153846,0
2007-01-27,8.8,13.9,5.6,4.1,0.2071428571428571,0
2007-01-28,8.3,13.3,5.6,0.0,0.2071428571428571,0
2007-01-29,9.6,15.6,4.4,0.0,0.2071428571428571,0
2007-01-30,8.1,15.0,3.3,0.5,0.2098901098901099,0
2007-01-31,8.1,11.7,6.7,0.0,0.2098901098901099,0
2007-02-01,7.4,9.4,6.1,0.0,0.2098901098901099,0
2007-02-02,6.6,13.3,2.2,0.0,0.2098901098901099,0
2007-02-03,8.7,17.8,1.7,0.0,0.2098901098901099,0
2007-02-04,12.7,23.3,6.1,0.0,0.2098901098901099,0
2007-02-05,11.9,20.6,6.7,0.0,0.2098901098901099,0
2007-02-06,10.2,17.2,3.3,0.0,0.2098901098901099,0
2007-02-07,11.0,13.3,8.3,0.0,0.2098901098901099,0
2007-02-08,11.3,12.2,8.9,0.0,0.2098901098901099,0
2007-02-09,11.9,12.8,11.1,0.0,0.2098901098901099,0
2007-02-10,12.5,13.9,11.7,0.0,0.2098901098901099,0
2007-02-11,9.9,13.3,4.4,10.7,0.2686813186813186,0
2007-02-12,7.1,12.2,3.9,0.0,0.2686813186813186,0
2007-02-13,7.5,12.2,5.0,0.0,0.2686813186813186,0
2007-02-14,8.5,16.1,4.4,0.0,0.2686813186813186,0
2007-02-15,9.8,16.7,5.6,0.0,0.2686813186813186,0
2007-02-16,15.2,22.2,7.2,0.0,0.2686813186813186,0
2007-02-17,15.7,22.8,7.8,0.0,0.2686813186813186,0
2007-02-18,8.2,12.2,3.3,1.3,0.2758241758241758,0
2007-02-19,8.8,13.9,2.8,0.8,0.2802197802197802,0
2007-02-20,9.0,13.3,7.2,0.0,0.2802197802197802,0
2007-02-21,9.0,12.2,7.2,0.0,0.2802197802197802,0
2007-02-22,6.4,9.4,2.8,9.7,0.3335164835164835,0
2007-02-23,4.9,10.6,0.6,0.0,0.3335164835164835,0
2007-02-24,6.9,11.7,0.6,0.0,0.3335164835164835,0
2007-02-25,8.3,9.4,7.2,0.0,0.3335164835164835,0
2007-02-26,7.8,9.4,4.4,0.0,0.3335164835164835,0
2007-02-27,4.0,8.9,1.7,1.0,0.339010989010989,0
2007-02-28,4.0,9.4,0.6,0.0,0.339010989010989,0
2007-03-01,4.8,10.0,0.0,0.0,0.339010989010989,0
2007-03-02,8.1,13.9,1.7,0.0,0.339010989010989,0
2007-03-03,11.8,19.4,6.1,0.0,0.339010989010989,0
2007-03-04,13.3,21.1,7.2,0.0,0.339010989010989,0
2007-03-05,12.3,20.0,6.1,0.0,0.339010989010989,0
2007-03-06,10.8,19.4,5.0,0.0,0.339010989010989,0
2007-03-07,10.2,16.7,6.1,0.0,0.339010989010989,0
2007-03-08,8.1,15.0,2.8,0.0,0.339010989010989,0
2007-03-09,8.3,15.0,2.8,0.0,0.339010989010989,0
2007-03-10,12.3,21.1,6.1,0.0,0.339010989010989,0
2007-03-11,18.0,25.6,12.2,0.0,0.339010989010989,0
2007-03-12,18.4,25.6,12.2,0.0,0.339010989010989,0
2007-03-13,13.8,24.4,6.1,0.0,0.339010989010989,0
2007-03-14,9.4,18.3,3.9,0.0,0.339010989010989,0
2007-03-15,14.4,24.4,5.0,0.0,0.339010989010989,0
2007-03-16,16.4,24.4,9.4,0.0,0.339010989010989,0
2007-03-17,9.9,14.4,5.6,0.0,0.339010989010989,0
2007-03-18,11.3,17.2,7.2,0.0,0.339010989010989,0
2007-03-19,10.4,17.2,3.9,0.0,0.339010989010989,0
2007-03-20,9.2,11.1,7.2,0.8,0.3434065934065934,0
2007-03-21,9.9,17.2,5.6,0.5,0.3461538461538461,0
2007-03-22,13.4,20.6,6.1,0.0,0.3461538461538461,0
2007-03-23,11.3,20.6,3.3,0.0,0.3461538461538461,0
2007-03-24,9.8,15.6,5.6,0.0,0.3461538461538461,0
2007-03-25,11.3,16.1,8.3,0.0,0.3461538461538461,0
2007-03-26,9.2,15.0,6.1,0.0,0.3461538461538461,0
2007-03-27,6.4,10.0,1.7,0.0,0.3461538461538461,0
2007-03-28,8.7,16.7,1.7,0.0,0.3461538461538461,0
2007-03-29,11.9,20.0,3.9,0.0,0.3461538461538461,0
2007-03-30,11.8,20.6,3.9,0.0,0.3461538461538461,1
2007-03-31,9.6,18.3,3.9,0.0,0.3461538461538461,1
2007-04-01,8.4,15.6,3.9,0.0,0.3461538461538461,0
2007-04-02,9.2,19.4,2.8,0.0,0.3445054945054945,0
2007-04-03,10.1,19.4,2.2,0.0,0.3445054945054945,0
2007-04-04,11.6,18.9,6.1,0.0,0.3445054945054945,0
2007-04-05,10.8,18.3,7.2,0.0,0.3445054945054945,0
2007-04-06,10.6,16.7,6.7,0.0,0.3445054945054945,0
2007-04-07,10.8,15.0,7.8,0.0,0.3445054945054945,0
2007-04-08,10.9,17.2,5.6,0.0,0.3445054945054945,0
2007-04-09,9.8,15.0,3.3,0.0,0.3445054945054945,0
2007-04-10,11.0,19.4,3.3,0.0,0.3445054945054945,0
2007-04-11,9.2,12.8,6.7,0.0,0.3445054945054945,0
2007-04-12,8.5,13.9,2.8,0.0,0.3445054945054945,1
2007-04-13,9.1,17.2,2.2,0.0,0.2983516483516483,0
2007-04-14,8.6,10.0,5.6,0.0,0.2983516483516483,0
2007-04-15,8.9,16.7,2.2,5.1,0.3263736263736263,0
2007-04-16,12.8,21.1,4.4,0.0,0.3263736263736263,0
2007-04-17,8.9,12.8,6.7,0.0,0.3263736263736263,0
2007-04-18,7.4,12.2,3.3,0.0,0.3263736263736263,0
2007-04-19,7.3,11.1,3.3,0.0,0.3263736263736263,0
2007-04-20,8.6,15.0,4.4,12.7,0.3961538461538461,0
2007-04-21,8.6,13.3,3.9,0.0,0.3961538461538461,0
2007-04-22,10.6,15.6,8.3,1.0,0.4016483516483516,0
2007-04-23,11.3,18.3,6.1,0.0,0.4016483516483516,0
2007-04-24,10.6,17.2,6.1,0.0,0.4016483516483516,0
2007-04-25,9.3,13.3,6.7,0.0,0.4016483516483516,0
2007-04-26,10.7,17.8,5.0,0.0,0.4016483516483516,0
2007-04-27,17.1,27.2,5.6,0.0,0.4016483516483516,0
2007-04-28,16.8,26.1,7.8,0.0,0.4016483516483516,0
2007-04-29,11.6,20.6,6.7,0.0,0.4016483516483516,0
2007-04-30,12.0,21.7,4.4,0.0,0.4016483516483516,0
2007-05-01,11.2,19.4,2.2,0.0,0.4016483516483516,0
2007-05-02,11.4,15.6,6.7,0.0,0.4016483516483516,0
2007-05-03,9.5,14.4,4.4,0.0,0.4016483516483516,0
2007-05-04,9.9,14.4,4.4,0.0,0.4016483516483516,0
2007-05-05,11.2,18.9,3.3,0.0,0.4016483516483516,0
2007-05-06,19.4,27.2,12.2,0.0,0.4016483516483516,0
2007-05-07,20.8,29.4,12.8,0.0,0.4016483516483516,0
2007-05-08,19.4,28.3,11.1,0.0,0.4016483516483516,1
2007-05-09,13.9,23.3,8.9,0.0,0.4016483516483516,0
2007-05-10,11.0,17.2,6.7,0.0,0.4016483516483516,0
2007-05-11,9.7,16.7,5.6,0.0,0.4016483516483516,0
2007-05-12,10.6,15.0,7.8,0.0,0.4016483516483516,0
2007-05-13,11.4,20.0,4.4,0.0,0.4016483516483516,0
2007-05-14,10.6,19.4,4.4,0.0,0.4016483516483516,0
2007-05-15,8.9,12.2,7.8,0.0,0.4016483516483516,0
2007-05-16,10.8,16.7,7.2,0.0,0.4016483516483516,0
2007-05-17,11.1,18.3,5.0,0.0,0.4016483516483516,0
2007-05-18,11.7,18.9,5.0,0.0,0.4016483516483516,0
2007-05-19,10.1,15.0,3.9,0.0,0.4016483516483516,0
2007-05-20,11.5,17.2,3.9,0.0,0.4016483516483516,0
2007-05-21,12.3,20.6,5.0,0.0,0.4016483516483516,0
2007-05-22,13.7,22.8,4.4,0.0,0.4016483516483516,0
2007-05-23,18.5,26.1,8.3,0.0,0.4016483516483516,0
2007-05-24,14.4,23.9,6.7,0.0,0.4016483516483516,0
2007-05-25,11.7,21.1,5.0,0.0,0.4016483516483516,0
2007-05-26,11.2,18.9,7.2,0.0,0.4016483516483516,0
2007-05-27,11.2,17.8,8.3,0.0,0.4016483516483516,0
2007-05-28,13.0,21.1,8.3,0.0,0.3791208791208791,0
2007-05-29,11.9,17.8,8.3,0.0,0.3791208791208791,0
2007-05-30,10.7,13.9,8.3,0.0,0.3791208791208791,0
2007-05-31,11.7,17.2,8.9,0.0,0.3791208791208791,0
2007-06-01,11.1,19.4,8.3,0.0,0.3791208791208791,0
2007-06-02,10.7,16.7,7.8,0.0,0.3791208791208791,0
2007-06-03,14.1,22.8,6.1,0.0,0.3791208791208791,0
2007-06-04,15.7,22.8,10.0,0.0,0.3791208791208791,0
2007-06-05,12.6,16.7,10.0,0.0,0.3791208791208791,0
2007-06-06,11.8,16.7,7.8,0.0,0.3791208791208791,0
2007-06-07,12.0,21.7,4.4,0.0,0.3791208791208791,0
2007-06-08,12.3,19.4,6.1,0.0,0.3791208791208791,0
2007-06-09,13.5,21.7,4.4,0.0,0.3472527472527472,0
2007-06-10,13.6,20.0,8.3,0.0,0.3192307692307692,0
2007-06-11,12.1,19.4,5.0,0.0,0.3192307692307692,0
2007-06-12,14.7,26.1,4.4,0.0,0.3192307692307692,0
2007-06-13,20.2,32.8,10.0,0.0,0.3192307692307692,0
2007-06-14,22.7,34.4,11.7,0.0,0.3192307692307692,0
2007-06-15,17.9,27.8,10.0,0.0,0.3192307692307692,0
2007-06-16,11.4,16.7,8.3,0.0,0.2983516483516483,0
2007-06-17,14.6,24.4,7.2,0.0,0.2983516483516483,0
2007-06-18,15.4,26.7,6.7,0.0,0.2983516483516483,0
2007-06-19,14.6,23.9,7.2,0.0,0.2983516483516483,0
2007-06-20,13.8,21.1,9.4,0.0,0.2983516483516483,0
2007-06-21,14.2,22.8,7.2,0.0,0.2983516483516483,0
2007-06-22,13.8,22.8,6.1,0.0,0.2956043956043956,0
2007-06-23,12.2,20.6,5.0,0.0,0.2956043956043956,0
2007-06-24,11.2,18.3,4.4,0.0,0.2956043956043956,0
2007-06-25,14.8,28.3,4.4,0.0,0.2956043956043956,0
2007-06-26,11.8,19.4,5.0,0.0,0.2956043956043956,0
2007-06-27,14.1,21.7,8.3,0.0,0.2664835164835165,0
2007-06-28,14.9,22.2,7.8,0.0,0.2664835164835165,0
2007-06-29,15.6,23.3,8.3,0.0,0.2664835164835165,0
2007-06-30,12.9,20.0,7.2,0.0,0.2664835164835165,0
2007-07-01,13.3,21.1,6.7,0.0,0.2664835164835165,0
2007-07-02,16.6,25.0,7.2,0.0,0.2664835164835165,0
2007-07-03,14.8,21.7,9.4,0.0,0.2664835164835165,0
2007-07-04,18.6,31.1,8.3,0.0,0.2664835164835165,0
2007-07-05,17.9,28.3,9.4,0.0,0.2664835164835165,0
2007-07-06,16.2,26.7,8.9,0.0,0.2664835164835165,0
2007-07-07,11.6,15.0,10.0,0.0,0.2664835164835165,0
2007-07-08,14.4,23.3,8.9,0.0,0.2664835164835165,0
2007-07-09,15.9,25.6,7.2,0.0,0.2664835164835165,0
2007-07-10,15.9,24.4,8.9,0.0,0.2664835164835165,0
2007-07-11,15.3,20.6,10.0,0.0,0.2664835164835165,0
2007-07-12,15.2,22.2,8.9,0.0,0.2664835164835165,0
2007-07-13,16.9,25.6,9.4,0.0,0.2664835164835165,0
2007-07-14,16.2,24.4,10.0,0.0,0.2664835164835165,0
2007-07-15,17.1,26.1,10.6,0.0,0.2664835164835165,0
2007-07-16,15.9,22.8,11.1,0.0,0.2664835164835165,0
2007-07-17,17.7,23.3,12.8,0.0,0.2664835164835165,0
2007-07-18,17.1,22.2,13.3,0.0,0.2648351648351648,0
2007-07-19,15.6,22.2,9.4,0.0,0.2648351648351648,0
2007-07-20,16.6,24.4,10.0,0.0,0.2648351648351648,0
2007-07-21,17.8,24.4,12.2,0.0,0.2648351648351648,0
2007-07-22,17.9,25.6,12.8,0.0,0.2648351648351648,0
2007-07-23,18.1,25.0,13.9,0.0,0.2648351648351648,0
2007-07-24,15.3,22.8,12.2,0.0,0.2648351648351648,0
2007-07-25,14.0,21.7,11.7,0.0,0.2648351648351648,0
2007-07-26,13.7,21.7,10.6,0.0,0.2648351648351648,0
2007-07-27,15.3,24.4,9.4,0.0,0.2648351648351648,0
2007-07-28,14.8,24.4,7.8,0.0,0.2423076923076922,0
2007-07-29,15.6,23.9,11.7,0.0,0.2423076923076922,0
2007-07-30,15.6,25.0,9.4,0.0,0.2423076923076922,0
2007-07-31,14.0,22.8,7.2,0.0,0.2395604395604395,0
2007-08-01,15.6,25.0,9.4,0.0,0.2395604395604395,0
2007-08-02,15.7,25.0,8.9,0.0,0.2395604395604395,0
2007-08-03,17.0,27.2,7.2,0.0,0.2395604395604395,0
2007-08-04,17.2,27.2,10.0,0.0,0.2395604395604395,0
2007-08-05,12.3,16.1,9.4,0.0,0.2395604395604395,0
2007-08-06,13.6,18.3,10.6,0.0,0.2395604395604395,0
2007-08-07,14.6,19.4,11.7,0.0,0.2395604395604395,0
2007-08-08,14.2,20.6,11.1,0.0,0.2395604395604395,0
2007-08-09,15.1,24.4,8.9,0.0,0.2395604395604395,0
2007-08-10,14.6,23.9,6.7,0.0,0.2395604395604395,0
2007-08-11,14.0,20.0,10.0,0.0,0.2395604395604395,0
2007-08-12,14.5,22.2,7.8,0.0,0.1807692307692307,0
2007-08-13,14.5,24.4,6.1,0.0,0.1807692307692307,0
2007-08-14,14.3,24.4,5.6,0.0,0.1807692307692307,1
2007-08-15,15.8,23.3,8.3,0.0,0.1807692307692307,0
2007-08-16,15.7,21.7,8.9,0.0,0.1807692307692307,0
2007-08-17,14.7,23.3,7.8,0.0,0.1807692307692307,0
2007-08-18,14.8,22.8,7.2,0.0,0.1807692307692307,0
2007-08-19,16.5,25.6,7.8,0.0,0.1736263736263736,0
2007-08-20,18.2,26.1,12.2,0.0,0.1692307692307692,0
2007-08-21,17.9,28.3,9.4,0.0,0.1692307692307692,0
2007-08-22,17.1,27.2,11.7,0.0,0.1692307692307692,0
2007-08-23,16.6,26.1,10.6,0.0,0.1159340659340659,0
2007-08-24,16.6,26.1,10.6,0.0,0.1159340659340659,0
2007-08-25,15.8,23.9,10.0,0.0,0.1159340659340659,0
2007-08-26,16.0,23.9,10.0,0.0,0.1159340659340659,0
2007-08-27,16.1,25.6,7.8,0.0,0.1159340659340659,0
2007-08-28,22.1,31.7,11.1,0.0,0.1104395604395604,0
2007-08-29,23.3,32.2,15.6,0.0,0.1104395604395604,0
2007-08-30,23.7,32.8,16.7,0.0,0.1104395604395604,0
2007-08-31,21.6,31.1,13.9,0.0,0.1104395604395604,0
2007-09-01,21.2,31.7,13.9,0.0,0.1104395604395604,0
2007-09-02,20.2,32.2,11.7,0.0,0.1104395604395604,0
2007-09-03,16.6,25.6,10.0,0.0,0.1104395604395604,0
2007-09-04,16.8,22.8,12.2,0.0,0.1104395604395604,0
2007-09-05,20.9,32.2,10.0,0.0,0.1104395604395604,0
2007-09-06,19.1,27.2,13.9,0.0,0.1104395604395604,0
2007-09-07,16.3,24.4,10.6,0.0,0.1104395604395604,0
2007-09-08,14.9,22.2,10.0,0.0,0.1104395604395604,0
2007-09-09,14.4,23.3,10.0,0.0,0.1104395604395604,0
2007-09-10,15.3,22.8,9.4,0.0,0.1104395604395604,0
2007-09-11,14.7,20.6,10.0,0.0,0.1104395604395604,0
2007-09-12,14.9,21.7,12.2,0.0,0.1104395604395604,0
2007-09-13,16.1,23.9,9.4,0.0,0.1104395604395604,0
2007-09-14,16.2,23.3,10.0,0.0,0.1104395604395604,0
2007-09-15,15.1,21.7,8.9,0.0,0.1104395604395604,0
2007-09-16,15.0,20.6,12.2,0.0,0.1104395604395604,0
2007-09-17,14.6,19.4,11.1,0.0,0.1104395604395604,0
2007-09-18,13.8,21.1,10.0,0.0,0.106043956043956,0
2007-09-19,11.9,15.0,9.4,0.0,0.1032967032967033,0
2007-09-20,11.4,18.3,5.6,0.0,0.1032967032967033,0
2007-09-21,14.6,23.3,8.9,3.0,0.1197802197802197,0
2007-09-22,12.3,17.2,9.4,10.2,0.1758241758241758,0
2007-09-23,13.7,18.9,8.3,0.0,0.1758241758241758,0
2007-09-24,16.0,24.4,8.9,0.0,0.1758241758241758,0
2007-09-25,18.3,28.3,10.6,0.0,0.1758241758241758,0
2007-09-26,20.6,31.1,12.2,0.0,0.1758241758241758,0
2007-09-27,16.3,25.6,10.6,0.0,0.1758241758241758,0
2007-09-28,12.6,16.1,7.8,0.0,0.1758241758241758,0
2007-09-29,12.2,21.1,6.1,0.0,0.1758241758241758,0
2007-09-30,13.4,23.3,6.7,0.0,0.1758241758241758,0
2007-10-01,13.8,19.4,9.4,0.0,0.1758241758241758,0
2007-10-02,15.2,27.2,7.8,0.0,0.1758241758241758,0
2007-10-03,12.9,21.7,5.6,0.0,0.1758241758241758,0
2007-10-04,12.1,17.2,7.2,0.0,0.1758241758241758,0
2007-10-05,9.6,15.0,3.9,0.0,0.1758241758241758,0
2007-10-06,11.9,20.6,3.3,0.0,0.1758241758241758,0
2007-10-07,13.7,22.8,6.7,0.0,0.1758241758241758,0
2007-10-08,14.9,26.7,6.1,0.0,0.1758241758241758,0
2007-10-09,11.7,16.7,4.4,0.0,0.1758241758241758,0
2007-10-10,12.3,18.3,6.1,0.0,0.1758241758241758,0
2007-10-11,11.4,18.9,6.1,0.0,0.1758241758241758,0
2007-10-12,11.1,13.3,8.3,10.2,0.2318681318681318,0
2007-10-13,13.3,21.1,8.3,14.0,0.3087912087912088,0
2007-10-14,12.3,18.9,8.3,0.0,0.2807692307692307,0
2007-10-15,11.6,16.7,7.2,0.0,0.2807692307692307,0
2007-10-16,11.7,13.9,9.4,0.0,0.2807692307692307,0
2007-10-17,10.8,17.2,6.7,0.0,0.2807692307692307,0
2007-10-18,13.1,21.7,6.1,0.0,0.2807692307692307,0
2007-10-19,15.1,18.9,10.0,0.0,0.2109890109890109,0
2007-10-20,10.9,17.2,6.1,0.0,0.2109890109890109,0
2007-10-21,15.4,21.7,10.0,0.0,0.2054945054945054,0
2007-10-22,18.8,28.3,12.8,0.0,0.2054945054945054,0
2007-10-23,21.2,33.3,13.3,0.0,0.2054945054945054,0
2007-10-24,19.4,32.2,11.7,0.0,0.2054945054945054,0
2007-10-25,11.6,17.2,7.2,0.0,0.2054945054945054,0
2007-10-26,9.8,17.2,6.1,0.0,0.2054945054945054,0
2007-10-27,11.9,20.0,6.7,0.0,0.2054945054945054,0
2007-10-28,14.3,24.4,7.8,0.0,0.2054945054945054,0
2007-10-29,11.1,13.9,9.4,0.0,0.2054945054945054,0
2007-10-30,11.9,17.2,8.9,0.0,0.2054945054945054,0
2007-10-31,10.7,19.4,5.6,0.0,0.2054945054945054,0
2007-11-01,12.3,21.7,6.7,0.0,0.2054945054945054,0
2007-11-02,18.0,23.3,9.4,0.0,0.2054945054945054,0
2007-11-03,20.3,25.6,13.3,0.0,0.2054945054945054,0
2007-11-04,17.0,28.3,9.4,0.0,0.2054945054945054,0
2007-11-05,10.4,16.7,5.6,0.0,0.2054945054945054,0
2007-11-06,9.2,15.6,6.1,0.0,0.2054945054945054,0
2007-11-07,9.0,16.7,3.9,0.0,0.2054945054945054,0
2007-11-08,10.2,13.9,7.8,0.0,0.2054945054945054,0
2007-11-09,11.1,17.2,7.2,0.0,0.2054945054945054,0
2007-11-10,11.8,16.1,6.1,0.0,0.2054945054945054,0
2007-11-11,11.6,16.7,7.2,0.0,0.2054945054945054,0
2007-11-12,12.9,22.8,6.1,0.0,0.2054945054945054,0
2007-11-13,15.3,22.2,8.9,0.0,0.2054945054945054,0
2007-11-14,17.3,24.4,10.6,0.0,0.2054945054945054,0
2007-11-15,13.1,21.1,9.4,0.0,0.2054945054945054,0
2007-11-16,10.8,17.2,7.2,0.0,0.2054945054945054,0
2007-11-17,11.3,18.3,7.2,0.0,0.2054945054945054,0
2007-11-18,12.9,20.0,6.7,0.0,0.2054945054945054,0
2007-11-19,9.9,16.7,5.0,0.0,0.2054945054945054,0
2007-11-20,10.3,15.6,5.6,0.0,0.2054945054945054,0
2007-11-21,10.1,17.2,3.3,0.0,0.2054945054945054,0
2007-11-22,10.2,16.7,4.4,0.0,0.2054945054945054,0
2007-11-23,12.7,18.3,5.6,0.0,0.2054945054945054,0
2007-11-24,11.0,20.0,4.4,0.0,0.2054945054945054,0
2007-11-25,9.8,17.2,5.6,0.0,0.2054945054945054,0
2007-11-26,11.2,20.0,5.0,0.0,0.2054945054945054,0
2007-11-27,10.5,15.6,5.6,0.0,0.2054945054945054,0
2007-11-28,12.3,16.7,7.8,0.0,0.2054945054945054,0
2007-11-29,9.6,17.8,3.3,0.0,0.2054945054945054,0
2007-11-30,5.1,12.8,1.1,14.2,0.2835164835164835,0
2007-12-01,6.3,11.1,2.8,0.0,0.2835164835164835,0
2007-12-02,9.4,13.3,5.6,0.0,0.2835164835164835,0
2007-12-03,12.8,16.7,8.9,0.0,0.2835164835164835,0
2007-12-04,14.6,17.8,12.8,0.0,0.2835164835164835,0
2007-12-05,12.4,20.0,6.1,0.0,0.2835164835164835,0
2007-12-06,9.3,11.7,6.7,0.5,0.2862637362637362,0
2007-12-07,7.2,9.4,2.8,9.9,0.3406593406593406,0
2007-12-08,5.1,10.0,1.7,0.0,0.3406593406593406,0
2007-12-09,6.9,13.3,1.1,0.0,0.3406593406593406,0
2007-12-10,7.3,13.3,1.7,0.0,0.3406593406593406,0
2007-12-11,7.4,12.8,2.2,0.0,0.3406593406593406,0
2007-12-12,6.7,15.6,1.1,0.0,0.3406593406593406,0
2007-12-13,5.7,12.8,0.6,0.0,0.3406593406593406,0
2007-12-14,7.2,13.9,2.8,0.0,0.3406593406593406,0
2007-12-15,6.9,13.9,1.7,0.0,0.3406593406593406,0
2007-12-16,7.1,11.7,2.2,0.0,0.3406593406593406,0
2007-12-17,8.9,11.7,7.2,0.3,0.3423076923076923,0
2007-12-18,8.5,11.7,3.9,22.6,0.4664835164835164,0
2007-12-19,7.7,12.2,2.8,8.9,0.5153846153846153,0
2007-12-20,7.5,11.7,1.1,1.8,0.5252747252747253,0
2007-12-21,3.8,9.4,0.6,0.0,0.5252747252747253,0
2007-12-22,6.5,14.4,1.1,0.0,0.5252747252747253,0
2007-12-23,10.4,16.1,3.9,0.0,0.5252747252747253,0
2007-12-24,8.5,13.9,2.2,0.0,0.5252747252747253,0
2007-12-25,7.9,13.9,4.4,0.0,0.5252747252747253,0
2007-12-26,5.9,10.6,1.7,0.0,0.5252747252747253,0
2007-12-27,5.4,7.8,3.3,0.0,0.5252747252747253,0
2007-12-28,5.7,8.3,3.3,0.0,0.5252747252747253,0
2007-12-29,8.6,10.6,6.1,0.0,0.5252747252747253,0
2007-12-30,7.8,10.0,4.4,0.0,0.5252747252747253,0
2007-12-31,8.9,12.2,5.0,0.0,0.5252747252747253,0
2008-01-01,11.6,22.2,5.0,0.0,0.5252747252747253,0
2008-01-02,11.1,17.8,5.0,0.0,0.5252747252747253,0
2008-01-03,10.1,12.2,8.9,0.0,0.5252747252747253,0
2008-01-04,10.2,12.8,7.8,37.3,0.7302197802197801,0
2008-01-05,6.9,9.4,5.0,2.0,0.7412087912087911,0
2008-01-06,5.8,8.9,3.9,16.0,0.829120879120879,0
2008-01-07,5.7,10.0,2.2,0.3,0.8307692307692307,0
2008-01-08,6.5,8.9,3.9,0.0,0.8307692307692307,0
2008-01-09,6.8,10.6,3.3,0.0,0.8307692307692307,0
2008-01-10,9.3,12.2,6.7,0.0,0.8307692307692307,0
2008-01-11,9.0,16.1,4.4,0.0,0.8307692307692307,0
2008-01-12,10.6,17.2,3.9,0.0,0.8307692307692307,0
2008-01-13,11.9,16.7,7.2,0.0,0.8307692307692307,0
2008-01-14,10.3,17.8,5.0,0.0,0.8307692307692307,0
2008-01-15,7.1,13.3,2.2,0.0,0.8307692307692307,0
2008-01-16,9.7,12.8,7.2,0.0,0.8307692307692307,0
2008-01-17,8.4,13.3,3.9,0.0,0.8307692307692307,0
2008-01-18,8.8,17.2,3.9,0.0,0.8307692307692307,0
2008-01-19,8.6,18.9,1.7,0.0,0.8307692307692307,0
2008-01-20,5.8,8.3,2.2,0.0,0.8307692307692307,0
2008-01-21,4.2,8.3,1.7,1.0,0.8362637362637362,0
2008-01-22,4.6,8.9,1.1,3.0,0.8527472527472527,0
2008-01-23,5.1,8.9,2.2,24.9,0.9895604395604396,0
2008-01-24,3.6,5.6,2.2,13.5,1.0637362637362635,0
2008-01-25,8.3,10.0,4.4,43.9,1.304945054945055,0
2008-01-26,10.9,14.4,8.3,19.1,1.4098901098901098,0
2008-01-27,8.8,11.1,3.9,35.1,1.6027472527472526,0
2008-01-28,4.3,8.3,0.0,6.4,1.6379120879120876,0
2008-01-29,3.6,7.2,-0.6,0.0,1.6379120879120876,0
2008-01-30,4.8,9.4,1.7,0.0,1.6379120879120876,0
2008-01-31,6.9,9.4,3.3,0.0,1.6379120879120876,0
2008-02-01,5.0,10.6,1.1,0.0,1.6379120879120876,0
2008-02-02,6.1,10.0,1.7,0.0,1.6379120879120876,0
2008-02-03,7.2,8.9,5.6,10.2,1.693956043956044,0
2008-02-04,6.2,11.7,1.7,0.0,1.693956043956044,0
2008-02-05,6.7,12.8,2.2,0.0,1.693956043956044,0
2008-02-06,7.0,12.2,2.2,0.0,1.693956043956044,0
2008-02-07,7.7,15.0,1.7,0.0,1.693956043956044,0
2008-02-08,10.6,16.1,3.9,0.0,1.693956043956044,0
2008-02-09,14.7,18.9,9.4,0.0,1.693956043956044,0
2008-02-10,12.1,22.8,7.2,0.0,1.693956043956044,0
2008-02-11,13.1,20.0,7.2,0.0,1.693956043956044,0
2008-02-12,11.8,22.2,5.6,0.0,1.693956043956044,0
2008-02-13,9.8,15.6,4.4,0.0,1.693956043956044,0
2008-02-14,9.6,13.3,7.2,0.0,1.693956043956044,0
2008-02-15,8.7,17.2,2.2,0.0,1.693956043956044,0
2008-02-16,7.2,17.8,0.6,0.0,1.693956043956044,0
2008-02-17,6.4,13.9,0.6,0.0,1.693956043956044,0
2008-02-18,7.8,13.3,5.6,0.0,1.693956043956044,0
2008-02-19,8.5,11.7,5.6,0.0,1.693956043956044,0
2008-02-20,8.7,13.3,5.6,3.6,1.7137362637362636,0
2008-02-21,8.4,11.1,6.7,9.7,1.7670329670329668,0
2008-02-22,7.6,11.1,3.9,4.8,1.7934065934065933,0
2008-02-23,6.7,9.4,2.2,1.8,1.8032967032967036,0
2008-02-24,9.8,10.6,8.3,11.7,1.8675824175824172,0
2008-02-25,8.8,12.8,5.6,0.0,1.8675824175824172,0
2008-02-26,11.6,18.3,5.6,0.0,1.8675824175824172,0
2008-02-27,11.2,18.9,5.6,0.0,1.8675824175824172,0
2008-02-28,10.6,21.1,4.4,0.0,1.8675824175824172,0
2008-02-29,9.1,18.9,3.9,0.0,1.8675824175824172,0
2008-03-01,8.3,13.3,2.8,0.0,1.8675824175824172,0
2008-03-02,10.2,16.7,5.6,0.0,1.8675824175824172,0
2008-03-03,12.2,20.6,4.4,0.0,1.8675824175824172,0
2008-03-04,9.4,19.4,2.2,0.0,1.8675824175824172,0
2008-03-05,10.2,18.3,3.3,0.0,1.8675824175824172,0
2008-03-06,9.4,18.3,3.9,0.0,1.8675824175824172,0
2008-03-07,11.1,19.4,5.0,0.0,1.8675824175824172,0
2008-03-08,8.2,17.2,3.3,0.0,1.8675824175824172,0
2008-03-09,11.9,21.7,3.9,0.0,1.8675824175824172,0
2008-03-10,12.3,21.1,7.2,0.0,1.8675824175824172,0
2008-03-11,9.7,17.8,5.6,0.0,1.8675824175824172,0
2008-03-12,10.0,15.0,5.0,0.0,1.8675824175824172,0
2008-03-13,10.7,13.3,8.3,0.0,1.8675824175824172,0
2008-03-14,8.7,11.7,6.1,0.0,1.8675824175824172,0
2008-03-15,6.7,11.7,3.3,0.3,1.8692307692307693,0
2008-03-16,8.0,15.6,1.7,0.0,1.8692307692307693,0
2008-03-17,10.2,15.6,5.6,0.0,1.8692307692307693,0
2008-03-18,9.1,17.2,3.3,0.0,1.8692307692307693,0
2008-03-19,9.2,15.0,6.1,0.0,1.8692307692307693,0
2008-03-20,7.5,13.3,0.6,0.0,1.8692307692307693,0
2008-03-21,8.4,17.2,2.2,0.0,1.8527472527472528,0
2008-03-22,10.3,21.1,3.3,0.0,1.7967032967032968,0
2008-03-23,8.6,18.3,1.7,0.0,1.7967032967032968,0
2008-03-24,9.3,17.8,1.7,0.0,1.7967032967032968,0
2008-03-25,9.9,17.8,4.4,0.0,1.7967032967032968,0
2008-03-26,7.9,15.0,1.7,0.0,1.7967032967032968,0
2008-03-27,5.9,12.8,1.1,0.0,1.7967032967032968,0
2008-03-28,8.2,16.7,1.1,0.0,1.7967032967032968,0
2008-03-29,7.7,12.2,3.3,0.0,1.7967032967032968,0
2008-03-30,7.0,10.6,4.4,0.0,1.7967032967032968,0
2008-03-31,7.2,13.9,0.6,0.0,1.7967032967032968,0
2008-04-01,7.9,16.1,2.8,0.0,1.7967032967032968,0
2008-04-02,9.3,15.6,3.3,1.0,1.8021978021978025,0
2008-04-03,9.8,17.2,3.3,0.0,1.8021978021978025,0
2008-04-04,8.2,15.0,1.7,0.0,1.8021978021978025,0
2008-04-05,8.3,12.2,6.1,0.0,1.8021978021978025,0
2008-04-06,8.9,13.3,5.6,0.0,1.8021978021978025,0
2008-04-07,7.9,13.9,1.7,0.0,1.8021978021978025,0
2008-04-08,7.5,10.6,6.1,0.0,1.8021978021978025,0
2008-04-09,9.3,13.9,6.7,0.0,1.8021978021978025,0
2008-04-10,11.1,20.6,5.0,0.0,1.8021978021978025,0
2008-04-11,16.7,27.2,7.2,0.0,1.7461538461538462,0
2008-04-12,19.6,28.3,10.6,0.0,1.6692307692307693,0
2008-04-13,17.2,27.2,7.2,0.0,1.6692307692307693,0
2008-04-14,8.9,13.3,5.6,0.0,1.6692307692307693,0
2008-04-15,7.5,14.4,1.7,0.0,1.6692307692307693,0
2008-04-16,10.6,19.4,1.1,0.0,1.6692307692307693,0
2008-04-17,13.8,24.4,6.1,0.0,1.6692307692307693,0
2008-04-18,8.8,16.1,5.0,0.0,1.6692307692307693,0
2008-04-19,7.1,11.7,4.4,0.0,1.6692307692307693,0
2008-04-20,6.1,11.7,0.6,0.0,1.6692307692307693,0
2008-04-21,6.1,12.8,0.0,0.0,1.6692307692307693,0
2008-04-22,8.7,14.4,0.6,0.0,1.6692307692307693,0
2008-04-23,9.2,15.0,2.8,0.0,1.6692307692307693,0
2008-04-24,7.9,18.9,-0.6,0.0,1.6692307692307693,0
2008-04-25,12.4,21.7,4.4,0.0,1.6692307692307693,0
2008-04-26,16.8,27.2,9.4,0.0,1.6692307692307693,0
2008-04-27,15.8,28.3,7.8,0.0,1.6692307692307693,0
2008-04-28,11.4,20.6,3.9,0.0,1.6692307692307693,0
2008-04-29,10.2,16.1,4.4,0.0,1.6692307692307693,0
2008-04-30,7.1,13.9,0.6,0.0,1.6692307692307693,0
2008-05-01,9.1,20.6,1.7,0.0,1.6692307692307693,0
2008-05-02,9.2,15.0,3.3,0.0,1.6692307692307693,0
2008-05-03,10.8,17.2,7.8,0.0,1.6692307692307693,0
2008-05-04,7.6,9.4,3.3,0.0,1.6692307692307693,0
2008-05-05,9.9,18.3,3.3,0.0,1.6692307692307693,0
2008-05-06,10.8,18.9,7.2,0.0,1.6692307692307693,0
2008-05-07,9.1,15.0,7.2,0.0,1.6692307692307693,0
2008-05-08,9.3,16.7,6.1,0.0,1.6692307692307693,0
2008-05-09,8.7,15.6,4.4,0.0,1.6692307692307693,0
2008-05-10,11.2,19.4,5.0,0.0,1.6692307692307693,0
2008-05-11,9.0,14.4,3.9,0.0,1.6692307692307693,0
2008-05-12,7.6,15.0,2.8,0.0,1.6692307692307693,0
2008-05-13,16.1,26.7,3.3,0.0,1.6692307692307693,0
2008-05-14,21.6,30.6,11.1,0.0,1.6692307692307693,0
2008-05-15,25.9,34.4,17.2,0.0,1.6692307692307693,0
2008-05-16,23.7,35.6,15.0,0.0,1.6692307692307693,0
2008-05-17,20.7,31.1,13.3,0.0,1.6692307692307693,0
2008-05-18,17.2,29.4,7.8,0.0,1.6692307692307693,0
2008-05-19,14.0,26.7,6.1,0.0,1.6692307692307693,0
2008-05-20,12.3,21.1,8.3,0.0,1.6692307692307693,0
2008-05-21,10.3,16.7,5.0,0.0,1.6692307692307693,0
2008-05-22,10.4,18.3,2.2,1.3,1.6763736263736264,0
2008-05-23,11.1,17.2,6.7,1.0,1.681868131868132,0
2008-05-24,10.2,13.9,7.8,0.5,1.6846153846153848,0
2008-05-25,10.9,18.3,5.0,0.0,1.6846153846153848,0
2008-05-26,9.7,16.1,4.4,0.0,1.6846153846153848,0
2008-05-27,10.7,17.8,4.4,0.0,1.6846153846153848,0
2008-05-28,11.2,17.8,4.4,0.0,1.6846153846153848,0
2008-05-29,11.7,18.3,5.0,0.0,1.6846153846153848,0
2008-05-30,10.2,12.8,8.3,0.0,1.6065934065934064,0
2008-05-31,9.6,12.2,8.3,0.0,1.6065934065934064,0
2008-06-01,10.4,15.0,7.8,0.0,1.6065934065934064,0
2008-06-02,10.4,16.1,5.0,0.0,1.6065934065934064,0
2008-06-03,11.3,19.4,5.6,0.0,1.6065934065934064,0
2008-06-04,10.9,17.2,5.6,0.0,1.6065934065934064,0
2008-06-05,11.4,19.4,6.7,0.0,1.6038461538461537,0
2008-06-06,11.3,16.7,6.7,0.0,1.5494505494505495,0
2008-06-07,12.4,21.7,3.9,0.0,1.5494505494505495,0
2008-06-08,14.2,25.0,6.1,0.0,1.5494505494505495,0
2008-06-09,20.3,34.4,9.4,0.0,1.5494505494505495,0
2008-06-10,16.7,27.2,7.2,0.0,1.5494505494505495,0
2008-06-11,20.0,29.4,11.1,0.0,1.5494505494505495,0
2008-06-12,19.9,30.0,13.3,0.0,1.5494505494505495,0
2008-06-13,16.3,25.6,9.4,0.0,1.5494505494505495,0
2008-06-14,14.3,23.3,8.9,0.0,1.5494505494505495,0
2008-06-15,11.6,19.4,7.2,0.0,1.5494505494505495,0
2008-06-16,10.3,17.8,6.7,0.0,1.5478021978021976,0
2008-06-17,15.1,27.2,5.6,0.0,1.4236263736263737,0
2008-06-18,19.7,28.3,10.6,0.0,1.3747252747252747,0
2008-06-19,24.4,33.9,13.3,0.0,1.3648351648351649,0
2008-06-20,28.1,38.3,16.7,0.0,1.3648351648351649,0
2008-06-21,24.7,34.4,12.2,0.0,1.3648351648351649,0
2008-06-22,13.9,22.8,7.2,0.0,1.3648351648351649,0
2008-06-23,10.8,17.8,7.2,0.0,1.3648351648351649,0
2008-06-24,12.6,21.7,5.0,0.0,1.3648351648351649,0
2008-06-25,10.1,12.8,8.3,0.0,1.3648351648351649,0
2008-06-26,13.9,21.7,8.3,0.0,1.3648351648351649,0
2008-06-27,16.3,26.1,9.4,0.0,1.3648351648351649,0
2008-06-28,15.0,22.2,10.6,0.0,1.3648351648351649,0
2008-06-29,14.2,22.2,8.9,0.0,1.3648351648351649,0
2008-06-30,14.4,21.7,7.8,0.0,1.3648351648351649,0
2008-07-01,13.9,22.2,8.3,0.0,1.3648351648351649,0
2008-07-02,15.5,23.3,6.7,0.0,1.3648351648351649,0
2008-07-03,17.9,26.1,10.6,0.0,1.3648351648351649,0
2008-07-04,15.0,22.2,9.4,0.0,1.15989010989011,0
2008-07-05,15.9,23.9,10.6,0.0,1.148901098901099,0
2008-07-06,16.6,25.6,11.1,0.0,1.0609890109890112,0
2008-07-07,21.8,30.6,10.6,0.0,1.0593406593406594,0
2008-07-08,24.3,35.0,16.7,0.0,1.0593406593406594,0
2008-07-09,24.6,33.3,16.7,0.0,1.0593406593406594,0
2008-07-10,20.8,31.7,11.7,0.0,1.0593406593406594,0
2008-07-11,18.2,27.8,11.1,0.0,1.0593406593406594,0
2008-07-12,18.6,25.6,12.2,0.0,1.0593406593406594,0
2008-07-13,18.5,25.6,12.2,0.0,1.0593406593406594,0
2008-07-14,16.9,22.8,12.8,0.0,1.0593406593406594,0
2008-07-15,16.3,23.3,12.2,0.0,1.0593406593406594,0
2008-07-16,16.1,23.3,10.6,0.0,1.0593406593406594,0
2008-07-17,14.4,21.7,10.0,0.0,1.0593406593406594,0
2008-07-18,13.8,21.1,8.9,0.0,1.0593406593406594,0
2008-07-19,13.6,21.7,7.2,0.0,1.0593406593406594,0
2008-07-20,12.1,18.3,9.4,0.0,1.0593406593406594,0
2008-07-21,12.6,18.9,10.0,0.0,1.053846153846154,0
2008-07-22,15.1,25.0,8.3,0.0,1.0373626373626377,0
2008-07-23,14.8,24.4,7.2,0.0,0.9005494505494506,0
2008-07-24,13.0,22.2,6.1,0.0,0.8263736263736264,0
2008-07-25,14.2,23.3,5.6,0.0,0.5851648351648352,0
2008-07-26,17.8,28.9,8.3,0.0,0.4802197802197802,0
2008-07-27,14.4,22.2,10.6,0.0,0.2873626373626373,0
2008-07-28,13.6,20.6,10.6,0.0,0.2521978021978022,0
2008-07-29,14.4,21.1,8.9,0.0,0.2521978021978022,0
2008-07-30,15.6,23.9,9.4,0.0,0.2521978021978022,0
2008-07-31,14.0,23.3,7.8,0.0,0.2521978021978022,0
2008-08-01,15.9,25.6,7.2,0.0,0.2521978021978022,0
2008-08-02,16.4,26.7,8.9,0.0,0.2521978021978022,0
2008-08-03,13.8,21.1,9.4,0.0,0.1961538461538461,0
2008-08-04,13.4,21.7,7.8,0.0,0.1961538461538461,0
2008-08-05,13.4,21.7,8.3,0.0,0.1961538461538461,0
2008-08-06,14.7,21.7,10.6,0.0,0.1961538461538461,0
2008-08-07,14.4,22.2,10.0,0.0,0.1961538461538461,0
2008-08-08,13.4,20.6,10.0,0.0,0.1961538461538461,0
2008-08-09,14.6,22.2,9.4,0.0,0.1961538461538461,0
2008-08-10,15.9,26.1,5.6,0.0,0.1961538461538461,0
2008-08-11,17.5,27.8,10.6,0.0,0.1961538461538461,0
2008-08-12,15.2,25.6,8.9,0.0,0.1961538461538461,0
2008-08-13,17.9,30.0,9.4,0.0,0.1961538461538461,0
2008-08-14,16.6,27.2,9.4,0.0,0.1961538461538461,0
2008-08-15,17.8,30.6,9.4,0.0,0.1961538461538461,0
2008-08-16,16.0,24.4,10.6,0.0,0.1961538461538461,0
2008-08-17,15.8,24.4,11.7,0.0,0.1961538461538461,0
2008-08-18,15.2,22.8,11.7,0.0,0.1961538461538461,0
2008-08-19,15.6,22.8,10.0,0.0,0.1961538461538461,0
2008-08-20,18.1,26.1,10.0,0.0,0.1763736263736263,0
2008-08-21,17.4,24.4,11.7,0.0,0.123076923076923,0
2008-08-22,15.0,22.8,8.9,0.0,0.0967032967032966,0
2008-08-23,13.5,21.7,10.6,0.0,0.0868131868131868,0
2008-08-24,16.4,26.1,9.4,0.0,0.0225274725274725,0
2008-08-25,15.4,24.4,7.8,0.0,0.0225274725274725,0
2008-08-26,17.1,26.1,7.2,0.0,0.0225274725274725,0
2008-08-27,22.3,31.7,12.8,0.0,0.0225274725274725,0
2008-08-28,26.0,35.0,17.8,0.0,0.0225274725274725,0
2008-08-29,22.8,35.6,12.2,0.0,0.0225274725274725,0
2008-08-30,15.1,23.3,8.3,0.0,0.0225274725274725,0
2008-08-31,12.9,21.1,7.2,0.0,0.0225274725274725,0
2008-09-01,19.1,28.3,7.2,0.0,0.0225274725274725,0
2008-09-02,21.8,33.3,13.9,0.0,0.0225274725274725,0
2008-09-03,23.2,33.3,15.0,0.0,0.0225274725274725,0
2008-09-04,24.4,36.1,16.1,0.0,0.0225274725274725,0
2008-09-05,24.2,35.6,16.7,0.0,0.0225274725274725,0
2008-09-06,23.9,33.9,15.6,0.0,0.0225274725274725,0
2008-09-07,19.3,28.9,10.6,0.0,0.0225274725274725,0
2008-09-08,15.0,23.9,9.4,0.0,0.0225274725274725,0
2008-09-09,14.7,19.4,12.2,0.0,0.0225274725274725,0
2008-09-10,14.8,21.7,10.0,0.0,0.0225274725274725,0
2008-09-11,14.2,23.9,7.2,0.0,0.0225274725274725,0
2008-09-12,13.4,22.8,8.3,0.0,0.0225274725274725,0
2008-09-13,14.1,21.7,9.4,0.0,0.0208791208791208,0
2008-09-14,13.7,22.2,8.9,0.0,0.0208791208791208,0
2008-09-15,13.4,23.3,8.3,0.0,0.0208791208791208,0
2008-09-16,12.9,20.6,8.3,0.0,0.0208791208791208,0
2008-09-17,12.3,18.9,6.1,0.0,0.0208791208791208,0
2008-09-18,11.7,20.6,5.0,0.0,0.0208791208791208,0
2008-09-19,14.3,21.7,6.7,0.0,0.0208791208791208,0
2008-09-20,15.2,21.7,11.7,0.0,0.0208791208791208,0
2008-09-21,14.2,21.1,11.1,0.0,0.0208791208791208,0
2008-09-22,16.8,26.7,6.7,0.0,0.0208791208791208,0
2008-09-23,19.2,29.4,11.1,0.0,0.0208791208791208,0
2008-09-24,19.7,30.0,12.2,0.0,0.0208791208791208,0
2008-09-25,19.1,29.4,11.7,0.0,0.0208791208791208,0
2008-09-26,19.4,27.8,13.3,0.0,0.0208791208791208,0
2008-09-27,19.7,29.4,12.8,0.0,0.0208791208791208,0
2008-09-28,15.5,23.3,10.6,0.0,0.0208791208791208,0
2008-09-29,13.6,21.1,9.4,0.0,0.0208791208791208,0
2008-09-30,16.4,27.2,8.9,0.0,0.0208791208791208,0
2008-10-01,19.1,31.7,13.3,0.0,0.0153846153846153,0
2008-10-02,16.5,23.3,11.1,0.0,0.0153846153846153,0
2008-10-03,15.1,20.6,9.4,0.0,0.0153846153846153,0
2008-10-04,14.4,16.7,12.2,0.0,0.0153846153846153,0
2008-10-05,13.7,20.6,8.9,0.0,0.0153846153846153,0
2008-10-06,15.7,25.6,9.4,0.0,0.0153846153846153,0
2008-10-07,16.8,30.0,7.8,0.0,0.0153846153846153,0
2008-10-08,15.4,28.3,8.9,0.0,0.0153846153846153,0
2008-10-09,11.7,20.6,6.7,0.0,0.0153846153846153,0
2008-10-10,9.9,15.0,5.6,0.0,0.0153846153846153,0
2008-10-11,12.4,17.8,6.1,0.0,0.0153846153846153,0
2008-10-12,12.6,18.9,6.7,0.0,0.0153846153846153,0
2008-10-13,15.1,23.9,8.3,0.0,0.0153846153846153,0
2008-10-14,17.3,27.2,8.9,0.0,0.0153846153846153,0
2008-10-15,19.5,28.9,12.2,0.0,0.0153846153846153,0
2008-10-16,21.7,28.9,15.0,0.0,0.0153846153846153,0
2008-10-17,20.4,31.1,12.8,0.0,0.0153846153846153,0
2008-10-18,13.6,21.7,8.3,0.0,0.0153846153846153,0
2008-10-19,10.3,19.4,5.6,0.0,0.0153846153846153,0
2008-10-20,11.0,17.8,6.7,0.0,0.0153846153846153,0
2008-10-21,16.8,24.4,6.7,0.0,0.0153846153846153,0
2008-10-22,20.9,29.4,15.6,0.0,0.0153846153846153,0
2008-10-23,21.3,33.3,14.4,0.0,0.0153846153846153,1
2008-10-24,20.0,28.9,13.3,0.0,0.0153846153846153,0
2008-10-25,19.4,29.4,11.7,0.0,0.0153846153846153,0
2008-10-26,13.4,23.3,6.1,0.0,0.0153846153846153,0
2008-10-27,9.6,22.2,3.9,0.0,0.0153846153846153,0
2008-10-28,11.4,22.2,4.4,0.0,0.0153846153846153,0
2008-10-29,14.6,24.4,7.2,0.0,0.0153846153846153,0
2008-10-30,15.4,22.2,11.1,0.5,0.0181318681318681,0
2008-10-31,15.1,17.8,12.8,0.0,0.0181318681318681,0
2008-11-01,14.8,15.6,13.3,0.8,0.0225274725274725,0
2008-11-02,12.8,16.7,7.8,0.5,0.0252747252747252,0
2008-11-03,10.3,15.0,6.7,0.0,0.0252747252747252,0
2008-11-04,9.2,13.9,3.9,5.1,0.0532967032967032,0
2008-11-05,9.7,16.1,3.3,0.0,0.0532967032967032,0
2008-11-06,13.0,20.6,7.2,0.0,0.0532967032967032,0
2008-11-07,15.1,21.7,8.9,0.0,0.0532967032967032,0
2008-11-08,11.1,15.6,7.8,0.0,0.0532967032967032,0
2008-11-09,10.6,13.3,9.4,0.0,0.0532967032967032,0
2008-11-10,10.1,14.4,6.1,0.0,0.0532967032967032,0
2008-11-11,10.9,16.7,8.3,0.0,0.0532967032967032,0
2008-11-12,13.4,20.6,9.4,0.0,0.0532967032967032,0
2008-11-13,16.1,22.8,10.6,0.0,0.0532967032967032,0
2008-11-14,21.1,23.9,17.2,0.0,0.0532967032967032,0
2008-11-15,21.4,30.0,14.4,0.0,0.0532967032967032,0
2008-11-16,19.3,30.0,12.8,0.0,0.0532967032967032,0
2008-11-17,19.7,30.0,12.8,0.0,0.0532967032967032,0
2008-11-18,13.2,22.8,7.2,0.0,0.0532967032967032,0
2008-11-19,9.0,15.0,6.7,0.0,0.0532967032967032,0
2008-11-20,11.8,17.2,7.8,0.0,0.0461538461538461,0
2008-11-21,10.7,18.3,4.4,0.0,0.0406593406593406,0
2008-11-22,11.5,21.1,5.0,0.0,0.0379120879120879,0
2008-11-23,12.8,22.2,7.2,0.0,0.0379120879120879,0
2008-11-24,10.6,17.8,6.1,0.0,0.0379120879120879,0
2008-11-25,12.1,14.4,7.8,10.9,0.0978021978021978,0
2008-11-26,11.0,13.3,8.9,29.7,0.260989010989011,0
2008-11-27,10.7,15.6,8.9,0.0,0.260989010989011,0
2008-11-28,9.1,14.4,5.6,0.0,0.260989010989011,0
2008-11-29,13.9,21.1,6.7,0.0,0.260989010989011,0
2008-11-30,15.0,23.3,7.8,0.0,0.260989010989011,0
2008-12-01,9.4,15.0,5.0,0.0,0.260989010989011,0
2008-12-02,11.3,16.7,7.8,0.0,0.260989010989011,0
2008-12-03,8.2,17.8,5.0,0.0,0.260989010989011,0
2008-12-04,8.7,15.6,3.3,0.0,0.260989010989011,0
2008-12-05,11.6,20.6,4.4,0.0,0.260989010989011,0
2008-12-06,13.6,21.7,8.3,0.0,0.260989010989011,0
2008-12-07,9.6,15.0,7.8,0.0,0.260989010989011,0
2008-12-08,8.7,12.8,6.1,0.0,0.260989010989011,0
2008-12-09,8.9,13.3,3.9,0.0,0.260989010989011,0
2008-12-10,10.2,20.0,3.9,0.0,0.260989010989011,0
2008-12-11,12.2,20.6,6.1,0.0,0.260989010989011,0
2008-12-12,9.6,15.0,6.1,0.0,0.260989010989011,0
2008-12-13,6.0,10.0,1.7,0.0,0.260989010989011,0
2008-12-14,4.5,7.8,0.6,1.0,0.2664835164835165,0
2008-12-15,4.2,7.8,1.1,45.2,0.5148351648351649,0
2008-12-16,3.1,7.8,0.6,0.0,0.5148351648351649,0
2008-12-17,3.6,8.9,0.0,13.0,0.5862637362637363,0
2008-12-18,5.8,10.0,0.6,0.0,0.5862637362637363,0
2008-12-19,6.4,10.0,0.6,0.0,0.5862637362637363,0
2008-12-20,4.0,10.0,-0.6,0.0,0.5862637362637363,0
2008-12-21,6.8,8.9,3.9,0.0,0.5862637362637363,0
2008-12-22,6.2,10.0,3.3,5.6,0.6170329670329671,0
2008-12-23,6.0,8.9,2.8,0.0,0.6170329670329671,0
2008-12-24,8.2,9.4,6.1,0.8,0.6214285714285714,0
2008-12-25,6.2,9.4,2.8,5.3,0.6505494505494506,0
2008-12-26,3.6,9.4,0.0,0.0,0.6505494505494506,0
2008-12-27,5.7,12.2,0.0,0.0,0.6505494505494506,0
2008-12-28,7.6,13.9,3.3,0.0,0.6505494505494506,0
2008-12-29,10.2,16.1,5.6,0.0,0.6505494505494506,0
2008-12-30,9.2,16.1,4.4,0.0,0.6505494505494506,0
2008-12-31,8.8,16.1,3.3,0.0,0.6505494505494506,0
2009-01-01,8.6,17.2,5.0,0.0,0.6505494505494506,0
2009-01-02,7.1,11.1,1.7,0.0,0.6505494505494506,0
2009-01-03,3.7,9.4,-1.7,0.0,0.6505494505494506,0
2009-01-04,3.1,10.6,-2.2,0.0,0.6505494505494506,0
2009-01-05,6.6,9.4,2.8,0.0,0.6505494505494506,0
2009-01-06,8.5,13.9,5.0,0.0,0.6505494505494506,0
2009-01-07,9.2,18.3,3.9,0.0,0.6505494505494506,0
2009-01-08,8.8,12.8,4.4,0.0,0.6505494505494506,0
2009-01-09,10.8,13.9,6.7,0.0,0.6505494505494506,0
2009-01-10,14.4,20.0,9.4,0.0,0.6505494505494506,0
2009-01-11,17.9,21.7,11.7,0.0,0.6505494505494506,0
2009-01-12,18.0,20.6,14.4,0.0,0.6505494505494506,0
2009-01-13,18.3,23.9,13.3,0.0,0.6505494505494506,0
2009-01-14,18.6,24.4,11.7,0.0,0.6505494505494506,0
2009-01-15,17.4,21.7,11.7,0.0,0.6505494505494506,0
2009-01-16,14.9,26.1,8.9,0.0,0.6505494505494506,0
2009-01-17,14.1,25.0,8.3,0.0,0.6505494505494506,0
2009-01-18,15.6,25.0,9.4,0.0,0.6505494505494506,0
2009-01-19,16.0,23.9,9.4,0.0,0.6505494505494506,0
2009-01-20,14.7,23.3,8.3,0.0,0.6505494505494506,0
2009-01-21,13.3,17.8,9.4,0.0,0.6505494505494506,0
2009-01-22,10.1,12.2,8.3,0.5,0.6532967032967033,0
2009-01-23,11.3,12.8,10.0,6.1,0.6868131868131868,0
2009-01-24,8.7,10.0,6.1,2.0,0.6978021978021978,0
2009-01-25,7.1,10.0,3.9,0.0,0.6978021978021978,0
2009-01-26,5.4,10.0,1.7,0.0,0.6978021978021978,0
2009-01-27,6.1,13.3,1.7,0.0,0.6978021978021978,0
2009-01-28,8.6,16.1,1.1,0.0,0.6978021978021978,0
2009-01-29,13.8,17.8,9.4,0.0,0.6978021978021978,0
2009-01-30,12.8,20.0,6.1,0.0,0.6978021978021978,0
2009-01-31,11.6,20.6,3.9,0.0,0.6978021978021978,0
2009-02-01,14.7,17.2,10.6,0.0,0.6978021978021978,0
2009-02-02,14.2,25.0,7.2,0.0,0.6978021978021978,0
2009-02-03,13.8,23.3,6.7,0.0,0.6978021978021978,0
2009-02-04,11.4,18.9,3.3,0.0,0.6978021978021978,0
2009-02-05,9.2,12.2,7.8,22.6,0.8219780219780219,0
2009-02-06,9.1,10.6,8.3,14.7,0.9027472527472528,0
2009-02-07,9.2,14.4,3.3,0.3,0.9043956043956044,0
2009-02-08,6.6,10.0,3.3,0.0,0.9043956043956044,0
2009-02-09,5.3,10.6,1.1,10.9,0.9642857142857144,0
2009-02-10,4.9,10.0,-1.1,0.0,0.9642857142857144,0
2009-02-11,6.4,10.0,3.9,0.0,0.9642857142857144,0
2009-02-12,6.6,12.2,3.9,0.0,0.9642857142857144,0
2009-02-13,5.4,9.4,2.8,6.6,1.0005494505494503,0
2009-02-14,6.2,9.4,2.8,0.0,1.0005494505494503,0
2009-02-15,7.2,8.3,6.1,0.0,1.0005494505494503,0
2009-02-16,7.1,9.4,5.6,26.4,1.1456043956043955,0
2009-02-17,7.8,9.4,5.0,9.1,1.1956043956043956,0
2009-02-18,8.2,13.9,3.9,0.0,1.1956043956043956,0
2009-02-19,9.2,17.2,3.9,0.0,1.1956043956043956,0
2009-02-20,10.1,18.9,3.3,0.0,1.1956043956043956,0
2009-02-21,11.2,16.1,5.6,0.0,1.1956043956043956,0
2009-02-22,11.2,12.8,10.0,0.0,1.1956043956043956,0
2009-02-23,11.5,12.2,10.6,0.0,1.1956043956043956,0
2009-02-24,10.6,16.7,6.1,0.0,1.1956043956043956,0
2009-02-25,10.1,15.0,5.6,0.0,1.1956043956043956,0
2009-02-26,9.7,13.9,3.3,0.0,1.1956043956043956,0
2009-02-27,7.5,14.4,1.7,0.0,1.1956043956043956,0
2009-02-28,14.6,21.1,6.1,0.0,1.1956043956043956,0
2009-03-01,12.3,15.6,9.4,0.0,1.1956043956043956,0
2009-03-02,11.8,12.8,10.0,0.0,1.1956043956043956,0
2009-03-03,9.2,11.7,6.7,0.0,1.1956043956043956,0
2009-03-04,6.9,11.7,3.3,6.4,1.2307692307692308,0
2009-03-05,7.4,13.9,3.9,0.0,1.2307692307692308,0
2009-03-06,7.1,11.7,3.9,0.0,1.2307692307692308,0
2009-03-07,8.4,15.0,2.8,0.0,1.2307692307692308,0
2009-03-08,7.6,12.2,2.8,0.0,1.2307692307692308,0
2009-03-09,5.8,11.7,-0.6,0.0,1.2307692307692308,0
2009-03-10,5.2,13.3,-1.1,0.0,1.2307692307692308,0
2009-03-11,6.6,14.4,0.0,0.0,1.2307692307692308,0
2009-03-12,7.7,16.1,0.6,0.0,1.2307692307692308,0
2009-03-13,7.8,15.0,3.3,0.0,1.2307692307692308,0
2009-03-14,7.4,9.4,6.1,0.0,1.2307692307692308,0
2009-03-15,9.6,12.2,7.8,0.0,1.2307692307692308,0
2009-03-16,11.6,17.2,9.4,0.0,1.2307692307692308,0
2009-03-17,12.1,19.4,7.2,0.0,1.2307692307692308,0
2009-03-18,12.8,22.2,5.6,0.0,1.2307692307692308,0
2009-03-19,12.1,18.9,7.2,0.0,1.2307692307692308,0
2009-03-20,9.2,14.4,7.2,0.0,1.2307692307692308,0
2009-03-21,9.4,12.8,7.2,0.0,1.2307692307692308,0
2009-03-22,6.3,10.6,0.6,2.0,1.2417582417582418,0
2009-03-23,6.2,13.9,0.0,0.0,1.2417582417582418,0
2009-03-24,9.1,17.2,1.7,0.0,1.2417582417582418,0
2009-03-25,9.2,17.2,2.8,0.0,1.2417582417582418,0
2009-03-26,10.7,16.7,6.1,0.0,1.2417582417582418,0
2009-03-27,13.7,23.3,6.1,0.0,1.2417582417582418,0
2009-03-28,12.9,21.1,6.7,0.0,1.2417582417582418,0
2009-03-29,9.8,15.0,4.4,0.0,1.2417582417582418,0
2009-03-30,10.6,17.8,4.4,0.0,1.2417582417582418,0
2009-03-31,11.2,21.1,3.9,0.0,1.2417582417582418,0
2009-04-01,9.9,16.7,3.9,0.0,1.2417582417582418,0
2009-04-02,8.8,14.4,6.7,0.0,1.2417582417582418,0
2009-04-03,7.1,13.9,1.1,0.0,1.2417582417582418,0
2009-04-04,9.1,17.2,1.7,0.0,1.2417582417582418,0
2009-04-05,13.0,22.2,3.9,0.0,1.2417582417582418,0
2009-04-06,14.3,23.9,6.7,0.0,1.2417582417582418,0
2009-04-07,9.7,12.2,7.8,0.5,1.2445054945054943,0
2009-04-08,9.4,12.8,6.1,0.3,1.2461538461538462,0
2009-04-09,8.7,11.1,6.7,0.0,1.2461538461538462,0
2009-04-10,8.3,12.2,6.7,0.0,1.2461538461538462,0
2009-04-11,9.2,12.2,6.7,0.0,1.2461538461538462,0
2009-04-12,11.2,16.7,7.8,0.0,1.2461538461538462,0
2009-04-13,9.3,13.9,4.4,0.0,1.2461538461538462,0
2009-04-14,5.8,11.7,0.0,0.0,1.2461538461538462,0
2009-04-15,6.3,12.2,-1.1,0.0,1.2461538461538462,0
2009-04-16,7.9,13.3,3.9,0.0,1.2461538461538462,0
2009-04-17,11.4,21.7,2.2,0.0,1.2461538461538462,0
2009-04-18,14.9,25.6,4.4,0.0,1.2461538461538462,0
2009-04-19,20.9,31.1,11.1,0.0,1.2461538461538462,0
2009-04-20,23.3,33.3,13.3,0.0,1.2461538461538462,0
2009-04-21,24.2,33.9,16.1,0.0,1.2461538461538462,0
2009-04-22,17.4,26.7,9.4,0.0,1.2461538461538462,0
2009-04-23,11.0,16.7,7.2,0.0,1.2461538461538462,0
2009-04-24,8.8,12.8,6.7,0.0,1.2461538461538462,0
2009-04-25,8.4,12.8,6.7,0.0,1.2461538461538462,0
2009-04-26,9.2,15.0,6.1,0.0,1.2461538461538462,0
2009-04-27,7.7,10.6,6.1,0.0,1.2461538461538462,0
2009-04-28,8.4,13.9,3.9,0.0,1.2461538461538462,0
2009-04-29,8.4,14.4,2.8,0.0,1.2461538461538462,0
2009-04-30,10.1,21.7,1.7,0.0,1.2434065934065934,0
2009-05-01,11.6,16.7,6.1,0.0,1.2434065934065934,0
2009-05-02,13.1,15.0,10.6,0.0,1.239010989010989,0
2009-05-03,13.6,16.1,12.2,0.0,1.2362637362637363,0
2009-05-04,14.3,19.4,10.6,0.0,1.2362637362637363,0
2009-05-05,15.6,21.1,12.8,0.0,1.2082417582417582,0
2009-05-06,15.0,21.7,10.6,0.0,1.2082417582417582,0
2009-05-07,13.1,20.6,6.1,0.0,1.2082417582417582,0
2009-05-08,12.2,21.1,5.0,0.0,1.2082417582417582,0
2009-05-09,11.1,18.3,5.0,0.0,1.2082417582417582,0
2009-05-10,12.1,22.2,4.4,0.0,1.2082417582417582,0
2009-05-11,10.9,17.8,5.0,0.0,1.2082417582417582,0
2009-05-12,10.9,17.2,4.4,0.0,1.2082417582417582,0
2009-05-13,12.0,20.6,3.9,0.0,1.2082417582417582,0
2009-05-14,12.8,20.6,5.0,0.0,1.2082417582417582,0
2009-05-15,13.6,21.7,8.3,0.0,1.2082417582417582,0
2009-05-16,22.8,35.0,12.8,0.0,1.2082417582417582,0
2009-05-17,22.3,32.2,12.2,0.0,1.2082417582417582,0
2009-05-18,14.3,21.7,10.0,0.0,1.2082417582417582,0
2009-05-19,12.1,18.9,6.7,0.0,1.2082417582417582,0
2009-05-20,10.6,18.3,3.3,0.0,1.2082417582417582,0
2009-05-21,11.5,21.1,2.2,0.0,1.2082417582417582,0
2009-05-22,10.8,18.3,6.7,0.0,1.2082417582417582,0
2009-05-23,8.8,12.8,7.2,0.0,1.2082417582417582,0
2009-05-24,8.1,9.4,7.2,0.0,1.2082417582417582,0
2009-05-25,10.7,17.8,7.2,0.0,1.2082417582417582,0
2009-05-26,14.5,23.9,5.0,0.0,1.1483516483516485,0
2009-05-27,14.6,23.3,7.8,0.0,0.9851648351648352,0
2009-05-28,14.2,23.9,6.7,0.0,0.9851648351648352,0
2009-05-29,14.3,21.7,9.4,0.0,0.9851648351648352,0
2009-05-30,12.8,19.4,10.0,0.0,0.9851648351648352,0
2009-05-31,12.1,19.4,8.9,0.0,0.9851648351648352,0
2009-06-01,13.9,20.6,9.4,0.0,0.9851648351648352,0
2009-06-02,15.1,21.7,10.0,0.0,0.9851648351648352,0
2009-06-03,14.2,20.6,9.4,0.5,0.987912087912088,0
2009-06-04,13.8,20.6,10.0,0.0,0.987912087912088,0
2009-06-05,14.6,21.1,10.6,3.3,1.006043956043956,0
2009-06-06,13.6,21.1,7.8,0.0,1.006043956043956,0
2009-06-07,13.8,20.0,6.7,0.0,1.006043956043956,0
2009-06-08,13.7,19.4,11.1,0.0,1.006043956043956,0
2009-06-09,14.1,18.3,11.7,0.0,1.006043956043956,0
2009-06-10,13.6,17.2,11.7,0.0,1.006043956043956,0
2009-06-11,13.9,20.6,11.7,0.0,1.006043956043956,0
2009-06-12,14.1,20.0,11.1,0.0,1.006043956043956,0
2009-06-13,15.3,21.1,11.1,0.0,1.006043956043956,0
2009-06-14,13.9,20.6,7.8,0.0,1.0005494505494503,0
2009-06-15,13.4,20.6,7.8,0.0,0.7521978021978021,0
2009-06-16,13.9,21.7,11.7,0.0,0.7521978021978021,0
2009-06-17,13.9,18.3,11.7,0.0,0.6807692307692307,0
2009-06-18,16.7,25.6,9.4,0.0,0.6807692307692307,0
2009-06-19,14.2,22.8,8.9,0.0,0.6807692307692307,0
2009-06-20,11.4,14.4,10.0,0.0,0.6807692307692307,0
2009-06-21,13.2,20.6,6.1,0.0,0.6807692307692307,0
2009-06-22,16.3,27.2,6.1,0.0,0.65,0
2009-06-23,16.7,28.3,7.8,0.0,0.65,0
2009-06-24,15.4,23.9,7.8,0.0,0.6456043956043955,0
2009-06-25,14.4,22.8,9.4,0.0,0.6164835164835164,0
2009-06-26,14.8,22.8,8.9,0.0,0.6164835164835164,0
2009-06-27,23.0,33.9,9.4,0.0,0.6164835164835164,0
2009-06-28,22.8,31.7,12.2,0.0,0.6164835164835164,0
2009-06-29,17.1,27.2,9.4,0.0,0.6164835164835164,0
2009-06-30,16.2,26.1,8.3,0.0,0.6164835164835164,0
2009-07-01,15.8,24.4,9.4,0.0,0.6164835164835164,0
2009-07-02,15.6,23.9,10.0,0.0,0.6164835164835164,0
2009-07-03,15.2,23.9,8.3,0.0,0.6164835164835164,0
2009-07-04,15.1,22.8,10.0,0.0,0.6164835164835164,0
2009-07-05,14.1,21.1,10.0,0.0,0.6164835164835164,0
2009-07-06,14.2,21.1,7.8,0.0,0.6164835164835164,0
2009-07-07,13.8,21.1,7.8,0.0,0.6164835164835164,0
2009-07-08,13.9,22.2,6.7,0.0,0.6164835164835164,1
2009-07-09,13.8,20.0,10.6,0.0,0.6164835164835164,0
2009-07-10,13.9,21.1,8.3,0.0,0.6164835164835164,0
2009-07-11,14.0,22.8,8.3,0.0,0.6164835164835164,0
2009-07-12,14.8,23.3,7.2,0.0,0.6164835164835164,0
2009-07-13,19.4,32.8,6.1,0.0,0.6164835164835164,0
2009-07-14,23.5,32.8,14.4,0.0,0.6164835164835164,0
2009-07-15,16.9,25.6,9.4,0.0,0.6164835164835164,0
2009-07-16,17.4,29.4,7.8,0.0,0.6164835164835164,0
2009-07-17,19.8,33.3,8.3,0.0,0.6164835164835164,0
2009-07-18,18.6,31.1,10.0,0.0,0.6164835164835164,0
2009-07-19,16.8,29.4,8.9,0.0,0.6164835164835164,0
2009-07-20,15.1,24.4,8.9,0.0,0.6164835164835164,0
2009-07-21,14.0,21.1,10.0,0.0,0.6164835164835164,0
2009-07-22,14.1,21.7,10.0,0.0,0.6164835164835164,0
2009-07-23,13.6,21.1,10.0,0.0,0.6137362637362637,0
2009-07-24,13.9,21.7,10.6,0.0,0.5802197802197802,0
2009-07-25,14.3,22.8,8.9,0.0,0.5692307692307692,0
2009-07-26,15.4,25.6,6.7,0.0,0.5692307692307692,0
2009-07-27,14.7,24.4,7.2,0.0,0.5692307692307692,0
2009-07-28,15.2,23.3,10.6,0.0,0.5692307692307692,0
2009-07-29,15.7,22.8,11.1,0.0,0.5692307692307692,0
2009-07-30,15.5,23.9,11.1,0.0,0.5692307692307692,0
2009-07-31,15.0,22.8,10.0,0.0,0.5692307692307692,0
2009-08-01,14.9,25.0,7.8,0.0,0.5692307692307692,0
2009-08-02,15.1,22.8,11.1,0.0,0.5692307692307692,0
2009-08-03,15.3,22.8,11.1,0.0,0.5692307692307692,0
2009-08-04,16.4,24.4,10.0,0.0,0.5692307692307692,0
2009-08-05,15.8,22.8,9.4,0.0,0.5692307692307692,0
2009-08-06,16.1,21.1,12.8,0.0,0.445054945054945,0
2009-08-07,15.3,20.6,11.7,0.0,0.3642857142857142,0
2009-08-08,16.8,26.7,8.3,0.0,0.3626373626373626,0
2009-08-09,21.0,30.6,11.1,0.0,0.3626373626373626,0
2009-08-10,21.9,31.7,11.7,0.0,0.3027472527472528,0
2009-08-11,15.9,25.0,10.0,0.0,0.3027472527472528,0
2009-08-12,17.9,30.0,7.8,0.0,0.3027472527472528,0
2009-08-13,17.1,26.7,10.0,0.0,0.3027472527472528,0
2009-08-14,13.9,19.4,7.8,0.0,0.2664835164835165,0
2009-08-15,15.8,26.7,7.2,0.0,0.2664835164835165,0
2009-08-16,15.1,27.2,5.6,0.0,0.2664835164835165,0
2009-08-17,13.6,22.2,7.2,0.0,0.1214285714285714,0
2009-08-18,15.1,25.0,7.2,0.0,0.0714285714285714,0
2009-08-19,15.1,24.4,9.4,0.0,0.0714285714285714,0
2009-08-20,15.7,24.4,11.7,0.0,0.0714285714285714,0
2009-08-21,18.9,31.7,9.4,0.0,0.0714285714285714,0
2009-08-22,15.8,24.4,10.6,0.0,0.0714285714285714,0
2009-08-23,14.5,22.8,9.4,0.0,0.0714285714285714,0
2009-08-24,13.1,21.7,7.2,0.0,0.0714285714285714,0
2009-08-25,14.0,23.9,8.3,0.0,0.0714285714285714,0
2009-08-26,15.1,26.7,5.6,0.0,0.0714285714285714,1
2009-08-27,21.4,35.6,8.3,0.0,0.0714285714285714,1
2009-08-28,27.5,38.9,17.8,0.0,0.0714285714285714,1
2009-08-29,25.6,36.7,12.8,0.0,0.0714285714285714,1
2009-08-30,15.3,23.3,10.0,0.0,0.0714285714285714,1
2009-08-31,15.3,23.9,10.6,0.0,0.0714285714285714,1
2009-09-01,17.9,26.7,10.6,0.0,0.0714285714285714,1
2009-09-02,23.4,34.4,15.6,0.0,0.0362637362637362,1
2009-09-03,20.9,31.7,10.6,0.0,0.0362637362637362,1
2009-09-04,14.1,22.8,8.9,0.0,0.0362637362637362,1
2009-09-05,16.7,25.0,11.1,0.0,0.0362637362637362,1
2009-09-06,15.1,22.8,8.3,0.0,0.0362637362637362,1
2009-09-07,14.6,22.8,7.8,0.0,0.0362637362637362,1
2009-09-08,14.2,23.9,6.7,0.0,0.0362637362637362,1
2009-09-09,15.6,25.6,6.7,0.0,0.0362637362637362,1
2009-09-10,22.3,32.8,11.7,0.0,0.0362637362637362,1
2009-09-11,21.7,33.3,13.3,0.0,0.0362637362637362,1
2009-09-12,15.3,21.7,11.7,0.0,0.0362637362637362,1
2009-09-13,15.7,20.6,12.2,0.0,0.0362637362637362,1
2009-09-14,16.0,22.2,10.6,0.0,0.0362637362637362,1
2009-09-15,15.7,25.0,9.4,0.0,0.0362637362637362,1
2009-09-16,16.9,24.4,10.0,0.0,0.0362637362637362,1
2009-09-17,18.2,27.2,12.2,0.0,0.0362637362637362,1
2009-09-18,22.4,33.3,14.4,0.0,0.0362637362637362,1
2009-09-19,15.6,25.0,10.6,0.0,0.0362637362637362,1
2009-09-20,17.1,27.2,8.9,0.0,0.0252747252747252,1
2009-09-21,17.8,27.8,10.6,0.0,0.0252747252747252,1
2009-09-22,20.3,32.2,13.3,0.0,0.0252747252747252,1
2009-09-23,16.0,25.6,9.4,0.0,0.0252747252747252,0
2009-09-24,14.6,27.8,7.8,0.0,0.0252747252747252,0
2009-09-25,19.3,32.2,6.1,0.0,0.0252747252747252,0
2009-09-26,25.4,37.2,17.8,0.0,0.0252747252747252,0
2009-09-27,22.4,32.8,12.2,0.0,0.0252747252747252,0
2009-09-28,12.8,18.3,9.4,0.0,0.0252747252747252,0
2009-09-29,12.3,17.2,6.1,0.0,0.0252747252747252,0
2009-09-30,13.0,21.7,4.4,0.0,0.0252747252747252,0
2009-10-01,17.0,26.1,8.9,0.0,0.0252747252747252,0
2009-10-02,15.8,26.7,7.8,0.0,0.0252747252747252,0
2009-10-03,10.9,15.6,6.7,0.0,0.0252747252747252,0
2009-10-04,10.6,16.1,5.6,0.0,0.0252747252747252,0
2009-10-05,11.1,20.0,4.4,0.0,0.0252747252747252,0
2009-10-06,13.3,22.2,5.6,0.0,0.0225274725274725,0
2009-10-07,13.9,23.3,7.8,0.0,0.0208791208791208,0
2009-10-08,11.8,19.4,8.3,0.0,0.0208791208791208,0
2009-10-09,11.2,19.4,6.1,0.0,0.0208791208791208,0
2009-10-10,10.4,19.4,5.6,0.0,0.0208791208791208,0
2009-10-11,10.2,15.0,6.7,0.0,0.0208791208791208,0
2009-10-12,13.2,15.6,11.1,0.0,0.0208791208791208,0
2009-10-13,14.6,16.1,12.2,17.3,0.1159340659340659,0
2009-10-14,16.6,19.4,14.4,35.3,0.3098901098901099,0
2009-10-15,19.1,24.4,15.6,0.0,0.3098901098901099,0
2009-10-16,19.4,26.7,13.3,0.0,0.3098901098901099,0
2009-10-17,16.7,27.2,12.2,0.0,0.3098901098901099,0
2009-10-18,13.6,17.2,11.7,0.0,0.3098901098901099,0
2009-10-19,12.7,17.2,8.9,0.0,0.3098901098901099,0
2009-10-20,13.7,19.4,10.0,0.0,0.3098901098901099,0
2009-10-21,13.2,21.1,10.0,0.0,0.3098901098901099,0
2009-10-22,13.9,22.2,8.9,0.0,0.3098901098901099,0
2009-10-23,16.2,26.7,10.6,0.0,0.3098901098901099,0
2009-10-24,13.6,22.2,9.4,0.0,0.3098901098901099,0
2009-10-25,18.2,26.1,9.4,0.0,0.3098901098901099,0
2009-10-26,15.4,22.8,9.4,0.0,0.3098901098901099,0
2009-10-27,12.1,17.2,7.8,0.0,0.3098901098901099,0
2009-10-28,11.2,16.7,5.0,0.0,0.3098901098901099,0
2009-10-29,12.7,19.4,8.3,0.0,0.3098901098901099,0
2009-10-30,13.8,23.3,7.2,0.0,0.3098901098901099,0
2009-10-31,13.2,24.4,6.1,0.0,0.3098901098901099,0
2009-11-01,17.0,23.3,8.9,0.0,0.3098901098901099,0
2009-11-02,19.9,26.1,13.9,0.0,0.3098901098901099,0
2009-11-03,18.9,28.9,12.2,0.0,0.3098901098901099,0
2009-11-04,11.9,17.2,7.2,0.0,0.3098901098901099,0
2009-11-05,13.8,17.2,12.2,0.0,0.3098901098901099,0
2009-11-06,13.1,17.2,8.9,0.0,0.3098901098901099,0
2009-11-07,9.9,16.7,5.0,0.0,0.3098901098901099,0
2009-11-08,10.8,17.8,5.6,0.0,0.3098901098901099,0
2009-11-09,10.3,20.0,4.4,0.0,0.3098901098901099,0
2009-11-10,12.7,19.4,8.9,0.0,0.3098901098901099,0
2009-11-11,11.1,18.3,6.7,0.0,0.3098901098901099,0
2009-11-12,8.8,15.0,3.3,0.0,0.3098901098901099,0
2009-11-13,6.8,13.9,1.7,0.0,0.3098901098901099,0
2009-11-14,8.6,14.4,3.9,0.0,0.3098901098901099,0
2009-11-15,8.6,17.8,2.2,0.0,0.3098901098901099,0
2009-11-16,10.4,21.1,3.9,0.0,0.3098901098901099,0
2009-11-17,10.0,18.3,2.8,0.0,0.3098901098901099,0
2009-11-18,7.7,15.0,2.8,0.0,0.3098901098901099,0
2009-11-19,8.6,18.3,2.2,0.0,0.3098901098901099,0
2009-11-20,8.0,11.7,4.4,0.0,0.3098901098901099,0
2009-11-21,6.1,13.3,1.7,0.0,0.3098901098901099,0
2009-11-22,8.3,12.8,2.2,0.0,0.3098901098901099,0
2009-11-23,12.9,17.2,6.7,0.0,0.3098901098901099,0
2009-11-24,15.2,18.9,10.6,0.0,0.3098901098901099,0
2009-11-25,15.0,18.9,10.0,0.0,0.3098901098901099,0
2009-11-26,12.7,24.4,6.1,0.0,0.3098901098901099,0
2009-11-27,8.3,10.0,5.0,0.0,0.3098901098901099,0
2009-11-28,11.7,17.2,4.4,0.3,0.3115384615384615,0
2009-11-29,13.6,18.9,7.8,0.0,0.3115384615384615,0
2009-11-30,12.6,18.9,6.7,0.0,0.3115384615384615,0
2009-12-01,9.6,17.8,3.9,0.0,0.3115384615384615,0
2009-12-02,5.0,13.3,0.0,0.0,0.3087912087912087,0
2009-12-03,7.1,15.6,-0.6,0.0,0.3087912087912087,0
2009-12-04,7.2,16.7,2.8,0.0,0.2906593406593406,0
2009-12-05,5.4,11.1,0.6,0.0,0.2906593406593406,0
2009-12-06,4.9,7.8,-0.6,0.0,0.2906593406593406,0
2009-12-07,2.9,7.2,-2.2,24.1,0.4230769230769231,0
2009-12-08,1.8,7.8,-2.8,0.0,0.4230769230769231,0
2009-12-09,2.8,8.9,-2.2,0.0,0.4230769230769231,0
2009-12-10,7.2,10.6,3.9,4.6,0.4483516483516484,0
2009-12-11,9.9,11.7,5.6,11.4,0.510989010989011,0
2009-12-12,10.3,12.2,8.9,22.4,0.6340659340659341,0
2009-12-13,9.1,10.6,8.3,6.9,0.6719780219780219,0
2009-12-14,8.3,13.3,4.4,0.0,0.6719780219780219,0
2009-12-15,9.4,13.9,5.6,0.0,0.6719780219780219,0
2009-12-16,11.1,16.1,8.9,0.0,0.6719780219780219,0
2009-12-17,11.2,18.3,7.2,0.0,0.6719780219780219,0
2009-12-18,13.5,20.0,8.3,0.0,0.6719780219780219,0
2009-12-19,12.9,19.4,8.3,0.0,0.6719780219780219,0
2009-12-20,12.3,19.4,7.2,0.0,0.6719780219780219,0
2009-12-21,9.8,12.2,6.1,0.0,0.6719780219780219,0
2009-12-22,6.4,11.7,1.7,0.0,0.6719780219780219,0
2009-12-23,7.9,16.1,3.3,0.0,0.6719780219780219,0
2009-12-24,9.3,15.0,2.8,0.0,0.6719780219780219,0
2009-12-25,8.4,18.9,2.2,0.0,0.6719780219780219,0
2009-12-26,8.4,13.3,3.9,0.0,0.6719780219780219,0
2009-12-27,9.7,13.9,6.7,0.0,0.6719780219780219,0
2009-12-28,7.4,9.4,5.6,0.0,0.6719780219780219,0
2009-12-29,6.9,12.8,1.7,0.0,0.6719780219780219,0
2009-12-30,8.9,13.9,6.7,4.1,0.6945054945054946,0
2009-12-31,10.1,15.0,6.7,0.0,0.6945054945054946,0
2010-01-01,11.2,16.1,8.3,0.0,0.6945054945054946,0
2010-01-02,11.3,18.3,7.8,0.0,0.6945054945054946,0
2010-01-03,11.1,19.4,6.1,0.0,0.6945054945054946,0
2010-01-04,11.1,20.0,6.1,0.0,0.6945054945054946,0
2010-01-05,10.9,18.3,6.7,0.0,0.6945054945054946,0
2010-01-06,12.9,19.4,7.8,0.0,0.6945054945054946,0
2010-01-07,13.6,18.9,9.4,0.0,0.6945054945054946,0
2010-01-08,12.3,20.0,7.8,0.0,0.6945054945054946,0
2010-01-09,10.7,17.2,5.6,0.0,0.6945054945054946,0
2010-01-10,11.2,18.3,5.6,0.0,0.6945054945054946,0
2010-01-11,12.5,17.8,9.4,0.0,0.6945054945054946,0
2010-01-12,11.8,13.3,10.0,0.0,0.6945054945054946,0
2010-01-13,11.1,15.0,6.7,4.1,0.717032967032967,0
2010-01-14,9.0,15.6,4.4,0.0,0.717032967032967,0
2010-01-15,9.7,16.1,5.0,0.0,0.717032967032967,0
2010-01-16,11.0,15.6,5.6,0.0,0.717032967032967,0
2010-01-17,9.3,10.6,8.3,7.9,0.7604395604395605,0
2010-01-18,9.9,11.7,8.3,28.4,0.9164835164835166,0
2010-01-19,9.3,12.2,7.2,15.5,1.0016483516483516,0
2010-01-20,8.4,10.0,7.2,30.5,1.1692307692307693,0
2010-01-21,6.0,8.3,4.4,24.6,1.3043956043956044,0
2010-01-22,5.7,9.4,3.9,9.4,1.356043956043956,0
2010-01-23,6.8,12.2,3.9,0.0,1.356043956043956,0
2010-01-24,7.6,10.0,3.9,0.0,1.356043956043956,0
2010-01-25,10.0,11.7,8.9,0.0,1.356043956043956,0
2010-01-26,9.6,12.8,6.7,5.1,1.384065934065934,0
2010-01-27,8.4,15.0,3.9,0.0,1.384065934065934,0
2010-01-28,8.2,15.6,3.3,0.0,1.384065934065934,0
2010-01-29,9.2,13.9,5.6,0.0,1.384065934065934,0
2010-01-30,8.7,14.4,3.9,0.0,1.384065934065934,0
2010-01-31,8.1,15.6,2.8,0.0,1.384065934065934,0
2010-02-01,9.0,16.1,3.9,0.0,1.384065934065934,0
2010-02-02,9.1,15.0,5.0,0.0,1.384065934065934,0
2010-02-03,9.3,16.1,3.9,0.0,1.384065934065934,0
2010-02-04,10.1,12.8,7.2,0.0,1.384065934065934,0
2010-02-05,10.9,16.1,7.2,23.9,1.5153846153846156,0
2010-02-06,8.9,11.7,6.7,48.5,1.781868131868132,0
2010-02-07,9.2,12.2,7.2,0.0,1.781868131868132,0
2010-02-08,8.6,11.7,6.7,0.0,1.781868131868132,0
2010-02-09,7.9,11.1,5.6,11.2,1.8434065934065933,0
2010-02-10,7.4,13.3,3.9,0.0,1.8434065934065933,0
2010-02-11,8.8,16.1,2.8,0.0,1.8434065934065933,0
2010-02-12,11.3,15.6,8.9,0.0,1.8434065934065933,0
2010-02-13,11.7,18.3,6.7,0.0,1.8434065934065933,0
2010-02-14,11.0,20.0,5.0,0.0,1.8434065934065933,0
2010-02-15,12.1,20.6,6.1,0.0,1.8434065934065933,0
2010-02-16,12.6,19.4,7.2,0.0,1.8434065934065933,0
2010-02-17,13.8,22.8,7.2,0.0,1.8434065934065933,0
2010-02-18,9.6,13.9,6.7,0.0,1.8434065934065933,0
2010-02-19,9.5,13.3,6.7,2.3,1.856043956043956,0
2010-02-20,8.7,10.6,7.2,1.3,1.8631868131868128,0
2010-02-21,8.7,10.6,6.1,0.8,1.8675824175824172,0
2010-02-22,8.2,13.9,3.9,0.0,1.8675824175824172,0
2010-02-23,7.7,9.4,4.4,0.0,1.8675824175824172,0
2010-02-24,10.5,14.4,5.6,0.3,1.8692307692307693,0
2010-02-25,10.1,17.8,3.9,0.0,1.8692307692307693,0
2010-02-26,10.7,13.3,7.8,0.0,1.8692307692307693,0
2010-02-27,9.2,13.9,5.6,20.3,1.9807692307692308,0
2010-02-28,9.7,16.7,5.0,0.0,1.9807692307692308,0
2010-03-01,10.0,13.3,6.7,0.0,1.9807692307692308,0
2010-03-02,9.9,13.3,7.2,0.0,1.9807692307692308,0
2010-03-03,7.7,12.2,3.3,1.5,1.989010989010989,0
2010-03-04,6.9,13.3,2.2,0.0,1.989010989010989,0
2010-03-05,7.4,13.9,1.7,0.0,1.989010989010989,0
2010-03-06,10.9,17.2,5.6,10.7,2.0478021978021976,0
2010-03-07,8.9,11.7,5.0,0.0,2.0478021978021976,0
2010-03-08,7.4,10.6,3.3,0.0,2.0478021978021976,0
2010-03-09,6.3,11.7,0.6,0.0,2.0478021978021976,0
2010-03-10,6.9,12.2,1.7,0.0,2.0478021978021976,0
2010-03-11,7.2,15.6,0.6,0.0,2.0478021978021976,0
2010-03-12,7.9,11.7,2.8,0.0,2.0478021978021976,0
2010-03-13,6.9,13.3,1.7,0.0,2.0478021978021976,0
2010-03-14,9.3,17.2,3.3,0.0,2.0478021978021976,0
2010-03-15,11.9,21.7,3.3,0.0,2.0478021978021976,0
2010-03-16,13.4,23.3,6.7,0.0,2.0478021978021976,0
2010-03-17,14.3,23.9,7.2,0.0,2.0478021978021976,0
2010-03-18,15.6,23.3,6.1,0.0,2.0478021978021976,0
2010-03-19,18.0,27.2,8.9,0.0,2.0478021978021976,0
2010-03-20,11.7,20.6,5.6,0.0,2.0478021978021976,0
2010-03-21,11.1,19.4,3.9,0.0,2.0478021978021976,0
2010-03-22,11.4,17.2,6.7,0.0,2.0478021978021976,0
2010-03-23,12.4,21.7,3.3,0.0,2.0478021978021976,0
2010-03-24,9.5,18.9,2.2,0.0,2.0478021978021976,0
2010-03-25,9.5,15.6,5.6,0.0,2.0478021978021976,0
2010-03-26,8.9,16.7,1.7,0.0,2.0478021978021976,0
2010-03-27,12.6,21.1,3.3,0.0,2.0478021978021976,0
2010-03-28,11.9,20.6,5.6,0.0,2.0478021978021976,0
2010-03-29,11.4,13.9,5.6,0.0,2.0478021978021976,0
2010-03-30,9.9,13.9,6.1,0.0,2.0478021978021976,0
2010-03-31,6.4,11.1,2.8,0.0,2.0478021978021976,0
2010-04-01,6.7,13.3,1.1,0.0,2.0478021978021976,0
2010-04-02,7.2,11.1,2.8,0.0,2.0478021978021976,0
2010-04-03,6.3,13.3,1.7,0.0,2.0478021978021976,0
2010-04-04,7.1,10.6,2.2,0.8,2.052197802197802,0
2010-04-05,7.9,13.9,2.8,14.5,2.131868131868132,0
2010-04-06,8.6,16.1,2.2,0.0,2.131868131868132,0
2010-04-07,12.2,21.7,4.4,0.0,2.131868131868132,0
2010-04-08,9.6,14.4,2.2,0.0,2.131868131868132,0
2010-04-09,12.3,20.0,2.2,0.0,2.131868131868132,0
2010-04-10,9.8,11.7,7.8,0.0,2.131868131868132,0
2010-04-11,9.2,10.6,7.2,18.3,2.2324175824175825,0
2010-04-12,8.8,10.6,7.2,4.8,2.2587912087912088,0
2010-04-13,9.3,15.0,4.4,0.0,2.163736263736264,0
2010-04-14,8.9,15.6,3.9,0.0,1.96978021978022,0
2010-04-15,10.6,20.6,2.8,0.0,1.96978021978022,0
2010-04-16,11.7,19.4,3.9,0.0,1.96978021978022,0
2010-04-17,12.6,21.1,5.6,0.0,1.96978021978022,0
2010-04-18,13.9,23.9,4.4,0.0,1.96978021978022,0
2010-04-19,12.6,19.4,4.4,0.0,1.96978021978022,0
2010-04-20,9.0,12.8,6.7,2.8,1.985164835164835,0
2010-04-21,7.6,10.6,3.9,0.0,1.985164835164835,0
2010-04-22,10.4,17.2,3.9,0.0,1.985164835164835,0
2010-04-23,10.8,20.0,5.0,0.0,1.985164835164835,0
2010-04-24,10.9,18.3,5.0,0.0,1.985164835164835,0
2010-04-25,15.4,26.1,5.0,0.0,1.985164835164835,0
2010-04-26,13.3,22.2,6.1,0.0,1.985164835164835,0
2010-04-27,11.0,12.8,7.8,0.3,1.9868131868131864,0
2010-04-28,8.5,11.7,6.1,0.5,1.9895604395604396,0
2010-04-29,8.9,13.9,3.3,0.0,1.9895604395604396,0
2010-04-30,9.4,17.2,2.2,0.0,1.9895604395604396,0
2010-05-01,10.6,17.8,3.9,0.0,1.9895604395604396,0
2010-05-02,13.2,22.8,4.4,0.0,1.9895604395604396,0
2010-05-03,14.4,23.3,6.7,0.0,1.9895604395604396,0
2010-05-04,11.9,21.7,3.9,0.0,1.9895604395604396,0
2010-05-05,8.6,15.6,2.8,0.0,1.9895604395604396,0
2010-05-06,11.7,20.6,3.3,0.0,1.9895604395604396,0
2010-05-07,10.2,17.8,2.2,0.0,1.9895604395604396,0
2010-05-08,10.8,17.2,5.0,0.0,1.9895604395604396,0
2010-05-09,10.7,15.6,8.9,0.0,1.9895604395604396,0
2010-05-10,9.4,11.7,7.2,0.0,1.9895604395604396,0
2010-05-11,9.9,16.7,2.2,0.0,1.9895604395604396,0
2010-05-12,9.8,17.8,3.9,0.0,1.9895604395604396,0
2010-05-13,11.4,20.0,7.8,0.0,1.9895604395604396,0
2010-05-14,10.1,15.0,7.8,0.0,1.9895604395604396,0
2010-05-15,10.8,19.4,6.7,0.0,1.9895604395604396,0
2010-05-16,9.9,18.3,6.7,0.0,1.9895604395604396,0
2010-05-17,11.0,14.4,8.3,0.0,1.9895604395604396,0
2010-05-18,11.9,16.7,6.1,0.8,1.993956043956044,0
2010-05-19,11.9,18.3,5.0,0.0,1.993956043956044,0
2010-05-20,10.5,18.3,3.9,0.0,1.993956043956044,0
2010-05-21,9.9,14.4,5.0,0.0,1.993956043956044,0
2010-05-22,8.7,13.3,2.2,0.0,1.993956043956044,0
2010-05-23,9.8,16.1,2.2,0.0,1.993956043956044,0
2010-05-24,11.1,18.3,6.7,0.0,1.993956043956044,0
2010-05-25,10.8,13.3,6.7,0.0,1.993956043956044,0
2010-05-26,12.2,17.8,6.1,0.0,1.993956043956044,0
2010-05-27,10.7,15.0,6.1,0.5,1.9967032967032965,0
2010-05-28,11.2,16.7,5.6,0.0,1.9967032967032965,0
2010-05-29,15.0,23.3,7.2,0.0,1.995054945054945,0
2010-05-30,14.4,25.6,6.7,0.0,1.995054945054945,0
2010-05-31,14.3,21.1,7.2,0.0,1.995054945054945,0
2010-06-01,13.2,18.3,10.6,0.0,1.995054945054945,0
2010-06-02,16.1,25.0,8.3,0.0,1.995054945054945,0
2010-06-03,17.9,23.9,12.8,0.0,1.995054945054945,0
2010-06-04,18.8,25.0,13.3,0.0,1.995054945054945,0
2010-06-05,19.5,27.8,12.2,0.0,1.995054945054945,0
2010-06-06,17.3,26.7,12.2,0.0,1.995054945054945,0
2010-06-07,12.6,16.7,10.6,0.0,1.862637362637363,0
2010-06-08,12.6,18.3,7.8,0.0,1.862637362637363,0
2010-06-09,12.3,15.6,8.3,0.0,1.862637362637363,0
2010-06-10,12.2,17.8,6.7,0.0,1.8373626373626373,0
2010-06-11,14.4,22.8,5.0,0.0,1.7747252747252746,0
2010-06-12,22.3,30.0,13.9,0.0,1.6516483516483518,0
2010-06-13,19.3,29.4,10.0,0.0,1.6137362637362638,0
2010-06-14,13.2,21.1,8.3,0.0,1.6137362637362638,0
2010-06-15,11.1,16.7,7.8,0.0,1.6137362637362638,0
2010-06-16,13.6,22.2,6.1,0.0,1.6137362637362638,0
2010-06-17,12.9,23.3,3.9,0.0,1.6137362637362638,0
2010-06-18,10.1,12.2,8.3,0.0,1.6137362637362638,0
2010-06-19,11.0,16.1,9.4,0.0,1.6137362637362638,0
2010-06-20,13.2,20.0,8.3,0.0,1.6137362637362638,0
2010-06-21,14.5,24.4,6.1,0.0,1.6137362637362638,0
2010-06-22,13.4,21.7,6.7,0.0,1.6137362637362638,0
2010-06-23,13.7,22.8,8.3,0.0,1.6137362637362638,0
2010-06-24,12.2,18.3,8.3,0.0,1.6137362637362638,0
2010-06-25,12.2,18.3,10.0,0.0,1.6137362637362638,0
2010-06-26,13.7,21.1,8.9,0.0,1.6137362637362638,0
2010-06-27,20.2,31.1,8.3,0.0,1.6137362637362638,0
2010-06-28,17.3,27.8,10.0,0.0,1.6137362637362638,0
2010-06-29,15.1,25.6,8.3,0.0,1.6137362637362638,0
2010-06-30,12.8,19.4,6.1,0.0,1.591208791208791,0
2010-07-01,13.2,18.9,8.9,0.0,1.591208791208791,0
2010-07-02,13.6,21.1,7.2,0.0,1.591208791208791,0
2010-07-03,15.8,26.7,6.7,0.0,1.591208791208791,0
2010-07-04,15.8,25.0,7.2,0.0,1.591208791208791,0
2010-07-05,15.6,25.0,7.2,0.0,1.591208791208791,0
2010-07-06,15.7,23.3,10.6,0.0,1.591208791208791,0
2010-07-07,15.5,22.2,11.1,0.0,1.591208791208791,0
2010-07-08,14.2,21.1,10.0,0.0,1.591208791208791,0
2010-07-09,14.3,22.2,8.9,0.0,1.591208791208791,0
2010-07-10,15.6,25.6,8.9,0.0,1.591208791208791,0
2010-07-11,16.3,24.4,10.6,0.0,1.591208791208791,0
2010-07-12,16.5,23.9,12.2,0.0,1.591208791208791,0
2010-07-13,16.5,23.9,10.0,0.0,1.591208791208791,0
2010-07-14,18.5,30.0,8.9,0.0,1.5686813186813189,0
2010-07-15,19.9,28.3,12.8,0.0,1.5686813186813189,0
2010-07-16,18.3,28.3,11.1,0.0,1.5686813186813189,0
2010-07-17,17.5,27.2,10.6,0.0,1.5686813186813189,0
2010-07-18,16.2,26.1,8.9,0.0,1.5252747252747254,0
2010-07-19,13.9,22.2,7.8,0.0,1.3692307692307693,0
2010-07-20,12.9,20.0,9.4,0.0,1.284065934065934,0
2010-07-21,12.9,19.4,9.4,0.0,1.1164835164835163,0
2010-07-22,14.9,23.9,8.9,0.0,0.9813186813186812,0
2010-07-23,15.3,24.4,8.9,0.0,0.9296703296703296,0
2010-07-24,15.7,24.4,10.0,0.0,0.9296703296703296,0
2010-07-25,14.8,22.2,10.0,0.0,0.9296703296703296,0
2010-07-26,14.2,21.7,10.6,0.0,0.9296703296703296,0
2010-07-27,14.5,22.2,10.6,0.0,0.9016483516483516,0
2010-07-28,14.0,21.7,9.4,0.0,0.9016483516483516,0
2010-07-29,14.4,23.9,8.9,0.0,0.9016483516483516,0
2010-07-30,13.3,21.7,7.8,0.0,0.9016483516483516,0
2010-07-31,13.9,23.3,7.8,0.0,0.9016483516483516,0
2010-08-01,13.8,23.3,5.6,0.0,0.9016483516483516,0
2010-08-02,13.7,23.9,6.1,0.0,0.9016483516483516,0
2010-08-03,14.3,23.3,6.7,0.0,0.9016483516483516,0
2010-08-04,12.9,21.1,8.3,0.0,0.9016483516483516,0
2010-08-05,12.5,20.0,8.9,0.0,0.9016483516483516,0
2010-08-06,13.6,21.7,6.7,0.0,0.7703296703296703,0
2010-08-07,13.3,20.6,9.4,0.0,0.5038461538461538,0
2010-08-08,13.4,19.4,10.6,0.0,0.5038461538461538,0
2010-08-09,13.6,21.7,10.0,0.0,0.5038461538461538,0
2010-08-10,13.2,22.2,8.3,0.0,0.4423076923076923,0
2010-08-11,12.7,20.0,10.0,0.0,0.4423076923076923,0
2010-08-12,14.2,22.8,8.9,0.0,0.4423076923076923,0
2010-08-13,14.2,23.3,7.8,0.0,0.4423076923076923,0
2010-08-14,14.0,22.2,10.0,0.0,0.4423076923076923,0
2010-08-15,13.8,21.7,9.4,0.0,0.4423076923076923,0
2010-08-16,14.3,23.9,7.8,0.0,0.4423076923076923,0
2010-08-17,13.9,22.8,8.9,0.0,0.4423076923076923,0
2010-08-18,15.1,22.8,10.6,0.0,0.4423076923076923,0
2010-08-19,14.9,25.6,9.4,0.0,0.4423076923076923,0
2010-08-20,14.4,23.9,6.7,0.0,0.4296703296703297,0
2010-08-21,12.9,18.3,10.6,0.0,0.4225274725274726,0
2010-08-22,16.1,26.1,10.0,0.0,0.4181318681318682,0
2010-08-23,22.9,33.9,13.3,0.0,0.4181318681318682,0
2010-08-24,27.8,40.6,17.8,0.0,0.4181318681318682,0
2010-08-25,22.7,32.2,11.7,0.0,0.4164835164835164,0
2010-08-26,14.7,23.3,9.4,0.0,0.4164835164835164,0
2010-08-27,13.4,21.7,7.8,0.0,0.4164835164835164,0
2010-08-28,13.6,17.8,10.6,0.0,0.3049450549450549,0
2010-08-29,13.8,21.7,10.6,0.0,0.3049450549450549,0
2010-08-30,13.2,18.3,8.9,0.0,0.3049450549450549,0
2010-08-31,17.5,27.2,10.0,0.0,0.3049450549450549,0
2010-09-01,23.2,33.3,13.3,0.0,0.2967032967032967,0
2010-09-02,22.5,33.3,12.2,0.0,0.2967032967032967,0
2010-09-03,17.4,27.8,9.4,0.0,0.2967032967032967,0
2010-09-04,14.2,25.6,7.2,0.0,0.2379120879120879,0
2010-09-05,13.8,23.9,7.8,0.0,0.2379120879120879,0
2010-09-06,19.6,32.2,9.4,0.0,0.2379120879120879,0
2010-09-07,13.0,20.0,8.3,0.0,0.2379120879120879,0
2010-09-08,13.2,16.1,11.1,0.0,0.2379120879120879,0
2010-09-09,13.4,21.1,7.8,0.0,0.2379120879120879,0
2010-09-10,15.7,26.1,6.7,0.0,0.2379120879120879,0
2010-09-11,17.4,27.8,9.4,0.0,0.2379120879120879,0
2010-09-12,13.2,21.1,7.8,0.0,0.2379120879120879,0
2010-09-13,12.5,20.0,8.3,0.0,0.2379120879120879,0
2010-09-14,12.4,22.2,6.7,0.0,0.2379120879120879,0
2010-09-15,12.2,21.7,5.6,0.0,0.2379120879120879,0
2010-09-16,16.3,25.6,7.8,0.0,0.2379120879120879,0
2010-09-17,17.3,22.8,14.4,0.0,0.2379120879120879,0
2010-09-18,15.7,19.4,13.3,0.0,0.2379120879120879,0
2010-09-19,15.3,21.7,11.7,0.0,0.2379120879120879,0
2010-09-20,14.8,22.2,8.9,0.0,0.2379120879120879,0
2010-09-21,13.2,17.2,10.6,0.0,0.2379120879120879,0
2010-09-22,13.9,18.3,11.7,0.0,0.2379120879120879,0
2010-09-23,15.1,26.1,7.2,0.0,0.2379120879120879,0
2010-09-24,21.3,30.6,11.7,0.0,0.2379120879120879,0
2010-09-25,23.1,36.1,12.2,0.0,0.2379120879120879,0
2010-09-26,20.9,34.4,10.6,0.0,0.2379120879120879,0
2010-09-27,26.6,37.8,16.1,0.0,0.2379120879120879,0
2010-09-28,27.9,40.0,20.0,0.0,0.2379120879120879,0
2010-09-29,23.5,33.3,15.0,0.0,0.2379120879120879,0
2010-09-30,17.8,26.1,12.2,0.0,0.2379120879120879,0
2010-10-01,13.9,22.2,10.6,0.0,0.2379120879120879,0
2010-10-02,14.3,23.9,10.0,0.0,0.2379120879120879,0
2010-10-03,12.8,18.9,10.6,0.0,0.2335164835164835,0
2010-10-04,11.6,12.8,9.4,2.5,0.1675824175824175,0
2010-10-05,13.7,22.2,7.2,0.0,0.1675824175824175,0
2010-10-06,14.2,22.2,8.3,7.6,0.2093406593406593,0
2010-10-07,13.0,21.1,7.8,0.0,0.2093406593406593,0
2010-10-08,13.7,23.3,7.2,0.0,0.2093406593406593,0
2010-10-09,15.7,25.6,8.3,0.0,0.2093406593406593,0
2010-10-10,16.1,24.4,10.0,0.0,0.1087912087912087,0
2010-10-11,21.4,30.0,9.4,0.0,0.0824175824175824,0
2010-10-12,24.7,32.8,18.3,0.0,0.0824175824175824,0
2010-10-13,23.3,32.8,17.8,0.0,0.0824175824175824,0
2010-10-14,22.6,34.4,15.0,0.0,0.0824175824175824,0
2010-10-15,16.9,27.2,8.3,0.0,0.0824175824175824,0
2010-10-16,12.3,21.1,7.2,0.0,0.0824175824175824,0
2010-10-17,10.2,11.7,9.4,0.3,0.084065934065934,0
2010-10-18,12.1,18.9,8.3,0.0,0.084065934065934,0
2010-10-19,13.5,23.9,7.8,1.0,0.0741758241758241,0
2010-10-20,11.3,20.6,5.6,1.5,0.0824175824175824,0
2010-10-21,12.9,17.8,9.4,0.0,0.0824175824175824,0
2010-10-22,11.6,14.4,7.2,0.5,0.0851648351648351,0
2010-10-23,11.8,15.0,7.2,0.0,0.0851648351648351,0
2010-10-24,14.6,16.7,12.2,3.0,0.1016483516483516,0
2010-10-25,10.9,16.7,5.0,2.0,0.1126373626373626,0
2010-10-26,9.9,17.8,5.0,0.0,0.1109890109890109,0
2010-10-27,12.7,19.4,6.1,0.0,0.1082417582417582,0
2010-10-28,16.1,23.3,8.9,0.0,0.1082417582417582,0
2010-10-29,13.4,17.2,9.4,0.0,0.1082417582417582,0
2010-10-30,11.8,16.1,8.9,5.3,0.1373626373626373,0
2010-10-31,12.3,21.1,7.2,0.0,0.1373626373626373,0
2010-11-01,14.9,22.8,8.3,0.0,0.1373626373626373,0
2010-11-02,18.3,26.7,10.6,0.0,0.1373626373626373,0
2010-11-03,20.2,30.6,13.3,0.0,0.1373626373626373,0
2010-11-04,20.6,30.6,14.4,0.0,0.1373626373626373,0
2010-11-05,12.9,18.9,9.4,0.0,0.1373626373626373,0
2010-11-06,12.6,18.9,8.9,0.0,0.1373626373626373,0
2010-11-07,11.5,12.8,8.3,0.0,0.1373626373626373,0
2010-11-08,8.4,13.9,3.9,4.1,0.1598901098901098,0
2010-11-09,8.9,15.0,3.3,0.0,0.1598901098901098,0
2010-11-10,10.0,15.6,6.1,0.0,0.1598901098901098,0
2010-11-11,10.8,17.8,5.0,0.0,0.1598901098901098,0
2010-11-12,11.5,20.6,4.4,0.0,0.1598901098901098,0
2010-11-13,15.9,20.6,10.0,0.0,0.1598901098901098,0
2010-11-14,19.4,24.4,13.3,0.0,0.1598901098901098,0
2010-11-15,19.1,25.6,11.7,0.0,0.1598901098901098,0
2010-11-16,15.6,22.8,11.1,0.0,0.1554945054945054,0
2010-11-17,12.7,22.8,5.6,0.0,0.1554945054945054,0
2010-11-18,8.6,16.7,3.9,0.0,0.1554945054945054,0
2010-11-19,8.7,10.6,6.1,0.3,0.1571428571428571,0
2010-11-20,7.1,10.6,3.9,0.8,0.1615384615384615,0
2010-11-21,6.6,10.6,3.9,5.3,0.1906593406593406,0
2010-11-22,8.2,13.9,4.4,0.0,0.1906593406593406,0
2010-11-23,6.9,10.0,-0.6,0.0,0.1906593406593406,0
2010-11-24,3.1,9.4,-1.1,0.0,0.1906593406593406,0
2010-11-25,4.7,10.6,0.6,0.0,0.1879120879120878,0
2010-11-26,5.7,14.4,0.0,0.0,0.1879120879120878,0
2010-11-27,7.0,10.0,5.0,3.0,0.2043956043956043,0
2010-11-28,4.8,11.1,0.6,0.0,0.2043956043956043,0
2010-11-29,5.3,12.2,1.1,0.0,0.2043956043956043,0
2010-11-30,6.5,15.0,1.1,0.0,0.2043956043956043,0
2010-12-01,8.3,17.2,1.7,0.0,0.2043956043956043,0
2010-12-02,10.4,15.6,5.6,0.0,0.2043956043956043,0
2010-12-03,10.9,16.1,8.3,0.0,0.2043956043956043,0
2010-12-04,11.2,12.8,9.4,0.0,0.2043956043956043,0
2010-12-05,10.4,14.4,8.3,7.4,0.245054945054945,0
2010-12-06,10.7,15.0,5.6,0.8,0.2494505494505494,0
2010-12-07,9.9,18.9,5.6,0.0,0.2494505494505494,0
2010-12-08,11.2,12.8,7.2,0.0,0.2494505494505494,0
2010-12-09,13.5,17.2,12.2,0.0,0.2494505494505494,0
2010-12-10,13.6,16.7,10.6,0.0,0.2494505494505494,0
2010-12-11,13.3,20.6,10.0,0.0,0.2494505494505494,0
2010-12-12,13.3,23.3,9.4,0.0,0.2494505494505494,0
2010-12-13,10.2,15.6,7.2,0.0,0.2494505494505494,0
2010-12-14,11.4,13.3,8.3,0.0,0.2494505494505494,0
2010-12-15,6.8,12.8,2.2,0.0,0.2494505494505494,0
2010-12-16,6.6,15.0,0.6,0.8,0.2538461538461538,0
2010-12-17,9.6,12.2,7.2,6.9,0.2917582417582417,0
2010-12-18,12.5,13.9,11.7,30.2,0.4576923076923077,0
2010-12-19,10.3,13.9,6.7,71.1,0.8483516483516482,0
2010-12-20,7.8,9.4,6.7,33.5,1.0324175824175823,0
2010-12-21,9.2,11.1,7.2,22.6,1.1565934065934067,0
2010-12-22,9.2,10.6,7.2,43.2,1.393956043956044,0
2010-12-23,6.9,13.9,2.8,0.0,1.393956043956044,0
2010-12-24,8.8,12.8,5.0,0.0,1.393956043956044,0
2010-12-25,9.2,11.1,6.7,16.0,1.4818681318681317,0
2010-12-26,8.9,13.3,5.6,6.9,1.51978021978022,0
2010-12-27,8.3,13.9,4.4,0.0,1.51978021978022,0
2010-12-28,8.8,11.7,5.6,0.0,1.51978021978022,0
2010-12-29,6.9,11.7,1.7,20.6,1.632967032967033,0
2010-12-30,4.9,10.6,-1.1,0.0,1.632967032967033,0
2010-12-31,5.6,9.4,0.6,0.0,1.632967032967033,0
2011-01-01,7.1,8.3,5.0,0.0,1.632967032967033,0
2011-01-02,7.8,10.0,6.1,11.9,1.6983516483516483,0
2011-01-03,7.2,12.8,3.3,2.8,1.7137362637362636,0
2011-01-04,6.4,15.0,1.7,0.0,1.7137362637362636,0
2011-01-05,7.1,16.1,2.2,0.0,1.7137362637362636,0
2011-01-06,8.5,17.8,2.8,0.0,1.7137362637362636,0
2011-01-07,6.9,14.4,2.2,0.0,1.7137362637362636,0
2011-01-08,6.7,13.3,3.9,0.0,1.7137362637362636,0
2011-01-09,3.9,7.8,-0.6,0.0,1.7137362637362636,0
2011-01-10,5.2,9.4,0.6,0.0,1.7137362637362636,0
2011-01-11,8.5,11.7,6.1,0.0,1.7137362637362636,0
2011-01-12,11.6,18.3,7.2,0.0,1.7137362637362636,0
2011-01-13,11.7,15.0,7.8,0.0,1.7137362637362636,0
2011-01-14,13.6,17.2,10.0,0.0,1.7137362637362636,0
2011-01-15,16.7,23.3,8.3,0.0,1.7137362637362636,0
2011-01-16,12.7,23.3,7.8,0.0,1.7137362637362636,0
2011-01-17,15.6,21.7,8.3,0.0,1.7137362637362636,0
2011-01-18,16.7,20.6,9.4,0.0,1.7137362637362636,0
2011-01-19,12.0,16.7,6.7,0.0,1.7137362637362636,0
2011-01-20,12.9,20.0,7.2,0.0,1.7137362637362636,0
2011-01-21,12.8,21.1,7.8,0.0,1.7137362637362636,0
2011-01-22,16.2,19.4,8.9,0.0,1.7137362637362636,0
2011-01-23,15.8,24.4,7.8,0.0,1.7137362637362636,0
2011-01-24,12.9,21.1,7.2,0.0,1.7137362637362636,0
2011-01-25,16.4,21.7,11.7,0.0,1.7137362637362636,0
2011-01-26,15.6,23.3,9.4,0.0,1.7137362637362636,0
2011-01-27,13.8,23.9,6.1,0.0,1.7137362637362636,0
2011-01-28,8.3,15.0,3.3,0.0,1.7137362637362636,0
2011-01-29,9.4,13.3,6.1,0.0,1.7137362637362636,0
2011-01-30,8.9,11.1,6.1,5.3,1.7428571428571429,0
2011-01-31,8.1,13.9,3.9,0.0,1.7428571428571429,0
2011-02-01,11.3,16.7,4.4,0.0,1.7428571428571429,0
2011-02-02,9.6,15.6,3.3,0.0,1.7428571428571429,0
2011-02-03,8.7,17.2,2.2,0.0,1.7428571428571429,0
2011-02-04,13.6,20.6,5.0,0.0,1.7428571428571429,0
2011-02-05,19.3,22.8,15.6,0.0,1.7428571428571429,0
2011-02-06,17.6,23.3,10.0,0.0,1.7428571428571429,0
2011-02-07,12.1,21.1,5.0,0.0,1.7428571428571429,0
2011-02-08,10.7,14.4,7.8,0.0,1.7428571428571429,0
2011-02-09,10.0,15.0,5.6,0.0,1.7428571428571429,0
2011-02-10,10.4,17.2,4.4,0.0,1.7428571428571429,0
2011-02-11,11.4,21.7,3.9,0.0,1.7428571428571429,0
2011-02-12,12.3,21.7,3.9,0.0,1.7428571428571429,0
2011-02-13,9.0,17.8,2.8,0.0,1.7428571428571429,0
2011-02-14,10.0,11.7,8.3,0.0,1.7428571428571429,0
2011-02-15,10.3,12.2,8.3,0.0,1.7428571428571429,0
2011-02-16,7.7,10.6,6.1,16.5,1.8335164835164837,0
2011-02-17,5.9,7.8,3.9,0.0,1.8335164835164837,0
2011-02-18,4.3,6.7,1.7,13.5,1.907692307692308,0
2011-02-19,3.2,5.0,1.1,23.1,2.0346153846153845,0
2011-02-20,5.6,11.7,0.6,0.0,2.0346153846153845,0
2011-02-21,4.8,10.6,0.0,0.0,2.0346153846153845,0
2011-02-22,8.2,13.9,4.4,0.0,2.0346153846153845,0
2011-02-23,6.9,11.7,4.4,0.0,2.0346153846153845,0
2011-02-24,6.7,10.0,3.9,0.0,2.0346153846153845,0
2011-02-25,5.8,8.9,-0.6,24.6,2.16978021978022,0
2011-02-26,2.1,7.2,-1.7,5.8,2.201648351648352,0
2011-02-27,4.3,12.8,-1.7,0.0,2.201648351648352,0
2011-02-28,5.2,12.2,-0.6,0.0,2.201648351648352,0
2011-03-01,7.4,14.4,0.6,0.0,2.201648351648352,0
2011-03-02,9.7,11.7,6.7,3.8,2.2225274725274726,0
2011-03-03,10.8,17.2,5.6,0.3,2.2241758241758243,0
2011-03-04,10.4,19.4,4.4,0.0,2.2241758241758243,0
2011-03-05,12.0,19.4,5.6,0.0,2.2241758241758243,0
2011-03-06,10.8,12.8,8.9,0.0,2.2241758241758243,0
2011-03-07,8.9,12.2,7.2,0.0,2.2241758241758243,0
2011-03-08,10.1,13.9,7.2,0.0,2.2241758241758243,0
2011-03-09,10.7,19.4,5.0,0.0,2.2241758241758243,0
2011-03-10,9.4,14.4,4.4,0.0,2.2241758241758243,0
2011-03-11,8.1,13.9,2.8,0.0,2.2241758241758243,0
2011-03-12,8.8,15.6,3.3,0.0,2.2241758241758243,0
2011-03-13,10.9,15.6,6.1,0.0,2.2241758241758243,0
2011-03-14,13.1,16.7,11.1,0.0,2.2241758241758243,0
2011-03-15,12.4,16.7,10.0,0.0,2.2241758241758243,0
2011-03-16,9.6,14.4,2.8,0.0,2.2241758241758243,0
2011-03-17,7.8,15.6,1.1,0.0,2.2241758241758243,0
2011-03-18,7.3,10.6,5.0,0.0,2.2241758241758243,0
2011-03-19,7.0,9.4,5.6,0.8,2.2285714285714286,0
2011-03-20,7.9,10.6,5.0,61.5,2.5664835164835167,0
2011-03-21,6.7,11.7,3.9,4.1,2.589010989010989,0
2011-03-22,7.7,12.2,3.9,0.0,2.589010989010989,0
2011-03-23,8.3,10.6,6.7,9.9,2.6434065934065933,0
2011-03-24,7.1,9.4,6.1,3.8,2.664285714285714,0
2011-03-25,8.7,11.7,6.1,11.7,2.7285714285714286,0
2011-03-26,8.2,11.1,5.0,0.0,2.7285714285714286,0
2011-03-27,7.8,12.8,2.2,4.8,2.754945054945055,0
2011-03-28,8.8,15.0,3.9,0.0,2.754945054945055,0
2011-03-29,10.7,16.7,3.9,0.0,2.754945054945055,0
2011-03-30,17.1,26.7,7.8,0.0,2.754945054945055,0
2011-03-31,21.3,27.2,13.9,0.0,2.754945054945055,0
2011-04-01,18.6,27.8,10.0,0.0,2.754945054945055,0
2011-04-02,9.8,13.3,5.0,0.0,2.754945054945055,0
2011-04-03,9.7,17.8,3.3,0.0,2.754945054945055,0
2011-04-04,13.8,25.0,5.0,0.0,2.7412087912087912,0
2011-04-05,9.4,16.7,4.4,0.0,2.7412087912087912,0
2011-04-06,8.4,13.9,3.3,0.0,2.699450549450549,0
2011-04-07,6.7,10.6,1.7,0.0,2.699450549450549,0
2011-04-08,5.7,11.7,0.6,0.0,2.699450549450549,0
2011-04-09,7.3,13.9,0.6,0.0,2.699450549450549,0
2011-04-10,8.7,15.6,3.3,0.0,2.699450549450549,0
2011-04-11,9.3,16.7,3.9,0.0,2.699450549450549,0
2011-04-12,8.4,13.3,6.7,0.0,2.699450549450549,0
2011-04-13,7.6,13.3,2.2,0.0,2.699450549450549,0
2011-04-14,8.1,16.1,1.1,0.0,2.699450549450549,0
2011-04-15,12.3,20.0,3.9,0.0,2.699450549450549,0
2011-04-16,13.3,20.6,8.3,0.0,2.699450549450549,0
2011-04-17,12.7,19.4,10.0,0.0,2.697802197802198,0
2011-04-18,12.2,15.6,9.4,0.0,2.697802197802198,0
2011-04-19,13.0,19.4,7.8,0.0,2.6923076923076925,0
2011-04-20,11.3,13.9,7.2,0.0,2.684065934065934,0
2011-04-21,9.7,13.9,4.4,0.0,2.684065934065934,0
2011-04-22,8.8,15.0,3.9,0.0,2.681318681318681,0
2011-04-23,10.8,15.6,5.0,0.0,2.681318681318681,0
2011-04-24,10.6,14.4,7.2,0.0,2.6648351648351647,0
2011-04-25,10.4,15.6,6.7,0.0,2.6538461538461537,0
2011-04-26,9.1,16.1,2.8,0.0,2.6538461538461537,0
2011-04-27,9.5,16.7,2.8,0.0,2.6538461538461537,0
2011-04-28,9.3,15.0,4.4,0.0,2.6538461538461537,0
2011-04-29,9.9,16.7,1.7,0.0,2.6538461538461537,0
2011-04-30,13.0,20.0,5.0,0.0,2.6247252747252747,0
2011-05-01,15.1,25.0,6.1,0.0,2.6247252747252747,0
2011-05-02,13.3,22.8,5.6,0.0,2.6247252747252747,0
2011-05-03,13.4,22.2,6.7,0.0,2.6247252747252747,0
2011-05-04,20.1,29.4,10.6,0.0,2.6247252747252747,0
2011-05-05,18.9,29.4,9.4,0.0,2.6247252747252747,0
2011-05-06,10.9,16.1,7.2,0.0,2.6247252747252747,0
2011-05-07,10.1,13.3,7.8,0.0,2.6247252747252747,0
2011-05-08,10.0,13.9,7.8,0.0,2.6247252747252747,0
2011-05-09,10.4,16.7,4.4,0.8,2.6065934065934067,0
2011-05-10,9.8,17.2,3.9,0.0,2.6065934065934067,0
2011-05-11,10.1,15.6,6.7,0.0,2.6065934065934067,0
2011-05-12,11.6,18.9,4.4,0.0,2.6065934065934067,0
2011-05-13,9.7,16.1,2.2,0.0,2.6065934065934067,0
2011-05-14,9.6,14.4,4.4,0.0,2.6065934065934067,0
2011-05-15,8.7,12.8,4.4,1.8,2.6164835164835165,0
2011-05-16,9.0,13.3,6.1,0.0,2.6164835164835165,0
2011-05-17,9.3,11.7,7.8,4.6,2.6417582417582417,0
2011-05-18,10.1,13.9,8.3,4.3,2.6653846153846152,0
2011-05-19,12.6,20.6,7.2,0.0,2.6653846153846152,0
2011-05-20,11.2,17.2,8.3,0.0,2.663736263736264,0
2011-05-21,11.7,16.7,8.9,0.0,2.659340659340659,0
2011-05-22,9.9,13.9,8.3,0.0,2.63021978021978,0
2011-05-23,10.1,15.0,8.3,0.0,2.63021978021978,0
2011-05-24,10.6,16.7,4.4,0.0,2.63021978021978,0
2011-05-25,9.9,16.1,3.9,0.0,2.63021978021978,0
2011-05-26,11.3,17.8,6.1,0.0,2.63021978021978,0
2011-05-27,11.8,17.2,7.2,0.0,2.63021978021978,0
2011-05-28,11.3,17.2,7.2,0.0,2.613736263736264,0
2011-05-29,10.7,16.1,5.0,0.0,2.613736263736264,0
2011-05-30,11.0,16.7,7.2,0.0,2.613736263736264,0
2011-05-31,10.1,12.2,7.8,0.0,2.613736263736264,0
2011-06-01,10.7,14.4,7.2,0.0,2.613736263736264,0
2011-06-02,10.2,16.1,5.0,0.0,2.613736263736264,0
2011-06-03,10.7,15.0,4.4,0.0,2.613736263736264,0
2011-06-04,12.2,15.6,9.4,0.0,2.613736263736264,0
2011-06-05,12.6,17.2,8.3,0.0,2.573076923076923,0
2011-06-06,12.1,17.8,8.9,0.0,2.568681318681319,0
2011-06-07,12.5,17.8,9.4,0.0,2.568681318681319,0
2011-06-08,12.9,18.3,10.0,0.0,2.568681318681319,0
2011-06-09,12.6,20.0,8.9,0.0,2.568681318681319,0
2011-06-10,11.0,15.0,9.4,0.0,2.568681318681319,0
2011-06-11,10.4,13.3,8.9,0.0,2.568681318681319,0
2011-06-12,12.3,18.3,8.9,0.0,2.568681318681319,0
2011-06-13,13.3,20.0,9.4,0.0,2.568681318681319,0
2011-06-14,16.2,26.7,7.8,0.0,2.568681318681319,0
2011-06-15,14.8,23.9,7.8,0.0,2.568681318681319,0
2011-06-16,12.1,18.9,6.1,0.0,2.564285714285714,0
2011-06-17,12.3,18.9,8.3,0.3,2.528021978021978,0
2011-06-18,14.6,22.8,9.4,0.0,2.362087912087912,0
2011-06-19,17.9,27.8,10.0,0.0,1.9714285714285715,0
2011-06-20,22.2,32.2,13.3,0.0,1.7873626373626377,0
2011-06-21,21.8,31.7,10.6,0.0,1.663186813186813,0
2011-06-22,15.5,22.2,9.4,0.0,1.425824175824176,0
2011-06-23,13.7,22.2,6.7,0.0,1.425824175824176,0
2011-06-24,13.0,20.6,6.7,0.0,1.425824175824176,0
2011-06-25,12.4,18.9,8.9,0.0,1.3379120879120878,0
2011-06-26,14.5,21.7,9.4,0.0,1.3,0
2011-06-27,14.6,21.7,9.4,0.0,1.3,0
2011-06-28,12.3,14.4,8.9,0.0,1.3,0
2011-06-29,12.8,17.8,10.0,0.0,1.1868131868131868,0
2011-06-30,14.9,22.8,7.2,0.0,1.1868131868131868,0
2011-07-01,18.1,30.0,8.9,0.0,1.1868131868131868,0
2011-07-02,16.1,26.7,8.3,0.0,1.1868131868131868,0
2011-07-03,20.3,32.8,10.6,0.0,1.1214285714285714,0
2011-07-04,16.8,25.6,10.6,0.0,1.106043956043956,0
2011-07-05,20.3,30.6,10.0,0.0,1.106043956043956,0
2011-07-06,20.1,30.0,10.6,0.0,1.106043956043956,0
2011-07-07,16.5,26.1,8.9,0.0,1.106043956043956,0
2011-07-08,15.4,25.0,8.9,0.0,1.106043956043956,0
2011-07-09,12.9,20.6,8.9,0.0,1.106043956043956,0
2011-07-10,13.7,20.6,8.9,0.0,1.106043956043956,0
2011-07-11,12.4,17.2,10.6,0.0,1.106043956043956,0
2011-07-12,12.8,17.8,10.0,0.0,1.106043956043956,0
2011-07-13,12.5,14.4,10.6,0.0,1.106043956043956,0
2011-07-14,11.4,13.3,10.0,0.0,1.106043956043956,0
2011-07-15,12.8,17.2,10.6,0.0,1.106043956043956,0
2011-07-16,15.0,22.2,11.1,0.0,1.106043956043956,0
2011-07-17,14.2,20.0,8.3,0.0,1.106043956043956,0
2011-07-18,16.2,24.4,7.8,0.0,1.106043956043956,0
2011-07-19,15.9,22.8,10.6,0.0,1.106043956043956,0
2011-07-20,18.4,27.8,10.0,0.0,1.106043956043956,0
2011-07-21,15.7,25.6,9.4,0.0,1.106043956043956,0
2011-07-22,15.3,23.9,10.6,0.0,1.106043956043956,0
2011-07-23,15.1,22.8,10.0,0.0,1.106043956043956,0
2011-07-24,15.7,23.3,11.7,0.0,1.106043956043956,0
2011-07-25,13.7,20.6,9.4,0.0,1.106043956043956,0
2011-07-26,14.8,22.8,9.4,0.0,1.106043956043956,0
2011-07-27,15.8,26.1,7.2,0.0,1.106043956043956,0
2011-07-28,15.9,26.7,7.8,0.0,1.106043956043956,0
2011-07-29,16.0,24.4,9.4,0.0,1.106043956043956,0
2011-07-30,16.4,23.3,12.2,0.0,1.106043956043956,0
2011-07-31,14.5,21.1,11.7,0.0,1.0769230769230769,0
2011-08-01,14.8,22.2,8.3,0.0,1.0769230769230769,0
2011-08-02,14.9,23.9,8.9,0.0,1.0769230769230769,0
2011-08-03,13.9,22.2,8.3,0.0,1.0769230769230769,0
2011-08-04,13.4,16.1,11.7,0.0,1.0769230769230769,0
2011-08-05,15.0,23.3,8.9,0.0,1.0769230769230769,0
2011-08-06,14.0,21.1,10.6,0.0,1.0769230769230769,0
2011-08-07,12.6,16.1,10.0,0.0,1.0769230769230769,0
2011-08-08,13.9,21.7,9.4,0.0,1.0769230769230769,0
2011-08-09,14.6,24.4,6.1,0.0,1.0769230769230769,0
2011-08-10,13.6,22.2,7.8,0.0,1.0769230769230769,0
2011-08-11,14.3,21.7,10.6,0.0,1.0769230769230769,0
2011-08-12,13.6,21.1,9.4,0.0,1.0769230769230769,0
2011-08-13,14.5,24.4,7.2,0.0,1.0769230769230769,0
2011-08-14,15.2,26.1,6.7,0.0,1.0769230769230769,0
2011-08-15,16.2,25.6,8.9,0.0,1.0769230769230769,0
2011-08-16,15.1,25.6,7.2,0.0,1.0769230769230769,0
2011-08-17,14.8,23.3,7.2,0.0,0.9862637362637364,0
2011-08-18,14.5,22.8,8.3,0.0,0.9862637362637364,0
2011-08-19,13.2,21.1,11.1,0.0,0.912087912087912,0
2011-08-20,13.7,19.4,10.6,0.0,0.785164835164835,0
2011-08-21,14.8,22.2,11.7,0.0,0.785164835164835,0
2011-08-22,15.3,25.6,10.0,0.0,0.785164835164835,0
2011-08-23,21.4,31.7,11.1,0.0,0.785164835164835,0
2011-08-24,18.9,28.3,12.2,0.0,0.785164835164835,0
2011-08-25,16.2,25.0,11.1,0.0,0.785164835164835,0
2011-08-26,15.4,24.4,8.3,0.0,0.65,0
2011-08-27,15.1,25.6,7.2,0.0,0.6181318681318682,0
2011-08-28,16.0,27.8,6.7,0.0,0.6181318681318682,0
2011-08-29,14.3,23.3,8.3,0.0,0.6181318681318682,0
2011-08-30,14.8,22.2,11.1,0.0,0.6181318681318682,0
2011-08-31,15.0,24.4,10.6,0.0,0.5972527472527472,0
2011-09-01,16.2,26.1,10.0,0.0,0.5956043956043956,0
2011-09-02,17.7,27.2,8.9,0.0,0.5956043956043956,0
2011-09-03,14.8,24.4,7.2,0.0,0.5956043956043956,0
2011-09-04,14.6,23.3,10.0,0.0,0.5956043956043956,0
2011-09-05,14.4,25.0,8.9,0.0,0.5956043956043956,0
2011-09-06,17.9,32.2,5.6,0.0,0.5956043956043956,0
2011-09-07,22.8,34.4,11.7,0.0,0.5956043956043956,0
2011-09-08,14.0,26.1,7.2,0.0,0.5956043956043956,0
2011-09-09,16.6,26.1,7.2,0.0,0.5956043956043956,0
2011-09-10,19.0,29.4,10.6,0.0,0.5956043956043956,0
2011-09-11,16.8,24.4,11.7,0.0,0.5956043956043956,0
2011-09-12,16.6,24.4,11.1,0.0,0.5956043956043956,0
2011-09-13,15.9,24.4,11.1,0.0,0.5956043956043956,0
2011-09-14,13.9,21.1,10.6,0.0,0.5956043956043956,0
2011-09-15,14.3,21.1,11.7,0.0,0.5956043956043956,0
2011-09-16,14.6,20.6,11.7,0.0,0.5956043956043956,0
2011-09-17,15.1,23.9,8.9,0.0,0.5912087912087912,0
2011-09-18,18.9,31.7,8.9,0.0,0.2532967032967033,0
2011-09-19,22.8,32.8,14.4,0.0,0.2307692307692307,0
2011-09-20,23.2,34.4,15.6,0.0,0.2307692307692307,0
2011-09-21,20.2,31.7,9.4,0.0,0.1763736263736263,0
2011-09-22,17.6,31.7,7.8,0.0,0.1554945054945055,0
2011-09-23,21.4,32.8,12.8,0.0,0.0912087912087912,0
2011-09-24,15.1,21.7,11.7,0.0,0.0912087912087912,0
2011-09-25,14.7,18.3,7.8,0.0,0.0648351648351648,0
2011-09-26,14.7,25.0,7.2,0.0,0.0648351648351648,0
2011-09-27,18.6,30.0,8.3,0.0,0.0648351648351648,0
2011-09-28,24.0,34.4,15.6,0.0,0.0648351648351648,0
2011-09-29,18.2,25.0,12.2,0.0,0.0648351648351648,0
2011-09-30,16.1,21.7,12.8,0.0,0.0648351648351648,0
2011-10-01,16.1,23.3,10.6,0.0,0.0648351648351648,0
2011-10-02,14.2,23.3,8.3,0.0,0.0648351648351648,0
2011-10-03,12.6,16.7,7.8,0.0,0.0648351648351648,0
2011-10-04,13.6,17.2,12.2,0.0,0.0648351648351648,0
2011-10-05,11.9,15.6,8.9,29.2,0.2252747252747252,0
2011-10-06,10.8,15.6,7.2,0.0,0.2252747252747252,0
2011-10-07,11.8,20.6,5.6,0.0,0.2252747252747252,0
2011-10-08,13.3,22.2,7.2,0.0,0.2252747252747252,0
2011-10-09,13.8,24.4,7.2,0.0,0.2252747252747252,0
2011-10-10,14.8,17.2,9.4,0.0,0.2252747252747252,0
2011-10-11,17.3,23.3,13.3,0.0,0.2252747252747252,0
2011-10-12,19.3,26.7,13.9,0.0,0.2252747252747252,0
2011-10-13,21.7,30.0,13.3,0.0,0.2252747252747252,0
2011-10-14,21.3,29.4,15.0,0.0,0.2252747252747252,0
2011-10-15,16.7,24.4,11.1,0.0,0.2252747252747252,0
2011-10-16,16.2,23.3,11.1,0.0,0.2252747252747252,0
2011-10-17,19.1,28.9,10.6,0.0,0.2252747252747252,0
2011-10-18,14.5,20.6,10.0,0.0,0.2252747252747252,0
2011-10-19,13.8,18.9,11.1,0.0,0.2252747252747252,0
2011-10-20,12.7,18.9,9.4,0.0,0.2252747252747252,0
2011-10-21,14.7,23.9,10.0,0.0,0.2252747252747252,0
2011-10-22,20.4,27.2,11.1,0.0,0.2252747252747252,0
2011-10-23,20.2,31.1,13.3,0.0,0.2252747252747252,0
2011-10-24,14.6,21.7,11.1,0.0,0.2252747252747252,0
2011-10-25,11.9,20.0,6.7,0.5,0.228021978021978,0
2011-10-26,12.8,21.7,6.7,0.0,0.228021978021978,0
2011-10-27,13.8,23.9,6.7,0.0,0.228021978021978,0
2011-10-28,15.1,23.9,8.9,0.0,0.228021978021978,0
2011-10-29,15.9,25.6,8.9,0.0,0.228021978021978,0
2011-10-30,17.3,27.8,10.6,0.0,0.228021978021978,0
2011-10-31,15.0,23.9,8.9,0.0,0.228021978021978,0
2011-11-01,16.3,21.7,8.3,0.0,0.228021978021978,0
2011-11-02,17.1,26.1,8.9,0.0,0.228021978021978,0
2011-11-03,8.9,14.4,6.1,0.0,0.228021978021978,0
2011-11-04,7.3,13.3,3.3,4.1,0.2505494505494505,0
2011-11-05,8.6,12.2,5.0,0.0,0.2505494505494505,0
2011-11-06,9.6,14.4,6.7,9.1,0.3005494505494506,0
2011-11-07,8.4,15.6,2.2,0.0,0.2961538461538461,0
2011-11-08,8.7,17.2,1.7,0.0,0.2961538461538461,0
2011-11-09,10.0,19.4,3.9,0.0,0.2961538461538461,0
2011-11-10,12.1,20.6,5.0,0.0,0.2961538461538461,0
2011-11-11,10.0,12.2,6.7,0.0,0.2961538461538461,0
2011-11-12,10.0,14.4,6.7,4.1,0.3186813186813186,0
2011-11-13,10.7,18.3,6.1,0.0,0.3087912087912087,0
2011-11-14,10.3,16.1,6.1,0.0,0.3087912087912087,0
2011-11-15,10.3,20.0,4.4,0.0,0.2835164835164835,0
2011-11-16,10.0,18.3,4.4,0.0,0.2598901098901098,0
2011-11-17,9.8,13.3,6.1,0.0,0.2598901098901098,0
2011-11-18,8.0,10.6,5.0,0.0,0.2598901098901098,0
2011-11-19,7.2,12.2,3.3,0.0,0.2598901098901098,0
2011-11-20,8.1,12.2,5.6,22.9,0.3857142857142857,0
2011-11-21,7.8,15.0,2.8,0.0,0.3857142857142857,0
2011-11-22,9.5,15.6,5.6,0.0,0.3857142857142857,0
2011-11-23,10.2,13.3,7.2,0.0,0.3857142857142857,0
2011-11-24,8.3,10.6,3.3,0.0,0.3857142857142857,0
2011-11-25,10.0,17.8,3.3,0.0,0.3857142857142857,0
2011-11-26,13.2,21.7,8.9,0.0,0.3857142857142857,0
2011-11-27,13.4,21.7,8.9,0.0,0.3857142857142857,0
2011-11-28,10.5,16.1,6.1,0.0,0.3857142857142857,0
2011-11-29,9.4,18.3,4.4,0.0,0.3857142857142857,0
2011-11-30,11.3,16.7,4.4,0.0,0.3857142857142857,0
2011-12-01,14.0,17.8,11.1,0.0,0.3857142857142857,0
2011-12-02,15.7,21.1,11.1,0.0,0.3857142857142857,0
2011-12-03,11.8,15.6,5.0,0.0,0.3857142857142857,0
2011-12-04,8.3,18.3,2.2,0.0,0.3857142857142857,0
2011-12-05,8.9,13.3,2.8,0.0,0.3857142857142857,0
2011-12-06,7.5,17.2,2.2,0.0,0.3857142857142857,0
2011-12-07,6.9,16.7,1.1,0.0,0.3857142857142857,0
2011-12-08,6.9,16.7,0.6,0.0,0.3857142857142857,0
2011-12-09,10.1,21.1,3.3,0.0,0.3857142857142857,0
2011-12-10,8.7,17.8,4.4,0.0,0.3857142857142857,0
2011-12-11,6.7,10.6,5.0,0.0,0.3857142857142857,0
2011-12-12,5.8,8.3,2.2,20.1,0.4961538461538461,0
2011-12-13,6.3,14.4,1.7,4.3,0.5197802197802197,0
2011-12-14,6.5,14.4,1.7,0.0,0.5197802197802197,0
2011-12-15,6.3,9.4,2.2,1.0,0.5252747252747253,0
2011-12-16,7.4,15.0,2.2,0.0,0.5236263736263737,0
2011-12-17,8.8,20.0,3.3,0.3,0.5252747252747253,0
2011-12-18,7.1,13.3,2.2,0.0,0.5252747252747253,0
2011-12-19,8.2,15.0,2.8,0.0,0.5252747252747253,0
2011-12-20,9.2,15.0,4.4,0.0,0.5252747252747253,0
2011-12-21,10.8,15.6,3.3,0.0,0.5252747252747253,0
2011-12-22,10.4,14.4,5.0,0.0,0.5252747252747253,0
2011-12-23,8.3,16.7,2.8,0.0,0.5252747252747253,0
2011-12-24,9.3,19.4,3.3,0.0,0.5252747252747253,0
2011-12-25,8.1,20.6,2.2,0.0,0.5252747252747253,0
2011-12-26,5.8,10.0,2.2,0.0,0.5252747252747253,0
2011-12-27,8.9,16.7,2.2,0.0,0.5252747252747253,0
2011-12-28,11.2,18.9,5.6,0.0,0.5252747252747253,0
2011-12-29,12.5,17.2,8.9,0.0,0.5252747252747253,0
2011-12-30,10.9,15.6,8.3,0.0,0.5252747252747253,0
2011-12-31,10.8,14.4,5.6,0.0,0.5252747252747253,0
2012-01-01,14.8,25.6,7.2,0.0,0.5252747252747253,0
2012-01-02,9.3,14.4,6.1,0.0,0.5252747252747253,0
2012-01-03,11.8,21.1,5.6,0.0,0.5252747252747253,0
2012-01-04,13.7,20.0,8.3,0.0,0.5252747252747253,0
2012-01-05,10.6,20.0,5.0,0.0,0.5252747252747253,0
2012-01-06,8.6,15.0,4.4,0.0,0.5252747252747253,0
2012-01-07,13.6,18.3,9.4,0.0,0.5252747252747253,0
2012-01-08,13.3,18.9,8.3,0.0,0.5252747252747253,0
2012-01-09,11.0,22.2,3.9,0.0,0.5252747252747253,0
2012-01-10,9.8,18.3,3.9,0.0,0.5252747252747253,0
2012-01-11,12.5,20.0,5.6,0.0,0.5252747252747253,0
2012-01-12,11.9,18.9,6.1,0.0,0.5252747252747253,0
2012-01-13,12.9,24.4,6.1,0.0,0.5252747252747253,0
2012-01-14,11.6,22.8,5.0,0.0,0.5252747252747253,0
2012-01-15,5.3,8.9,1.7,0.0,0.5252747252747253,0
2012-01-16,3.3,10.6,-1.7,0.0,0.5252747252747253,0
2012-01-17,3.0,11.1,-2.2,0.0,0.5252747252747253,0
2012-01-18,4.4,13.9,-1.7,0.0,0.5252747252747253,0
2012-01-19,6.4,10.0,1.1,0.0,0.5252747252747253,0
2012-01-20,11.0,13.3,8.9,0.0,0.5252747252747253,0
2012-01-21,7.9,12.2,2.2,17.3,0.6203296703296703,0
2012-01-22,7.4,10.6,2.8,0.0,0.6203296703296703,0
2012-01-23,9.3,11.7,7.2,15.7,0.7065934065934065,0
2012-01-24,9.0,15.6,6.1,0.0,0.7065934065934065,0
2012-01-25,12.9,20.0,6.7,0.0,0.7065934065934065,0
2012-01-26,11.4,16.1,8.3,0.0,0.7065934065934065,0
2012-01-27,12.6,17.2,8.3,0.0,0.7065934065934065,0
2012-01-28,11.8,18.3,6.7,0.0,0.7065934065934065,0
2012-01-29,11.6,21.7,6.1,0.0,0.7065934065934065,0
2012-01-30,9.1,14.4,6.1,0.0,0.7065934065934065,0
2012-01-31,7.5,13.3,2.2,0.0,0.7065934065934065,0
2012-02-01,8.4,12.2,1.7,0.0,0.7065934065934065,0
2012-02-02,11.2,18.3,5.0,0.0,0.7065934065934065,0
2012-02-03,9.7,17.2,4.4,0.0,0.7065934065934065,0
2012-02-04,9.9,20.0,3.3,0.0,0.7065934065934065,0
2012-02-05,12.1,20.0,5.6,0.0,0.7065934065934065,0
2012-02-06,12.1,17.2,6.7,0.0,0.7065934065934065,0
2012-02-07,10.8,14.4,8.9,0.3,0.7082417582417583,0
2012-02-08,11.6,17.2,6.7,0.0,0.7082417582417583,0
2012-02-09,12.9,23.3,6.7,0.0,0.7082417582417583,0
2012-02-10,9.8,15.6,4.4,0.0,0.7082417582417583,0
2012-02-11,8.6,11.1,7.2,0.3,0.7098901098901098,0
2012-02-12,7.8,10.0,4.4,0.0,0.7098901098901098,0
2012-02-13,6.2,8.3,3.3,0.3,0.7115384615384616,0
2012-02-14,6.0,12.2,1.7,0.0,0.7115384615384616,0
2012-02-15,7.5,12.8,1.7,3.3,0.7296703296703297,0
2012-02-16,9.6,17.2,2.2,0.0,0.7296703296703297,0
2012-02-17,8.4,16.7,1.7,0.0,0.7296703296703297,0
2012-02-18,7.5,12.8,1.1,0.0,0.7296703296703297,0
2012-02-19,5.2,11.7,0.0,0.0,0.7296703296703297,0
2012-02-20,8.7,13.9,5.0,0.0,0.7296703296703297,0
2012-02-21,11.9,19.4,4.4,0.0,0.7296703296703297,0
2012-02-22,15.2,23.9,6.7,0.0,0.7296703296703297,0
2012-02-23,15.1,21.7,6.7,0.0,0.7296703296703297,0
2012-02-24,14.4,23.3,6.1,0.0,0.7296703296703297,0
2012-02-25,8.2,14.4,3.3,0.0,0.7296703296703297,0
2012-02-26,7.4,13.9,4.4,0.0,0.7296703296703297,0
2012-02-27,5.1,10.6,0.6,0.0,0.7296703296703297,0
2012-02-28,6.6,11.1,1.1,0.0,0.7296703296703297,0
2012-02-29,7.8,10.6,5.6,0.0,0.7296703296703297,0
2012-03-01,6.3,9.4,2.2,0.0,0.7296703296703297,0
2012-03-02,8.4,15.6,3.3,0.0,0.7296703296703297,0
2012-03-03,11.9,20.6,3.9,0.0,0.7296703296703297,0
2012-03-04,14.7,25.0,7.2,0.0,0.7296703296703297,0
2012-03-05,10.8,20.0,6.1,0.0,0.7296703296703297,0
2012-03-06,7.7,11.1,4.4,0.0,0.7296703296703297,0
2012-03-07,7.9,15.6,2.8,0.0,0.7296703296703297,0
2012-03-08,10.2,20.6,2.2,0.0,0.7296703296703297,0
2012-03-09,11.4,23.9,2.8,0.0,0.7296703296703297,0
2012-03-10,8.3,16.7,2.8,0.0,0.7296703296703297,0
2012-03-11,8.0,14.4,2.8,0.0,0.7296703296703297,0
2012-03-12,8.6,14.4,1.7,0.0,0.7296703296703297,0
2012-03-13,9.9,10.6,9.4,0.0,0.7296703296703297,0
2012-03-14,11.4,12.8,10.6,0.0,0.7296703296703297,0
2012-03-15,12.2,15.0,10.6,0.0,0.7296703296703297,0
2012-03-16,10.4,12.2,6.1,0.0,0.7296703296703297,0
2012-03-17,5.8,8.3,3.3,19.1,0.8346153846153846,0
2012-03-18,5.4,9.4,2.8,0.3,0.8362637362637362,0
2012-03-19,6.4,13.3,0.6,0.0,0.8362637362637362,0
2012-03-20,10.9,18.3,6.1,0.0,0.8362637362637362,0
2012-03-21,11.6,20.0,6.7,0.0,0.8362637362637362,0
2012-03-22,8.3,12.2,2.8,0.0,0.8362637362637362,0
2012-03-23,8.3,15.6,1.1,0.0,0.8362637362637362,0
2012-03-24,6.2,8.3,4.4,0.0,0.8362637362637362,0
2012-03-25,7.5,13.9,4.4,23.1,0.9631868131868132,0
2012-03-26,7.8,12.8,2.2,1.0,0.9686813186813188,0
2012-03-27,9.9,12.2,7.8,0.0,0.9686813186813188,0
2012-03-28,11.9,17.8,6.1,0.0,0.9686813186813188,0
2012-03-29,10.9,18.3,5.6,0.0,0.9686813186813188,0
2012-03-30,12.7,17.2,7.2,0.0,0.9686813186813188,0
2012-03-31,9.9,12.8,6.7,1.0,0.9741758241758244,0
2012-04-01,8.4,13.3,2.8,0.0,0.9741758241758244,0
2012-04-02,9.1,17.8,2.2,0.0,0.9741758241758244,0
2012-04-03,9.8,17.8,3.3,0.0,0.9741758241758244,0
2012-04-04,7.5,12.8,1.7,0.0,0.8137362637362638,0
2012-04-05,5.9,12.2,-0.6,0.0,0.8137362637362638,0
2012-04-06,6.7,14.4,0.0,0.0,0.8137362637362638,0
2012-04-07,9.4,18.9,1.1,0.0,0.8137362637362638,0
2012-04-08,8.8,19.4,0.6,0.0,0.8137362637362638,0
2012-04-09,11.4,20.6,2.2,0.0,0.8137362637362638,0
2012-04-10,9.9,11.1,8.9,3.8,0.8346153846153846,0
2012-04-11,10.6,13.3,8.3,14.7,0.9153846153846154,0
2012-04-12,10.2,14.4,6.7,0.0,0.9153846153846156,0
2012-04-13,8.5,11.7,6.7,12.4,0.9835164835164836,0
2012-04-14,10.0,14.4,7.2,0.0,0.9835164835164836,0
2012-04-15,10.0,16.7,3.9,0.0,0.9835164835164836,0
2012-04-16,10.3,18.3,2.8,0.0,0.9835164835164836,0
2012-04-17,12.1,19.4,6.7,0.0,0.9835164835164836,0
2012-04-18,12.2,18.9,5.6,0.0,0.9835164835164836,0
2012-04-19,14.8,21.7,10.0,0.0,0.9835164835164836,0
2012-04-20,19.5,30.0,12.2,0.0,0.9835164835164836,0
2012-04-21,21.4,30.0,13.3,0.0,0.9835164835164836,0
2012-04-22,16.2,23.3,10.0,0.0,0.9835164835164836,0
2012-04-23,12.9,16.7,10.6,0.0,0.9835164835164836,0
2012-04-24,15.2,21.7,11.1,0.0,0.9807692307692308,0
2012-04-25,15.1,21.1,11.7,5.1,1.0087912087912088,0
2012-04-26,11.1,15.0,7.8,7.4,1.0494505494505495,0
2012-04-27,10.3,17.2,3.3,0.0,1.0494505494505495,0
2012-04-28,11.8,18.3,5.6,0.0,1.0494505494505495,0
2012-04-29,13.3,23.3,6.1,0.0,1.0494505494505495,0
2012-04-30,13.1,23.3,6.1,0.0,1.0494505494505495,0
2012-05-01,9.9,14.4,7.2,0.0,1.0494505494505495,0
2012-05-02,9.8,14.4,6.1,0.0,1.0494505494505495,0
2012-05-03,11.2,15.6,6.1,0.0,1.0494505494505495,0
2012-05-04,10.0,15.0,4.4,0.0,1.026923076923077,0
2012-05-05,12.8,21.7,3.3,0.0,1.026923076923077,0
2012-05-06,17.8,25.6,8.3,0.0,0.976923076923077,0
2012-05-07,18.2,28.9,8.3,0.0,0.976923076923077,0
2012-05-08,15.7,27.8,5.6,0.0,0.976923076923077,0
2012-05-09,11.7,20.6,5.0,0.0,0.976923076923077,0
2012-05-10,14.2,25.6,4.4,0.0,0.976923076923077,0
2012-05-11,16.7,27.2,7.8,0.0,0.976923076923077,0
2012-05-12,14.2,25.6,6.1,0.0,0.9543956043956044,0
2012-05-13,12.4,20.6,8.3,0.0,0.9543956043956044,0
2012-05-14,12.1,18.3,6.7,0.0,0.9543956043956044,0
2012-05-15,11.4,20.0,5.6,0.0,0.9543956043956044,0
2012-05-16,12.3,20.6,7.8,0.0,0.9543956043956044,0
2012-05-17,10.5,16.1,7.2,0.0,0.9543956043956044,0
2012-05-18,11.6,21.1,4.4,0.0,0.9543956043956044,0
2012-05-19,11.8,21.7,3.3,0.0,0.9543956043956044,0
2012-05-20,13.6,23.9,5.6,0.0,0.8285714285714286,0
2012-05-21,14.6,21.1,7.2,0.0,0.8285714285714286,0
2012-05-22,14.1,20.0,9.4,0.0,0.8285714285714286,0
2012-05-23,11.9,17.2,6.1,0.0,0.8285714285714286,0
2012-05-24,10.4,16.1,3.9,0.0,0.8285714285714286,0
2012-05-25,9.3,13.9,7.8,0.3,0.8302197802197802,0
2012-05-26,9.3,11.7,7.8,0.0,0.8302197802197802,0
2012-05-27,10.2,17.2,6.1,0.0,0.8302197802197802,0
2012-05-28,11.4,17.2,7.2,0.0,0.8302197802197802,0
2012-05-29,11.3,17.8,8.3,0.0,0.8302197802197802,0
2012-05-30,12.7,21.7,7.2,0.0,0.8302197802197802,0
2012-05-31,15.7,26.7,5.0,0.0,0.8302197802197802,0
2012-06-01,14.3,24.4,7.8,0.0,0.8302197802197802,0
2012-06-02,14.1,22.2,9.4,0.0,0.8302197802197802,0
2012-06-03,14.4,23.9,8.3,0.0,0.8302197802197802,0
2012-06-04,11.0,12.8,8.9,0.0,0.8302197802197802,0
2012-06-05,10.9,16.7,4.4,0.0,0.8302197802197802,0
2012-06-06,10.3,16.7,3.3,0.0,0.8302197802197802,0
2012-06-07,13.4,20.6,7.2,0.0,0.8302197802197802,0
2012-06-08,11.8,18.3,6.1,0.0,0.8302197802197802,0
2012-06-09,14.4,23.9,3.9,0.0,0.8302197802197802,0
2012-06-10,21.1,29.4,12.8,0.0,0.8302197802197802,0
2012-06-11,19.2,30.0,8.3,0.0,0.7197802197802198,0
2012-06-12,14.7,26.1,6.7,0.0,0.6961538461538461,0
2012-06-13,13.2,21.1,8.3,0.0,0.6961538461538461,0
2012-06-14,13.1,20.6,8.3,0.0,0.6906593406593406,0
2012-06-15,15.8,25.6,8.3,0.0,0.6906593406593406,0
2012-06-16,23.3,35.0,10.6,0.0,0.689010989010989,0
2012-06-17,18.9,30.0,10.6,0.0,0.689010989010989,0
2012-06-18,13.6,20.6,7.2,0.0,0.689010989010989,0
2012-06-19,15.4,25.0,8.3,0.0,0.689010989010989,0
2012-06-20,17.7,28.3,8.3,0.0,0.689010989010989,0
2012-06-21,10.9,15.6,8.3,0.0,0.689010989010989,0
2012-06-22,14.1,21.1,7.8,0.0,0.689010989010989,0
2012-06-23,13.3,18.9,8.9,0.0,0.689010989010989,0
2012-06-24,12.4,19.4,5.0,0.0,0.689010989010989,0
2012-06-25,13.8,21.1,6.7,0.0,0.689010989010989,0
2012-06-26,13.5,21.7,6.1,0.0,0.689010989010989,0
2012-06-27,14.0,23.3,5.6,0.0,0.689010989010989,0
2012-06-28,14.4,23.3,6.7,0.0,0.689010989010989,0
2012-06-29,15.3,21.7,9.4,0.0,0.689010989010989,0
2012-06-30,17.5,23.9,12.2,0.0,0.689010989010989,0
2012-07-01,14.7,21.1,11.7,0.0,0.689010989010989,0
2012-07-02,13.2,17.2,11.1,0.0,0.689010989010989,0
2012-07-03,14.7,22.2,8.9,0.0,0.689010989010989,0
2012-07-04,13.3,22.2,7.2,0.0,0.689010989010989,0
2012-07-05,13.3,18.9,10.0,0.0,0.689010989010989,0
2012-07-06,14.7,23.9,8.9,0.0,0.689010989010989,0
2012-07-07,16.2,27.2,7.2,0.0,0.689010989010989,0
2012-07-08,14.0,22.2,8.3,0.0,0.689010989010989,0
2012-07-09,13.8,21.7,9.4,0.0,0.689010989010989,0
2012-07-10,16.2,27.8,6.1,0.0,0.689010989010989,0
2012-07-11,17.4,31.7,6.7,0.0,0.689010989010989,0
2012-07-12,14.6,25.0,6.7,0.3,0.6906593406593408,0
2012-07-13,12.8,19.4,8.3,0.0,0.6906593406593408,0
2012-07-14,13.2,20.6,10.0,0.0,0.6906593406593408,0
2012-07-15,15.1,24.4,9.4,0.0,0.6906593406593408,0
2012-07-16,13.3,17.8,11.1,0.0,0.6906593406593408,0
2012-07-17,14.0,21.7,8.9,0.0,0.6906593406593408,0
2012-07-18,15.1,22.2,8.3,0.0,0.6906593406593408,0
2012-07-19,14.9,22.8,7.8,0.0,0.6906593406593408,0
2012-07-20,16.2,24.4,10.0,0.0,0.6906593406593408,0
2012-07-21,18.5,30.6,8.9,0.0,0.5956043956043956,0
2012-07-22,16.2,26.1,9.4,0.0,0.5956043956043956,0
2012-07-23,16.0,25.0,9.4,0.0,0.5093406593406594,0
2012-07-24,16.6,26.1,8.9,0.0,0.5093406593406594,0
2012-07-25,16.2,23.9,9.4,0.0,0.5093406593406594,0
2012-07-26,14.9,22.2,11.1,0.0,0.5093406593406594,0
2012-07-27,14.6,22.8,10.0,0.0,0.5093406593406594,0
2012-07-28,13.9,22.2,9.4,0.0,0.5093406593406594,0
2012-07-29,13.9,21.1,10.0,0.0,0.5093406593406594,0
2012-07-30,16.8,28.3,6.7,0.0,0.5093406593406594,0
2012-07-31,15.8,25.6,8.3,0.0,0.5093406593406594,0
2012-08-01,14.4,25.6,6.7,0.0,0.5093406593406594,0
2012-08-02,14.7,25.6,6.1,0.0,0.5093406593406594,0
2012-08-03,14.4,24.4,8.3,0.0,0.5093406593406594,0
2012-08-04,13.5,17.8,10.0,0.0,0.5093406593406594,0
2012-08-05,15.1,23.3,10.6,0.0,0.5093406593406594,0
2012-08-06,15.6,25.0,9.4,0.0,0.5093406593406594,0
2012-08-07,14.6,22.8,7.8,0.0,0.5076923076923078,0
2012-08-08,15.2,26.1,6.7,0.0,0.5076923076923078,0
2012-08-09,16.4,31.1,6.7,0.0,0.5076923076923078,0
2012-08-10,16.1,27.2,8.3,0.0,0.5076923076923078,0
2012-08-11,16.7,31.1,6.7,0.0,0.5060439560439561,0
2012-08-12,17.7,29.4,8.3,0.0,0.5060439560439561,0
2012-08-13,18.9,30.0,10.0,0.0,0.5043956043956045,0
2012-08-14,16.9,27.2,9.4,0.0,0.5043956043956045,0
2012-08-15,15.9,24.4,10.6,0.0,0.4862637362637363,0
2012-08-16,16.3,26.7,9.4,0.0,0.4862637362637363,0
2012-08-17,15.6,26.1,7.2,0.0,0.4862637362637363,0
2012-08-18,16.8,26.7,10.0,0.0,0.4862637362637363,0
2012-08-19,14.7,22.8,8.9,0.0,0.4862637362637363,0
2012-08-20,14.7,25.0,8.3,0.0,0.4862637362637363,0
2012-08-21,14.7,23.9,8.9,0.0,0.4862637362637363,0
2012-08-22,14.9,24.4,10.0,0.0,0.4862637362637363,0
2012-08-23,14.9,23.9,9.4,0.0,0.4862637362637363,0
2012-08-24,14.4,23.9,7.8,0.0,0.4862637362637363,0
2012-08-25,13.2,20.6,10.0,0.0,0.4862637362637363,0
2012-08-26,13.8,20.6,7.2,0.0,0.4862637362637363,0
2012-08-27,16.2,27.8,7.2,0.0,0.4862637362637363,0
2012-08-28,17.7,27.8,8.9,0.0,0.4862637362637363,0
2012-08-29,17.7,30.0,7.2,0.0,0.4862637362637363,0
2012-08-30,14.7,23.3,7.8,0.0,0.4862637362637363,0
2012-08-31,12.2,13.9,11.1,0.0,0.4862637362637363,0
2012-09-01,13.1,20.0,7.8,0.0,0.4862637362637363,0
2012-09-02,17.2,28.9,7.8,0.0,0.4862637362637363,0
2012-09-03,18.3,30.0,7.8,0.0,0.4862637362637363,0
2012-09-04,13.7,24.4,5.0,0.0,0.4862637362637363,0
2012-09-05,12.9,23.3,6.7,0.0,0.4862637362637363,0
2012-09-06,14.0,24.4,8.3,0.0,0.4862637362637363,0
2012-09-07,14.6,23.9,7.2,0.0,0.4862637362637363,0
2012-09-08,13.2,21.1,7.8,0.0,0.4862637362637363,0
2012-09-09,14.6,22.2,7.8,0.0,0.4862637362637363,0
2012-09-10,15.2,26.1,7.8,0.0,0.4862637362637363,0
2012-09-11,13.9,24.4,6.1,0.0,0.4862637362637363,0
2012-09-12,14.8,25.6,5.6,0.0,0.4862637362637363,0
2012-09-13,16.4,26.7,10.0,0.0,0.4862637362637363,0
2012-09-14,14.4,24.4,8.9,0.0,0.4862637362637363,1
2012-09-15,14.4,25.0,7.8,0.0,0.3813186813186813,1
2012-09-16,13.8,25.6,6.7,0.0,0.3796703296703297,0
2012-09-17,13.2,22.2,8.9,0.0,0.3796703296703297,0
2012-09-18,13.4,20.6,8.9,0.0,0.3796703296703297,0
2012-09-19,13.8,20.0,10.0,0.0,0.3796703296703297,0
2012-09-20,12.9,21.1,6.7,0.0,0.3796703296703297,0
2012-09-21,13.4,24.4,6.1,0.0,0.3796703296703297,0
2012-09-22,14.9,26.7,6.7,0.0,0.3796703296703297,0
2012-09-23,16.7,29.4,8.9,0.0,0.2527472527472527,0
2012-09-24,13.7,22.8,7.2,0.0,0.2472527472527472,0
2012-09-25,14.4,25.6,7.8,0.0,0.2472527472527472,0
2012-09-26,12.7,22.2,8.3,0.0,0.2472527472527472,0
2012-09-27,14.6,28.3,6.1,0.0,0.2472527472527472,0
2012-09-28,13.1,20.6,7.2,0.0,0.2472527472527472,0
2012-09-29,15.8,27.2,7.2,0.0,0.2417582417582417,0
2012-09-30,23.8,37.8,14.4,0.0,0.2417582417582417,0
2012-10-01,26.2,37.8,17.2,0.0,0.2417582417582417,0
2012-10-02,27.4,38.3,19.4,0.0,0.2417582417582417,0
2012-10-03,20.8,31.7,12.8,0.0,0.2417582417582417,0
2012-10-04,15.4,22.8,11.7,0.0,0.2417582417582417,0
2012-10-05,15.4,23.3,10.6,0.0,0.2417582417582417,0
2012-10-06,14.4,22.8,7.8,0.0,0.2417582417582417,0
2012-10-07,13.1,22.8,6.7,0.0,0.2417582417582417,0
2012-10-08,13.1,21.7,7.2,0.0,0.2417582417582417,0
2012-10-09,13.5,21.1,7.2,0.0,0.2208791208791209,0
2012-10-10,12.9,17.8,10.6,0.0,0.1401098901098901,0
2012-10-11,11.2,12.2,10.6,0.3,0.1417582417582417,0
2012-10-12,12.1,17.8,7.2,0.0,0.0736263736263736,0
2012-10-13,14.0,23.9,6.7,0.0,0.0736263736263736,0
2012-10-14,15.6,25.6,8.9,0.0,0.0736263736263736,0
2012-10-15,15.7,27.2,8.3,0.0,0.0736263736263736,0
2012-10-16,17.0,26.1,11.7,0.0,0.0736263736263736,0
2012-10-17,23.4,29.4,17.8,0.0,0.0736263736263736,0
2012-10-18,23.3,32.2,16.7,0.0,0.0736263736263736,0
2012-10-19,16.3,22.2,12.2,0.0,0.0736263736263736,0
2012-10-20,11.8,18.3,7.2,0.0,0.0736263736263736,0
2012-10-21,9.9,16.1,5.0,0.0,0.0736263736263736,0
2012-10-22,12.4,16.1,10.0,0.0,0.0736263736263736,0
2012-10-23,10.4,16.7,6.1,0.3,0.0752747252747252,0
2012-10-24,11.8,18.3,6.1,0.0,0.0472527472527472,0
2012-10-25,12.9,16.7,11.1,0.0,0.0065934065934065,0
2012-10-26,14.7,22.8,8.9,0.0,0.0065934065934065,0
2012-10-27,18.1,26.1,12.8,0.0,0.0065934065934065,0
2012-10-28,16.5,28.3,9.4,0.0,0.0065934065934065,0
2012-10-29,13.8,24.4,7.8,0.0,0.0065934065934065,0
2012-10-30,13.6,23.3,7.8,0.0,0.0065934065934065,0
2012-10-31,13.0,15.0,10.6,0.0,0.0065934065934065,0
2012-11-01,13.6,18.3,7.8,0.0,0.0065934065934065,0
2012-11-02,10.6,20.0,5.6,0.0,0.0065934065934065,0
2012-11-03,14.7,22.2,7.2,0.0,0.0065934065934065,0
2012-11-04,18.5,26.1,11.7,0.0,0.0065934065934065,0
2012-11-05,21.1,32.2,13.9,0.0,0.0065934065934065,0
2012-11-06,19.8,30.6,12.2,0.0,0.0065934065934065,0
2012-11-07,12.2,19.4,7.2,0.0,0.0065934065934065,0
2012-11-08,9.2,14.4,4.4,0.3,0.0082417582417582,0
2012-11-09,7.2,12.8,2.8,0.0,0.0082417582417582,0
2012-11-10,6.8,13.9,2.2,0.0,0.0082417582417582,0
2012-11-11,7.0,16.1,1.1,0.0,0.0082417582417582,0
2012-11-12,9.7,17.2,2.8,0.0,0.0082417582417582,0
2012-11-13,15.1,23.3,7.2,0.0,0.0082417582417582,0
2012-11-14,14.4,21.7,10.0,0.0,0.0082417582417582,0
2012-11-15,14.2,20.6,9.4,0.3,0.0098901098901098,0
2012-11-16,13.3,14.4,12.2,0.8,0.0142857142857142,0
2012-11-17,13.4,15.0,11.1,7.1,0.0532967032967032,0
2012-11-18,10.5,15.6,6.1,0.0,0.0532967032967032,0
2012-11-19,12.2,18.3,7.2,0.0,0.0532967032967032,0
2012-11-20,13.2,15.0,11.7,0.0,0.0532967032967032,0
2012-11-21,12.2,17.8,4.4,0.0,0.0532967032967032,0
2012-11-22,10.3,17.2,4.4,0.0,0.0532967032967032,0
2012-11-23,13.5,22.8,6.7,0.0,0.0516483516483516,0
2012-11-24,14.1,21.7,7.2,0.0,0.0516483516483516,0
2012-11-25,10.7,20.0,6.7,0.0,0.0516483516483516,0
2012-11-26,11.2,18.3,6.1,0.0,0.0516483516483516,0
2012-11-27,12.1,13.3,10.0,0.0,0.0516483516483516,0
2012-11-28,12.3,14.4,10.6,0.8,0.056043956043956,0
2012-11-29,13.6,14.4,12.2,5.3,0.0851648351648351,0
2012-11-30,13.8,15.0,12.8,11.7,0.1494505494505494,0
2012-12-01,13.8,15.6,12.8,0.8,0.1538461538461538,0
2012-12-02,11.9,15.6,5.6,2.0,0.1648351648351648,0
2012-12-03,9.4,17.2,3.9,4.8,0.1912087912087912,0
2012-12-04,11.9,15.6,8.3,0.0,0.1912087912087912,0
2012-12-05,14.3,17.8,12.2,0.0,0.1912087912087912,0
2012-12-06,10.6,13.3,7.2,0.0,0.1912087912087912,0
2012-12-07,10.1,18.9,3.3,0.0,0.1912087912087912,0
2012-12-08,9.2,16.1,2.2,0.0,0.1912087912087912,0
2012-12-09,13.8,17.8,10.6,0.0,0.1912087912087912,0
2012-12-10,13.7,18.9,7.2,0.0,0.1912087912087912,0
2012-12-11,9.7,16.1,5.6,0.0,0.1912087912087912,0
2012-12-12,7.2,11.1,2.8,1.0,0.1967032967032967,0
2012-12-13,4.6,11.1,1.1,0.8,0.201098901098901,0
2012-12-14,5.1,10.6,0.6,2.0,0.212087912087912,0
2012-12-15,4.7,7.2,1.1,0.0,0.212087912087912,0
2012-12-16,9.4,11.1,6.7,1.0,0.2175824175824175,0
2012-12-17,10.2,12.8,5.6,0.0,0.2175824175824175,0
2012-12-18,5.1,10.6,0.0,10.9,0.2774725274725275,0
2012-12-19,4.0,12.2,-1.7,0.0,0.2774725274725275,0
2012-12-20,8.1,13.9,2.2,0.0,0.2774725274725275,0
2012-12-21,9.2,11.1,6.1,0.0,0.2774725274725275,0
2012-12-22,10.2,12.2,8.3,0.0,0.2774725274725275,0
2012-12-23,10.4,12.8,8.3,0.0,0.2774725274725275,0
2012-12-24,7.5,12.2,3.3,11.7,0.3417582417582417,0
2012-12-25,6.8,9.4,2.8,0.0,0.3417582417582417,0
2012-12-26,7.7,10.0,6.1,8.4,0.3879120879120878,0
2012-12-27,6.5,12.2,1.7,0.0,0.3879120879120878,0
2012-12-28,5.6,11.1,1.1,0.0,0.3879120879120878,0
2012-12-29,5.3,9.4,1.7,11.4,0.4505494505494505,0
2012-12-30,5.1,11.7,1.1,0.0,0.4505494505494505,0
2012-12-31,5.2,12.8,0.0,0.0,0.4505494505494505,0
2013-01-01,5.2,10.0,1.7,0.0,0.4505494505494505,0
2013-01-02,7.1,18.3,0.6,0.0,0.4505494505494505,0
2013-01-03,7.4,16.7,2.2,0.0,0.4505494505494505,0
2013-01-04,9.0,17.2,3.9,0.0,0.4505494505494505,0
2013-01-05,8.8,12.2,6.1,0.0,0.4505494505494505,0
2013-01-06,6.0,8.3,2.8,3.0,0.467032967032967,0
2013-01-07,7.4,14.4,2.2,0.0,0.467032967032967,0
2013-01-08,11.4,17.8,6.1,0.0,0.467032967032967,0
2013-01-09,6.6,10.6,2.8,0.0,0.467032967032967,0
2013-01-10,4.6,9.4,2.2,0.8,0.4697802197802198,0
2013-01-11,4.8,10.6,-0.6,0.0,0.4697802197802198,0
2013-01-12,3.9,10.6,-1.1,0.0,0.4697802197802198,0
2013-01-13,3.7,9.4,-1.7,0.0,0.4697802197802198,0
2013-01-14,4.2,9.4,-0.6,0.0,0.4697802197802198,0
2013-01-15,5.1,13.3,-1.1,0.0,0.4697802197802198,0
2013-01-16,7.1,17.2,0.0,0.0,0.4697802197802198,0
2013-01-17,11.4,22.8,3.3,0.0,0.4697802197802198,0
2013-01-18,12.1,23.3,6.7,0.0,0.4697802197802198,0
2013-01-19,11.8,22.8,6.7,0.0,0.4697802197802198,0
2013-01-20,12.1,22.2,6.1,0.0,0.4697802197802198,0
2013-01-21,13.6,25.0,6.7,0.0,0.4697802197802198,0
2013-01-22,14.7,22.8,7.8,0.0,0.4697802197802198,0
2013-01-23,12.4,16.1,8.9,0.5,0.4725274725274725,0
2013-01-24,11.4,13.3,9.4,20.1,0.5829670329670329,0
2013-01-25,13.4,20.0,8.9,4.3,0.6065934065934067,0
2013-01-26,8.9,12.8,6.7,0.5,0.6093406593406594,0
2013-01-27,7.2,12.8,2.8,0.8,0.6137362637362638,0
2013-01-28,6.6,13.3,1.1,0.0,0.6137362637362638,0
2013-01-29,7.2,13.9,2.2,0.0,0.6137362637362638,0
2013-01-30,12.1,18.9,5.0,0.0,0.6137362637362638,0
2013-01-31,10.9,21.7,5.0,0.0,0.6137362637362638,0
2013-02-01,11.8,22.8,5.6,0.0,0.6137362637362638,0
2013-02-02,7.8,13.9,3.3,0.0,0.6137362637362638,0
2013-02-03,8.3,14.4,3.3,0.0,0.6137362637362638,0
2013-02-04,7.6,15.6,2.8,0.0,0.6137362637362638,0
2013-02-05,7.8,11.1,3.3,0.0,0.6137362637362638,0
2013-02-06,6.6,13.9,1.1,0.0,0.6137362637362638,0
2013-02-07,5.8,12.2,1.7,0.0,0.6137362637362638,0
2013-02-08,5.0,11.1,1.1,0.5,0.6164835164835165,0
2013-02-09,6.2,13.9,0.0,0.0,0.6164835164835165,0
2013-02-10,6.4,15.0,0.0,0.0,0.6164835164835165,0
2013-02-11,7.9,16.7,2.2,0.0,0.6164835164835165,0
2013-02-12,7.2,16.1,1.7,0.0,0.6164835164835165,0
2013-02-13,8.1,17.2,2.2,0.0,0.6164835164835165,0
2013-02-14,14.4,19.4,3.3,0.0,0.6164835164835165,0
2013-02-15,15.9,25.0,9.4,0.0,0.6164835164835165,0
2013-02-16,13.5,23.3,6.7,0.0,0.6164835164835165,0
2013-02-17,8.6,16.7,3.3,0.0,0.6164835164835165,0
2013-02-18,6.6,10.0,5.0,0.0,0.6164835164835165,0
2013-02-19,4.4,7.8,0.6,4.6,0.6417582417582417,0
2013-02-20,5.4,12.2,-1.1,0.0,0.6417582417582417,0
2013-02-21,7.3,15.0,1.1,0.0,0.6417582417582417,0
2013-02-22,8.0,16.1,1.1,0.0,0.6417582417582417,0
2013-02-23,8.9,13.9,5.0,0.0,0.6417582417582417,0
2013-02-24,8.8,16.1,2.2,0.0,0.6417582417582417,0
2013-02-25,7.1,15.0,1.1,0.0,0.6417582417582417,0
2013-02-26,9.2,18.9,1.1,0.0,0.6417582417582417,0
2013-02-27,10.4,20.6,3.3,0.0,0.6417582417582417,0
2013-02-28,10.1,19.4,4.4,0.0,0.6417582417582417,0
2013-03-01,14.4,21.7,7.2,0.0,0.6417582417582417,0
2013-03-02,14.1,22.8,8.3,0.0,0.6417582417582417,0
2013-03-03,10.0,17.2,6.7,0.0,0.6417582417582417,0
2013-03-04,7.4,15.6,2.8,0.0,0.6417582417582417,0
2013-03-05,7.7,12.8,3.3,0.0,0.6417582417582417,0
2013-03-06,7.8,12.2,2.2,0.3,0.6434065934065933,0
2013-03-07,6.7,12.2,1.7,0.5,0.6461538461538461,0
2013-03-08,7.5,11.7,4.4,12.4,0.7142857142857143,0
2013-03-09,9.7,17.2,3.3,0.0,0.7142857142857143,0
2013-03-10,10.3,19.4,3.3,0.0,0.7142857142857143,0
2013-03-11,11.5,22.2,4.4,0.0,0.7142857142857143,0
2013-03-12,11.2,22.8,3.3,0.0,0.7142857142857143,0
2013-03-13,14.7,24.4,5.0,0.0,0.7142857142857143,0
2013-03-14,12.3,20.0,6.1,0.0,0.7142857142857143,0
2013-03-15,10.6,22.2,3.9,0.0,0.7142857142857143,0
2013-03-16,10.1,19.4,4.4,0.0,0.7142857142857143,0
2013-03-17,8.4,17.2,3.3,0.0,0.7142857142857143,0
2013-03-18,9.4,18.3,2.2,0.0,0.7142857142857143,0
2013-03-19,11.7,21.7,5.6,0.0,0.7142857142857143,0
2013-03-20,11.6,16.1,8.9,0.0,0.7142857142857143,0
2013-03-21,8.4,15.0,2.8,0.0,0.7142857142857143,0
2013-03-22,10.2,17.8,2.8,0.0,0.7142857142857143,0
2013-03-23,10.9,17.8,3.9,0.0,0.7142857142857143,0
2013-03-24,9.1,18.3,2.8,0.0,0.7142857142857143,0
2013-03-25,7.7,13.9,2.8,0.0,0.7142857142857143,0
2013-03-26,10.4,18.3,4.4,0.0,0.7142857142857143,0
2013-03-27,11.6,18.9,5.6,0.0,0.7142857142857143,0
2013-03-28,13.3,20.0,10.6,0.0,0.7142857142857143,0
2013-03-29,14.4,22.8,7.2,0.0,0.7142857142857143,0
2013-03-30,13.1,20.6,8.9,0.0,0.7142857142857143,0
2013-03-31,12.8,16.7,10.6,0.5,0.717032967032967,0
2013-04-01,11.8,17.8,6.7,0.0,0.717032967032967,0
2013-04-02,10.1,17.2,5.0,0.0,0.717032967032967,0
2013-04-03,12.3,24.4,5.6,0.0,0.717032967032967,0
2013-04-04,11.9,15.6,8.9,0.0,0.717032967032967,0
2013-04-05,12.3,17.2,8.9,0.0,0.717032967032967,0
2013-04-06,11.7,16.7,8.9,0.0,0.717032967032967,0
2013-04-07,11.1,16.1,7.2,0.0,0.717032967032967,0
2013-04-08,9.8,16.7,3.9,0.0,0.717032967032967,0
2013-04-09,14.9,20.6,6.7,0.0,0.717032967032967,0
2013-04-10,18.2,26.7,8.9,0.0,0.717032967032967,0
2013-04-11,10.4,18.9,6.7,0.0,0.7153846153846153,0
2013-04-12,10.3,20.0,3.9,0.0,0.7153846153846153,0
2013-04-13,9.2,16.1,3.3,0.0,0.7153846153846153,0
2013-04-14,8.6,15.0,1.7,0.0,0.7153846153846153,0
2013-04-15,7.3,11.7,1.7,0.0,0.7153846153846153,0
2013-04-16,8.8,16.1,0.0,0.0,0.7153846153846153,0
2013-04-17,12.2,18.9,5.6,0.0,0.7153846153846153,0
2013-04-18,13.9,22.2,7.2,0.0,0.7153846153846153,0
2013-04-19,14.6,24.4,6.7,0.0,0.7153846153846153,0
2013-04-20,13.1,23.3,5.0,0.0,0.7153846153846153,0
2013-04-21,18.1,28.3,6.1,0.0,0.7153846153846153,0
2013-04-22,19.1,28.3,11.7,0.0,0.7153846153846153,0
2013-04-23,15.7,22.8,6.1,0.0,0.7137362637362638,0
2013-04-24,10.7,18.3,3.3,0.0,0.7137362637362638,0
2013-04-25,11.9,18.9,6.7,0.0,0.7137362637362638,0
2013-04-26,11.9,19.4,7.8,0.0,0.7137362637362638,0
2013-04-27,11.8,20.6,5.6,0.0,0.7137362637362638,0
2013-04-28,14.1,24.4,4.4,0.0,0.7137362637362638,0
2013-04-29,18.0,28.9,7.2,0.0,0.7137362637362638,0
2013-04-30,14.4,21.7,5.6,0.0,0.7137362637362638,0
2013-05-01,18.6,25.6,11.1,0.0,0.7137362637362638,0
2013-05-02,22.9,32.8,12.2,0.0,0.7137362637362638,0
2013-05-03,19.7,29.4,11.7,0.0,0.7137362637362638,0
2013-05-04,17.6,26.1,10.6,0.0,0.7137362637362638,0
2013-05-05,13.2,15.6,11.1,0.3,0.7153846153846155,0
2013-05-06,13.7,18.3,8.9,17.5,0.8115384615384617,0
2013-05-07,13.7,20.0,7.2,0.3,0.8131868131868132,0
2013-05-08,11.7,18.3,6.7,0.0,0.8131868131868132,0
2013-05-09,11.9,17.8,8.9,0.0,0.8115384615384614,0
2013-05-10,12.5,19.4,8.9,0.0,0.8115384615384614,0
2013-05-11,16.4,28.3,7.2,0.0,0.8115384615384614,0
2013-05-12,16.2,25.0,7.8,0.0,0.8115384615384614,0
2013-05-13,13.1,22.8,5.6,0.0,0.8115384615384614,0
2013-05-14,12.5,19.4,6.7,0.0,0.8115384615384614,0
2013-05-15,12.0,17.2,7.2,0.0,0.8115384615384614,0
2013-05-16,13.2,19.4,10.0,0.0,0.8098901098901099,0
2013-05-17,12.6,18.3,8.9,0.0,0.8054945054945054,0
2013-05-18,13.0,19.4,7.8,0.0,0.7664835164835165,0
2013-05-19,15.1,23.9,6.7,0.0,0.7664835164835165,0
2013-05-20,18.8,29.4,8.3,0.0,0.7664835164835165,0
2013-05-21,11.0,17.2,6.1,0.0,0.7664835164835165,0
2013-05-22,9.6,16.1,2.8,0.0,0.7664835164835165,0
2013-05-23,10.0,16.7,5.6,0.0,0.7664835164835165,0
2013-05-24,10.5,16.7,5.0,0.0,0.7664835164835165,0
2013-05-25,10.8,15.6,8.3,0.0,0.7664835164835165,0
2013-05-26,13.5,20.0,10.0,0.0,0.7664835164835165,0
2013-05-27,13.3,17.8,10.6,0.0,0.7664835164835165,0
2013-05-28,13.8,19.4,9.4,0.0,0.7664835164835165,0
2013-05-29,12.6,20.0,5.6,0.0,0.762087912087912,0
2013-05-30,12.0,20.6,5.6,0.0,0.732967032967033,0
2013-05-31,14.6,27.2,4.4,0.0,0.6686813186813186,0
2013-06-01,16.6,30.6,7.2,0.0,0.6642857142857143,0
2013-06-02,12.9,20.6,7.8,0.0,0.6532967032967032,0
2013-06-03,15.4,24.4,8.9,0.0,0.6269230769230769,0
2013-06-04,13.9,22.8,7.8,0.0,0.6269230769230769,0
2013-06-05,13.6,20.0,9.4,0.0,0.6269230769230769,0
2013-06-06,14.3,23.3,9.4,0.0,0.6269230769230769,0
2013-06-07,18.3,29.4,7.2,0.0,0.6269230769230769,0
2013-06-08,18.9,27.8,10.0,0.0,0.6269230769230769,0
2013-06-09,15.9,22.8,12.2,0.0,0.6269230769230769,0
2013-06-10,14.6,18.9,10.6,0.0,0.6269230769230769,0
2013-06-11,13.7,21.1,8.3,0.0,0.6269230769230769,0
2013-06-12,12.9,20.6,5.6,0.0,0.6214285714285714,0
2013-06-13,13.7,21.1,6.7,0.0,0.6170329670329671,0
2013-06-14,16.1,26.7,7.2,0.0,0.606043956043956,0
2013-06-15,11.8,18.9,6.7,0.0,0.606043956043956,0
2013-06-16,13.9,24.4,5.6,0.0,0.6005494505494505,0
2013-06-17,14.4,21.1,7.8,0.0,0.6005494505494505,0
2013-06-18,13.6,18.9,10.6,0.0,0.5406593406593406,0
2013-06-19,12.9,19.4,6.1,0.0,0.5406593406593406,0
2013-06-20,12.8,21.7,5.0,0.0,0.5406593406593406,0
2013-06-21,14.3,23.3,7.2,0.0,0.5406593406593406,0
2013-06-22,15.4,25.6,6.1,0.0,0.5406593406593406,0
2013-06-23,14.4,17.8,11.7,0.0,0.5406593406593406,0
2013-06-24,15.3,18.3,13.3,0.0,0.4763736263736263,0
2013-06-25,17.4,21.7,14.4,0.0,0.4763736263736263,0
2013-06-26,20.1,27.2,13.3,0.0,0.4302197802197802,0
2013-06-27,20.5,28.9,12.8,0.0,0.4302197802197802,0
2013-06-28,23.0,33.9,13.3,0.0,0.4302197802197802,0
2013-06-29,24.1,33.9,12.8,0.0,0.3675824175824175,0
2013-06-30,19.7,30.0,11.7,0.0,0.3675824175824175,0
2013-07-01,21.0,32.2,11.1,0.0,0.3675824175824175,0
2013-07-02,20.2,30.6,12.2,0.0,0.3675824175824175,0
2013-07-03,21.2,32.8,11.7,0.0,0.3675824175824175,0
2013-07-04,21.6,31.7,12.2,0.0,0.3675824175824175,0
2013-07-05,13.3,20.6,10.6,0.0,0.3675824175824175,0
2013-07-06,14.4,21.7,10.6,0.0,0.3675824175824175,0
2013-07-07,16.6,25.6,9.4,0.0,0.3510989010989011,0
2013-07-08,16.3,25.0,8.9,0.0,0.3510989010989011,0
2013-07-09,17.9,30.0,8.3,0.0,0.3510989010989011,0
2013-07-10,16.2,27.8,9.4,0.0,0.3510989010989011,0
2013-07-11,13.9,21.7,9.4,1.0,0.3521978021978021,0
2013-07-12,14.6,23.3,7.2,0.0,0.3521978021978021,0
2013-07-13,16.2,27.2,6.7,0.0,0.3521978021978021,0
2013-07-14,14.4,23.9,6.7,0.0,0.3521978021978021,0
2013-07-15,13.8,21.7,8.9,0.0,0.3521978021978021,0
2013-07-16,14.9,21.7,11.1,0.0,0.3521978021978021,0
2013-07-17,14.9,21.1,10.6,0.0,0.3521978021978021,0
2013-07-18,15.2,24.4,7.2,0.0,0.3521978021978021,0
2013-07-19,14.4,24.4,8.3,0.0,0.3521978021978021,0
2013-07-20,14.3,23.3,9.4,0.0,0.3521978021978021,0
2013-07-21,16.2,26.7,9.4,0.0,0.3521978021978021,0
2013-07-22,16.6,24.4,9.4,0.3,0.3538461538461538,0
2013-07-23,18.5,26.7,12.2,0.0,0.3538461538461538,0
2013-07-24,18.3,27.8,11.1,0.0,0.3510989010989011,0
2013-07-25,17.2,28.3,9.4,0.0,0.2406593406593406,0
2013-07-26,16.7,26.7,10.6,1.0,0.2225274725274725,0
2013-07-27,16.3,23.9,10.6,0.0,0.2197802197802197,0
2013-07-28,14.9,21.7,10.6,0.0,0.2153846153846153,0
2013-07-29,15.6,23.9,10.6,0.0,0.2153846153846153,0
2013-07-30,15.5,23.3,10.0,0.0,0.2153846153846153,0
2013-07-31,14.6,21.7,10.0,0.0,0.2153846153846153,0
2013-08-01,14.8,20.6,11.1,0.0,0.2153846153846153,0
2013-08-02,14.6,22.8,9.4,0.0,0.2153846153846153,0
2013-08-03,14.4,22.8,8.9,0.0,0.2153846153846153,0
2013-08-04,13.7,22.2,9.4,0.0,0.2153846153846153,0
2013-08-05,13.8,21.1,7.2,0.0,0.2153846153846153,0
2013-08-06,14.7,22.2,9.4,0.0,0.2153846153846153,0
2013-08-07,15.1,22.2,11.1,0.0,0.2153846153846153,0
2013-08-08,14.4,22.8,10.6,0.0,0.2153846153846153,0
2013-08-09,15.0,22.2,11.1,0.0,0.2126373626373626,0
2013-08-10,15.8,23.3,11.7,0.0,0.2126373626373626,0
2013-08-11,15.0,22.8,10.0,0.0,0.2126373626373626,0
2013-08-12,16.2,26.1,8.3,0.0,0.2126373626373626,0
2013-08-13,16.4,29.4,7.2,0.0,0.2126373626373626,0
2013-08-14,16.6,26.1,8.3,0.0,0.2126373626373626,0
2013-08-15,19.9,27.8,14.4,0.0,0.2126373626373626,0
2013-08-16,18.2,27.2,11.7,0.0,0.2126373626373626,0
2013-08-17,15.8,25.6,9.4,0.0,0.2126373626373626,0
2013-08-18,20.9,33.3,11.1,0.0,0.2126373626373626,0
2013-08-19,20.1,30.6,13.9,0.0,0.2126373626373626,0
2013-08-20,17.3,26.1,10.6,0.0,0.1873626373626373,0
2013-08-21,15.7,25.0,10.6,0.0,0.1873626373626373,0
2013-08-22,15.4,23.3,10.0,0.0,0.1873626373626373,0
2013-08-23,15.4,22.2,11.7,0.0,0.1873626373626373,0
2013-08-24,17.6,25.6,11.7,0.0,0.1873626373626373,0
2013-08-25,18.7,26.7,12.8,0.0,0.1873626373626373,0
2013-08-26,16.4,23.3,9.4,0.0,0.1873626373626373,0
2013-08-27,15.7,24.4,7.8,0.0,0.1873626373626373,0
2013-08-28,17.8,26.7,9.4,0.0,0.1873626373626373,0
2013-08-29,18.0,26.7,10.6,0.0,0.1873626373626373,0
2013-08-30,18.9,29.4,11.7,0.0,0.1873626373626373,0
2013-08-31,17.8,26.7,9.4,0.0,0.1873626373626373,0
2013-09-01,18.8,27.2,12.2,0.0,0.1873626373626373,0
2013-09-02,18.8,25.6,14.4,0.0,0.1873626373626373,0
2013-09-03,17.9,25.0,11.1,0.0,0.1873626373626373,0
2013-09-04,18.1,24.4,12.8,0.0,0.1857142857142857,0
2013-09-05,17.3,23.9,11.1,0.0,0.1829670329670329,0
2013-09-06,19.8,31.7,8.3,0.0,0.1148351648351648,0
2013-09-07,21.9,32.2,12.2,0.0,0.1148351648351648,0
2013-09-08,18.3,29.4,9.4,0.0,0.1148351648351648,0
2013-09-09,20.2,31.1,11.7,0.0,0.1148351648351648,0
2013-09-10,17.1,26.1,8.9,0.0,0.1148351648351648,0
2013-09-11,17.6,23.9,14.4,0.0,0.1148351648351648,0
2013-09-12,17.1,23.9,13.3,0.0,0.1148351648351648,0
2013-09-13,15.7,22.2,12.2,0.0,0.1148351648351648,0
2013-09-14,14.0,18.3,12.2,0.0,0.1148351648351648,0
2013-09-15,17.3,25.6,12.2,0.0,0.1148351648351648,0
2013-09-16,16.8,25.0,12.2,0.0,0.1148351648351648,0
2013-09-17,14.7,21.1,8.3,0.0,0.1148351648351648,0
2013-09-18,16.1,26.1,8.3,0.0,0.1148351648351648,0
2013-09-19,17.3,31.1,7.8,0.0,0.1148351648351648,0
2013-09-20,15.3,21.7,7.8,0.0,0.1148351648351648,0
2013-09-21,14.7,16.7,12.8,0.0,0.1148351648351648,0
2013-09-22,14.6,21.1,8.9,0.0,0.1148351648351648,0
2013-09-23,17.8,26.7,9.4,0.0,0.1148351648351648,0
2013-09-24,15.0,21.7,9.4,0.0,0.1148351648351648,0
2013-09-25,12.3,18.3,6.1,0.0,0.1148351648351648,0
2013-09-26,13.3,21.7,5.6,0.0,0.1148351648351648,0
2013-09-27,16.1,25.0,8.9,0.0,0.1148351648351648,0
2013-09-28,16.7,27.2,9.4,0.0,0.1148351648351648,0
2013-09-29,16.1,24.4,9.4,0.0,0.112087912087912,0
2013-09-30,16.9,23.9,10.6,0.0,0.112087912087912,0
2013-10-01,12.9,20.6,7.8,0.0,0.112087912087912,0
2013-10-02,12.1,21.7,5.6,0.0,0.112087912087912,0
2013-10-03,14.7,21.1,5.0,0.0,0.112087912087912,0
2013-10-04,20.2,24.4,15.6,0.0,0.112087912087912,0
2013-10-05,21.4,30.6,13.9,0.0,0.112087912087912,0
2013-10-06,20.2,31.7,12.8,0.0,0.112087912087912,0
2013-10-07,16.8,27.8,8.3,0.0,0.112087912087912,0
2013-10-08,12.4,22.8,6.7,0.0,0.112087912087912,0
2013-10-09,12.2,19.4,7.2,1.0,0.1175824175824175,0
2013-10-10,11.9,20.6,6.1,0.0,0.1175824175824175,0
2013-10-11,10.0,18.9,5.6,0.0,0.1175824175824175,0
2013-10-12,10.7,20.6,2.8,0.0,0.1175824175824175,0
2013-10-13,13.3,22.2,7.8,0.0,0.1175824175824175,0
2013-10-14,16.9,25.0,7.8,0.0,0.1175824175824175,0
2013-10-15,17.6,24.4,9.4,0.0,0.1175824175824175,0
2013-10-16,18.8,28.9,11.1,0.0,0.1175824175824175,0
2013-10-17,17.4,28.3,10.0,0.0,0.1175824175824175,0
2013-10-18,16.1,26.1,8.3,0.0,0.1175824175824175,0
2013-10-19,16.1,27.8,8.3,0.0,0.1175824175824175,0
2013-10-20,12.3,23.3,4.4,0.0,0.1175824175824175,0
2013-10-21,10.6,22.2,4.4,0.0,0.1175824175824175,0
2013-10-22,10.8,23.3,3.3,0.0,0.1175824175824175,0
2013-10-23,10.1,20.6,3.9,0.0,0.1175824175824175,0
2013-10-24,8.9,16.1,5.0,0.0,0.1175824175824175,0
2013-10-25,11.4,21.7,5.0,0.0,0.1175824175824175,0
2013-10-26,13.5,26.7,6.1,0.0,0.1175824175824175,0
2013-10-27,8.6,12.2,3.9,0.0,0.1175824175824175,0
2013-10-28,10.7,13.9,8.9,0.5,0.1203296703296703,0
2013-10-29,9.9,14.4,4.4,0.0,0.1203296703296703,0
2013-10-30,10.0,19.4,4.4,0.0,0.1203296703296703,0
2013-10-31,12.7,22.2,6.1,0.0,0.1203296703296703,0
2013-11-01,14.9,25.6,8.3,0.0,0.1203296703296703,0
2013-11-02,11.6,20.6,5.6,0.0,0.1203296703296703,0
2013-11-03,10.1,16.7,5.0,0.0,0.1186813186813186,0
2013-11-04,11.3,18.3,2.8,0.0,0.0225274725274725,0
2013-11-05,14.0,21.7,8.3,0.0,0.0208791208791208,0
2013-11-06,16.0,26.1,8.9,0.0,0.0208791208791208,0
2013-11-07,14.3,24.4,8.3,0.0,0.0208791208791208,0
2013-11-08,13.5,25.6,6.1,0.0,0.0208791208791208,0
2013-11-09,13.6,23.3,6.1,0.0,0.0208791208791208,0
2013-11-10,10.8,20.6,5.6,0.0,0.0208791208791208,0
2013-11-11,12.2,19.4,5.6,0.0,0.0208791208791208,0
2013-11-12,14.9,23.9,10.0,0.0,0.0208791208791208,0
2013-11-13,14.2,25.6,7.2,0.0,0.0208791208791208,0
2013-11-14,8.9,15.6,5.6,0.0,0.0208791208791208,0
2013-11-15,9.7,17.2,3.9,0.0,0.0208791208791208,0
2013-11-16,10.3,15.6,6.1,0.0,0.0208791208791208,0
2013-11-17,9.4,16.1,5.0,0.0,0.0208791208791208,0
2013-11-18,8.4,15.0,3.3,0.0,0.0208791208791208,0
2013-11-19,11.9,16.7,7.8,0.0,0.0208791208791208,0
2013-11-20,11.9,14.4,8.9,1.3,0.028021978021978,0
2013-11-21,11.1,15.0,8.3,7.4,0.0686813186813186,0
2013-11-22,13.2,18.9,8.9,1.3,0.0758241758241758,0
2013-11-23,10.6,19.4,4.4,0.0,0.0758241758241758,0
2013-11-24,9.4,18.9,3.3,0.0,0.0758241758241758,0
2013-11-25,10.8,20.6,5.0,0.0,0.0758241758241758,0
2013-11-26,12.3,20.6,6.7,0.0,0.0758241758241758,0
2013-11-27,12.6,20.6,7.8,0.0,0.0758241758241758,0
2013-11-28,11.9,20.6,7.2,0.0,0.0758241758241758,0
2013-11-29,12.7,23.3,5.6,5.8,0.1076923076923077,0
2013-11-30,11.2,19.4,6.1,0.0,0.1076923076923077,0
2013-12-01,13.9,22.2,7.8,0.0,0.1076923076923077,0
2013-12-02,10.4,16.7,6.1,0.0,0.1076923076923077,0
2013-12-03,7.5,11.7,1.7,0.0,0.1076923076923077,0
2013-12-04,4.6,11.1,-1.7,0.0,0.1076923076923077,0
2013-12-05,2.8,11.1,-2.2,0.0,0.1076923076923077,0
2013-12-06,5.0,10.6,-1.1,0.0,0.1076923076923077,0
2013-12-07,4.1,8.9,-2.2,2.3,0.1203296703296703,0
2013-12-08,1.9,6.1,-2.2,0.0,0.1203296703296703,0
2013-12-09,3.3,9.4,-0.6,0.0,0.1203296703296703,0
2013-12-10,7.1,14.4,-1.1,0.0,0.1203296703296703,0
2013-12-11,9.0,17.8,3.9,0.0,0.1203296703296703,0
2013-12-12,8.3,19.4,1.7,0.0,0.1203296703296703,0
2013-12-13,7.1,16.1,0.6,0.0,0.1203296703296703,0
2013-12-14,10.7,17.2,5.0,0.0,0.1203296703296703,0
2013-12-15,12.8,22.8,6.1,0.0,0.1203296703296703,0
2013-12-16,15.8,25.0,10.6,0.0,0.1203296703296703,0
2013-12-17,16.1,27.2,11.1,0.0,0.1203296703296703,0
2013-12-18,10.7,17.8,6.7,0.0,0.1203296703296703,0
2013-12-19,8.6,13.9,2.8,2.8,0.1357142857142857,0
2013-12-20,8.4,16.1,1.1,0.0,0.1357142857142857,0
2013-12-21,9.0,16.7,4.4,0.0,0.1357142857142857,0
2013-12-22,12.1,18.9,7.8,0.0,0.1357142857142857,0
2013-12-23,11.9,19.4,6.1,0.0,0.1357142857142857,0
2013-12-24,14.7,21.1,8.3,0.0,0.1357142857142857,0
2013-12-25,14.6,23.9,8.9,0.0,0.1357142857142857,0
2013-12-26,14.8,27.2,8.3,0.0,0.1357142857142857,0
2013-12-27,13.6,21.7,8.9,0.0,0.1357142857142857,0
2013-12-28,12.4,17.8,7.2,0.0,0.1357142857142857,0
2013-12-29,13.8,20.6,7.8,0.0,0.1357142857142857,0
2013-12-30,12.0,21.7,5.6,0.0,0.1357142857142857,0
2013-12-31,9.7,17.2,4.4,0.0,0.1357142857142857,0
2014-01-01,13.3,20.0,6.7,0.0,0.1357142857142857,0
2014-01-02,14.8,22.8,9.4,0.0,0.1357142857142857,0
2014-01-03,13.7,21.1,8.3,0.0,0.1357142857142857,0
2014-01-04,13.3,19.4,5.6,0.0,0.1357142857142857,0
2014-01-05,13.6,21.7,7.8,0.0,0.1357142857142857,0
2014-01-06,12.7,22.2,7.2,0.0,0.1357142857142857,0
2014-01-07,10.4,18.3,6.7,0.0,0.1357142857142857,0
2014-01-08,10.1,14.4,7.8,0.0,0.1357142857142857,0
2014-01-09,8.9,15.0,5.0,0.0,0.1302197802197802,0
2014-01-10,9.7,20.0,3.9,0.0,0.1302197802197802,0
2014-01-11,8.8,12.8,5.6,0.0,0.1302197802197802,0
2014-01-12,8.7,14.4,3.3,0.0,0.1302197802197802,0
2014-01-13,14.9,19.4,11.1,0.0,0.1302197802197802,0
2014-01-14,17.7,23.9,13.3,0.0,0.1302197802197802,1
2014-01-15,18.7,25.0,15.6,0.0,0.1302197802197802,0
2014-01-16,17.7,27.2,11.1,0.0,0.1302197802197802,0
2014-01-17,16.9,28.9,10.0,0.0,0.1302197802197802,0
2014-01-18,15.9,27.2,10.0,0.0,0.1302197802197802,0
2014-01-19,14.8,26.1,8.3,0.0,0.1302197802197802,0
2014-01-20,13.7,24.4,7.2,0.0,0.1285714285714285,0
2014-01-21,14.9,21.7,7.2,0.0,0.1285714285714285,0
2014-01-22,13.9,23.3,6.7,0.0,0.1285714285714285,0
2014-01-23,12.6,19.4,5.0,0.0,0.1285714285714285,0
2014-01-24,10.3,19.4,4.4,0.0,0.123076923076923,0
2014-01-25,15.2,25.0,8.3,0.0,0.123076923076923,0
2014-01-26,12.7,22.2,4.4,0.0,0.123076923076923,0
2014-01-27,9.9,18.9,3.9,0.0,0.123076923076923,0
2014-01-28,13.2,20.6,6.7,0.0,0.123076923076923,0
2014-01-29,13.1,15.6,9.4,0.0,0.123076923076923,0
2014-01-30,9.8,12.8,8.3,0.0,0.123076923076923,0
2014-01-31,7.7,14.4,1.7,0.0,0.123076923076923,0
2014-02-01,6.1,15.6,0.6,0.0,0.123076923076923,0
2014-02-02,5.7,8.9,2.2,3.6,0.1428571428571428,0
2014-02-03,6.4,12.2,1.1,0.0,0.1428571428571428,0
2014-02-04,5.3,12.8,0.6,0.0,0.1428571428571428,0
2014-02-05,6.8,12.8,2.2,0.0,0.1428571428571428,0
2014-02-06,8.6,11.1,6.1,2.3,0.1554945054945055,0
2014-02-07,9.6,10.6,7.8,0.0,0.1554945054945055,0
2014-02-08,11.9,12.8,10.0,0.0,0.1554945054945055,0
2014-02-09,12.6,13.3,12.2,0.0,0.1554945054945055,0
2014-02-10,10.8,13.3,7.2,0.0,0.1554945054945055,0
2014-02-11,8.4,13.9,3.9,0.0,0.1554945054945055,0
2014-02-12,9.4,16.7,3.9,0.0,0.1554945054945055,0
2014-02-13,13.3,20.6,7.2,0.0,0.1554945054945055,0
2014-02-14,12.1,17.2,7.2,0.0,0.1554945054945055,0
2014-02-15,10.7,14.4,6.7,0.0,0.1554945054945055,0
2014-02-16,10.8,16.1,5.6,0.0,0.1554945054945055,0
2014-02-17,8.3,15.6,2.8,0.0,0.1554945054945055,0
2014-02-18,10.8,17.2,4.4,0.0,0.1554945054945055,0
2014-02-19,10.2,16.7,4.4,0.0,0.1554945054945055,0
2014-02-20,11.9,18.3,6.7,0.0,0.1554945054945055,0
2014-02-21,12.9,21.7,5.6,0.0,0.1554945054945055,0
2014-02-22,11.1,20.6,4.4,0.0,0.1554945054945055,0
2014-02-23,10.3,20.0,3.3,0.0,0.1554945054945055,0
2014-02-24,12.7,22.2,6.7,0.0,0.1554945054945055,0
2014-02-25,11.1,20.0,5.0,0.0,0.1554945054945055,0
2014-02-26,11.5,12.8,10.0,1.5,0.1637362637362637,0
2014-02-27,12.9,16.1,10.6,26.7,0.3104395604395604,0
2014-02-28,11.0,12.8,9.4,56.9,0.6230769230769231,0
2014-03-01,12.0,16.7,9.4,25.4,0.7626373626373627,0
2014-03-02,11.1,14.4,8.3,4.3,0.7862637362637362,0
2014-03-03,10.9,13.9,7.8,0.0,0.7862637362637362,0
2014-03-04,12.7,18.3,10.0,0.0,0.7862637362637362,0
2014-03-05,14.0,19.4,10.0,0.0,0.7862637362637362,0
2014-03-06,12.4,17.2,6.1,0.0,0.7862637362637362,0
2014-03-07,10.6,18.3,5.0,0.0,0.7862637362637362,0
2014-03-08,13.8,23.3,5.6,0.0,0.7862637362637362,0
2014-03-09,16.2,25.0,10.6,0.0,0.7862637362637362,0
2014-03-10,13.6,19.4,10.0,0.0,0.7862637362637362,0
2014-03-11,15.0,18.9,10.6,0.0,0.7862637362637362,0
2014-03-12,15.2,22.2,9.4,0.0,0.7862637362637362,0
2014-03-13,14.7,25.0,5.0,0.0,0.7862637362637362,0
2014-03-14,11.4,19.4,6.1,0.0,0.7862637362637362,0
2014-03-15,15.4,25.6,6.7,0.0,0.7862637362637362,0
2014-03-16,14.4,25.0,6.7,0.0,0.7862637362637362,0
2014-03-17,10.2,18.9,5.0,0.0,0.7862637362637362,0
2014-03-18,12.3,20.6,4.4,0.0,0.7862637362637362,0
2014-03-19,13.6,23.9,6.1,0.0,0.7862637362637362,0
2014-03-20,12.3,21.7,6.7,0.0,0.7862637362637362,0
2014-03-21,9.9,17.8,4.4,0.0,0.7862637362637362,0
2014-03-22,10.2,18.3,5.6,0.0,0.7862637362637362,0
2014-03-23,10.2,18.3,5.0,0.0,0.7862637362637362,0
2014-03-24,13.1,22.8,6.1,0.0,0.7862637362637362,0
2014-03-25,9.6,15.0,3.3,0.0,0.7862637362637362,0
2014-03-26,10.6,12.8,9.4,0.3,0.7879120879120879,0
2014-03-27,11.2,16.7,7.8,0.0,0.7879120879120879,0
2014-03-28,12.6,19.4,7.8,0.0,0.7879120879120879,0
2014-03-29,10.9,14.4,7.2,0.0,0.7879120879120879,0
2014-03-30,9.7,15.6,5.0,0.0,0.7879120879120879,0
2014-03-31,6.8,11.1,2.8,0.0,0.7879120879120879,0
2014-04-01,7.2,12.2,5.0,6.4,0.8230769230769232,0
2014-04-02,8.3,15.0,3.3,1.0,0.8285714285714286,0
2014-04-03,9.2,16.1,3.3,0.0,0.8285714285714286,0
2014-04-04,9.7,13.3,7.2,0.0,0.8285714285714286,0
2014-04-05,10.5,16.1,6.1,0.0,0.8285714285714286,0
2014-04-06,13.8,23.9,4.4,0.0,0.8285714285714286,0
2014-04-07,17.9,26.7,9.4,0.0,0.8285714285714286,0
2014-04-08,17.6,26.7,10.6,0.0,0.8285714285714286,0
2014-04-09,12.9,23.3,5.6,0.0,0.8230769230769232,0
2014-04-10,13.7,25.6,2.8,0.0,0.8230769230769232,0
2014-04-11,12.3,20.6,8.3,0.0,0.8230769230769232,0
2014-04-12,11.9,17.8,8.9,0.0,0.8230769230769232,0
2014-04-13,12.2,20.6,7.2,0.0,0.8230769230769232,0
2014-04-14,12.2,22.2,6.1,0.0,0.8230769230769232,0
2014-04-15,11.8,18.9,6.1,0.0,0.8230769230769232,0
2014-04-16,13.3,23.3,6.7,0.0,0.8230769230769232,0
2014-04-17,10.7,16.1,6.1,0.0,0.8230769230769232,0
2014-04-18,11.4,16.7,7.2,0.0,0.8230769230769232,0
2014-04-19,12.1,18.9,5.0,0.0,0.8230769230769232,0
2014-04-20,14.7,26.1,6.1,0.0,0.8230769230769232,0
2014-04-21,12.3,21.7,5.6,0.0,0.8230769230769232,0
2014-04-22,10.3,15.0,5.0,0.0,0.8230769230769232,0
2014-04-23,10.1,17.2,2.8,0.0,0.8230769230769232,0
2014-04-24,12.7,18.3,6.1,0.0,0.8230769230769232,0
2014-04-25,9.9,12.2,7.8,1.5,0.8313186813186814,0
2014-04-26,10.2,14.4,6.7,0.0,0.8313186813186814,0
2014-04-27,11.3,17.2,7.2,0.0,0.8313186813186814,0
2014-04-28,12.2,21.1,3.9,0.0,0.8285714285714286,0
2014-04-29,20.1,28.3,13.9,0.0,0.8285714285714286,0
2014-04-30,21.6,31.7,12.8,0.0,0.8285714285714286,0
2014-05-01,21.0,31.1,11.7,0.0,0.8285714285714286,0
2014-05-02,16.9,27.2,8.3,0.0,0.8285714285714286,0
2014-05-03,12.9,18.3,8.3,0.0,0.8285714285714286,0
2014-05-04,13.6,18.9,10.0,0.0,0.8285714285714286,0
2014-05-05,12.2,18.3,7.8,0.0,0.8285714285714286,0
2014-05-06,12.0,17.2,8.9,0.0,0.8285714285714286,0
2014-05-07,10.8,16.7,8.3,0.0,0.8285714285714286,0
2014-05-08,12.8,17.2,7.8,0.0,0.8285714285714286,0
2014-05-09,12.8,17.2,8.9,0.0,0.8285714285714286,0
2014-05-10,11.2,17.2,5.0,0.0,0.8285714285714286,0
2014-05-11,15.3,23.3,5.6,0.0,0.8285714285714286,0
2014-05-12,18.0,29.4,7.2,0.0,0.8285714285714286,0
2014-05-13,21.7,32.2,12.2,0.0,0.8285714285714286,0
2014-05-14,22.9,33.3,13.3,0.0,0.8285714285714286,0
2014-05-15,20.8,31.1,11.1,0.0,0.8285714285714286,0
2014-05-16,14.6,23.9,6.7,0.0,0.8285714285714286,0
2014-05-17,13.2,19.4,7.8,0.0,0.8285714285714286,0
2014-05-18,12.3,18.3,6.7,0.0,0.8285714285714286,0
2014-05-19,13.4,18.9,10.6,0.0,0.8285714285714286,0
2014-05-20,12.9,18.9,10.0,0.0,0.8285714285714286,0
2014-05-21,13.3,20.6,10.0,0.0,0.8214285714285714,0
2014-05-22,13.0,20.6,10.0,0.0,0.7807692307692309,0
2014-05-23,13.8,21.1,8.9,0.0,0.7736263736263737,0
2014-05-24,12.7,19.4,7.2,0.0,0.7736263736263737,0
2014-05-25,14.6,25.0,6.1,0.0,0.7736263736263737,0
2014-05-26,14.8,25.0,6.7,0.0,0.7736263736263737,0
2014-05-27,12.3,20.6,5.0,0.0,0.7736263736263737,0
2014-05-28,13.0,21.7,3.3,0.0,0.7736263736263737,0
2014-05-29,16.6,26.1,6.7,0.0,0.7736263736263737,0
2014-05-30,11.2,18.3,5.0,0.0,0.7417582417582418,0
2014-05-31,13.1,22.2,6.7,0.0,0.7417582417582418,0
2014-06-01,13.7,24.4,4.4,0.0,0.7417582417582418,0
2014-06-02,12.1,18.3,7.8,0.0,0.7417582417582418,0
2014-06-03,13.6,21.7,8.3,0.0,0.7417582417582418,0
2014-06-04,14.6,25.6,6.7,0.0,0.7417582417582418,0
2014-06-05,15.1,25.0,6.7,0.0,0.7417582417582418,0
2014-06-06,14.8,23.3,7.8,0.0,0.7417582417582418,0
2014-06-07,15.4,24.4,9.4,0.0,0.7291208791208791,0
2014-06-08,22.4,33.3,9.4,0.0,0.7291208791208791,0
2014-06-09,19.7,29.4,11.1,0.0,0.7291208791208791,0
2014-06-10,16.3,24.4,8.3,0.0,0.7291208791208791,0
2014-06-11,15.9,24.4,12.2,0.0,0.7291208791208791,0
2014-06-12,13.6,20.0,9.4,0.0,0.7291208791208791,0
2014-06-13,15.2,23.3,7.8,0.0,0.7291208791208791,0
2014-06-14,15.9,29.4,6.7,0.0,0.7291208791208791,0
2014-06-15,12.3,20.6,8.9,0.0,0.7291208791208791,0
2014-06-16,12.2,17.2,8.9,0.0,0.7291208791208791,0
2014-06-17,14.4,22.8,6.7,0.0,0.7291208791208791,0
2014-06-18,18.8,29.4,8.3,0.0,0.7291208791208791,0
2014-06-19,14.7,24.4,6.1,0.0,0.7137362637362636,0
2014-06-20,15.9,26.7,6.7,0.0,0.7137362637362636,0
2014-06-21,12.8,20.0,6.1,0.0,0.7137362637362636,0
2014-06-22,13.6,20.6,6.7,0.0,0.7137362637362636,0
2014-06-23,15.1,23.9,8.3,0.0,0.7137362637362636,0
2014-06-24,14.4,21.7,7.2,0.0,0.7137362637362636,0
2014-06-25,14.7,18.3,11.7,0.0,0.7137362637362636,0
2014-06-26,16.7,23.9,12.8,0.0,0.7137362637362636,0
2014-06-27,17.7,26.1,12.2,0.0,0.7137362637362636,0
2014-06-28,15.8,23.3,8.9,0.0,0.7137362637362636,0
2014-06-29,17.8,27.2,7.8,0.0,0.7137362637362636,0
2014-06-30,20.1,30.6,11.1,0.0,0.7137362637362636,0
2014-07-01,16.2,24.4,8.9,0.0,0.7137362637362636,0
2014-07-02,15.2,22.2,11.1,0.0,0.7137362637362636,0
2014-07-03,16.3,24.4,9.4,0.0,0.7137362637362636,0
2014-07-04,15.0,26.1,6.7,0.0,0.7137362637362636,0
2014-07-05,16.1,28.3,3.9,0.0,0.7137362637362636,0
2014-07-06,17.0,28.3,7.8,0.0,0.7137362637362636,0
2014-07-07,17.3,28.9,8.3,0.0,0.7137362637362636,0
2014-07-08,16.3,23.9,10.6,0.0,0.7137362637362636,0
2014-07-09,17.9,28.9,11.7,0.0,0.7137362637362636,0
2014-07-10,17.7,26.1,12.8,0.0,0.7137362637362636,0
2014-07-11,16.7,23.9,12.2,0.0,0.7137362637362636,0
2014-07-12,16.3,23.3,11.7,0.0,0.7137362637362636,0
2014-07-13,16.0,23.9,11.1,0.0,0.7137362637362636,0
2014-07-14,17.4,28.9,10.6,0.0,0.7137362637362636,0
2014-07-15,22.0,30.0,12.2,0.0,0.7137362637362636,0
2014-07-16,18.7,27.8,12.2,0.0,0.7137362637362636,0
2014-07-17,17.7,25.0,11.7,0.0,0.7137362637362636,0
2014-07-18,18.0,23.9,14.4,0.0,0.7137362637362636,0
2014-07-19,18.4,25.0,13.3,0.0,0.7137362637362636,0
2014-07-20,18.9,26.1,13.3,0.0,0.7137362637362636,0
2014-07-21,18.3,26.1,12.2,0.0,0.7137362637362636,0
2014-07-22,17.3,25.0,11.7,0.0,0.7137362637362636,0
2014-07-23,17.9,26.1,11.7,0.0,0.7137362637362636,0
2014-07-24,19.2,28.9,11.7,0.0,0.7137362637362636,0
2014-07-25,22.1,33.3,10.6,0.0,0.7137362637362636,0
2014-07-26,20.0,29.4,12.2,0.0,0.7137362637362636,0
2014-07-27,19.7,31.7,12.8,0.0,0.7137362637362636,0
2014-07-28,18.6,27.8,11.1,0.0,0.7137362637362636,0
2014-07-29,19.7,30.0,11.7,0.0,0.7137362637362636,0
2014-07-30,18.9,30.0,11.1,0.0,0.7137362637362636,0
2014-07-31,19.1,31.7,10.0,0.0,0.7137362637362636,0
2014-08-01,18.7,30.0,10.0,0.0,0.7137362637362636,0
2014-08-02,16.8,25.6,10.6,0.5,0.7164835164835164,0
2014-08-03,15.8,22.8,12.2,0.5,0.6994505494505494,0
2014-08-04,17.6,25.0,12.2,0.0,0.6994505494505494,0
2014-08-05,17.3,26.7,13.3,0.0,0.6994505494505494,0
2014-08-06,18.6,27.2,13.3,0.0,0.6994505494505494,0
2014-08-07,16.7,24.4,12.2,0.0,0.6868131868131868,0
2014-08-08,16.4,25.0,10.0,0.0,0.6868131868131868,0
2014-08-09,15.3,22.2,11.1,0.0,0.6868131868131868,0
2014-08-10,16.5,23.9,12.2,0.0,0.6868131868131868,0
2014-08-11,17.2,25.6,11.7,0.0,0.6868131868131868,0
2014-08-12,17.4,24.4,11.7,0.0,0.6868131868131868,0
2014-08-13,17.9,26.1,11.7,0.0,0.6868131868131868,0
2014-08-14,16.8,26.1,10.0,0.0,0.6868131868131868,0
2014-08-15,16.7,27.2,8.3,0.0,0.6868131868131868,0
2014-08-16,16.4,27.2,8.9,0.0,0.6868131868131868,0
2014-08-17,15.7,25.6,8.3,0.0,0.6868131868131868,0
2014-08-18,15.1,23.3,8.3,0.0,0.6868131868131868,0
2014-08-19,16.1,21.1,12.8,0.0,0.6868131868131868,0
2014-08-20,16.7,22.2,11.7,0.0,0.6868131868131868,0
2014-08-21,18.1,26.7,11.7,0.0,0.6868131868131868,0
2014-08-22,16.8,25.6,11.7,0.0,0.6868131868131868,0
2014-08-23,16.8,25.0,10.6,0.0,0.6868131868131868,0
2014-08-24,16.7,24.4,11.7,0.0,0.6868131868131868,0
2014-08-25,15.3,22.8,10.0,0.0,0.6868131868131868,0
2014-08-26,16.4,24.4,8.9,0.0,0.6868131868131868,0
2014-08-27,18.2,27.2,10.6,0.0,0.6785714285714286,0
2014-08-28,17.1,27.8,11.1,0.0,0.5318681318681319,0
2014-08-29,17.3,30.6,11.1,0.0,0.2192307692307692,0
2014-08-30,19.5,28.3,13.3,0.0,0.0796703296703296,0
2014-08-31,17.4,26.1,11.1,0.0,0.056043956043956,0
2014-09-01,18.6,29.4,10.0,0.0,0.056043956043956,0
2014-09-02,16.3,23.9,11.1,0.0,0.056043956043956,0
2014-09-03,17.4,26.7,11.7,0.0,0.056043956043956,0
2014-09-04,16.7,26.1,11.7,0.0,0.056043956043956,0
2014-09-05,16.2,25.6,10.6,0.0,0.056043956043956,0
2014-09-06,15.2,24.4,10.0,0.0,0.056043956043956,0
2014-09-07,15.0,23.9,8.9,0.0,0.056043956043956,0
2014-09-08,14.4,21.1,10.0,0.3,0.0576923076923076,0
2014-09-09,15.5,25.0,9.4,0.0,0.0576923076923076,0
2014-09-10,18.6,31.7,8.3,0.0,0.0576923076923076,0
2014-09-11,20.6,32.2,12.2,0.0,0.0576923076923076,0
2014-09-12,18.5,30.0,11.1,0.0,0.0576923076923076,0
2014-09-13,17.1,27.8,10.6,0.0,0.0576923076923076,0
2014-09-14,17.7,28.3,9.4,0.0,0.0576923076923076,0
2014-09-15,16.7,27.8,10.0,0.0,0.0576923076923076,0
2014-09-16,17.7,28.3,10.0,0.0,0.0576923076923076,0
2014-09-17,18.3,26.7,9.4,0.0,0.0576923076923076,0
2014-09-18,18.1,23.3,12.8,0.0,0.0576923076923076,0
2014-09-19,17.3,25.0,11.7,0.0,0.0576923076923076,0
2014-09-20,16.7,24.4,12.2,0.0,0.0576923076923076,0
2014-09-21,16.9,23.3,14.4,0.0,0.0576923076923076,0
2014-09-22,17.4,27.2,12.8,0.0,0.0576923076923076,0
2014-09-23,17.5,26.7,10.0,0.0,0.0576923076923076,0
2014-09-24,18.4,25.0,13.9,0.0,0.056043956043956,0
2014-09-25,16.2,22.2,11.7,0.0,0.056043956043956,0
2014-09-26,15.6,21.7,10.0,0.0,0.056043956043956,0
2014-09-27,15.2,18.3,13.9,0.0,0.056043956043956,0
2014-09-28,15.8,22.8,13.3,0.0,0.056043956043956,0
2014-09-29,15.2,23.3,11.1,0.0,0.056043956043956,0
2014-09-30,15.8,22.8,11.7,0.0,0.0208791208791208,0
2014-10-01,20.2,28.3,12.8,0.0,0.0153846153846153,0
2014-10-02,23.8,33.3,16.1,0.0,0.0153846153846153,0
2014-10-03,24.0,33.9,15.6,0.0,0.0153846153846153,0
2014-10-04,24.2,35.6,16.7,0.0,0.0153846153846153,0
2014-10-05,23.2,34.4,16.1,0.0,0.0153846153846153,0
2014-10-06,21.8,33.3,15.0,0.0,0.0153846153846153,0
2014-10-07,17.2,28.9,10.6,0.0,0.0153846153846153,0
2014-10-08,18.3,30.0,9.4,0.0,0.0153846153846153,0
2014-10-09,15.1,25.6,8.9,0.0,0.0153846153846153,0
2014-10-10,14.1,21.7,9.4,0.0,0.0153846153846153,0
2014-10-11,15.4,27.2,10.0,0.0,0.0153846153846153,0
2014-10-12,23.6,31.1,15.6,0.0,0.0153846153846153,0
2014-10-13,20.9,30.0,11.7,0.0,0.0153846153846153,0
2014-10-14,15.6,18.3,11.1,0.0,0.0153846153846153,0
2014-10-15,15.8,21.7,10.0,0.0,0.0153846153846153,0
2014-10-16,13.3,22.2,7.8,0.0,0.0153846153846153,0
2014-10-17,15.7,21.7,8.3,0.0,0.0153846153846153,0
2014-10-18,16.9,25.0,11.7,0.0,0.0153846153846153,0
2014-10-19,16.2,25.0,11.1,0.0,0.0153846153846153,0
2014-10-20,14.3,18.3,10.0,0.0,0.0153846153846153,0
2014-10-21,12.7,20.6,7.8,0.0,0.0153846153846153,0
2014-10-22,14.8,22.8,7.8,0.0,0.0153846153846153,0
2014-10-23,15.8,23.9,10.0,0.0,0.0153846153846153,0
2014-10-24,16.0,23.3,9.4,0.0,0.0071428571428571,0
2014-10-25,15.5,19.4,11.7,0.0,0.0071428571428571,0
2014-10-26,12.2,19.4,7.2,0.0,0.0071428571428571,0
2014-10-27,11.4,18.9,6.1,0.0,0.0071428571428571,0
2014-10-28,14.1,24.4,6.7,0.0,0.0071428571428571,0
2014-10-29,18.8,27.8,8.3,0.0,0.0071428571428571,0
2014-10-30,17.3,24.4,13.3,0.0,0.0071428571428571,0
2014-10-31,12.8,15.0,10.0,6.4,0.0423076923076923,0
2014-11-01,10.8,15.0,7.2,4.6,0.0675824175824175,0
2014-11-02,10.3,17.8,5.0,0.0,0.0675824175824175,0
2014-11-03,11.1,20.6,5.0,0.0,0.0675824175824175,0
2014-11-04,13.1,22.2,5.6,0.0,0.0675824175824175,0
2014-11-05,18.3,27.2,12.2,0.0,0.0675824175824175,0
2014-11-06,15.3,25.0,10.6,0.0,0.0675824175824175,0
2014-11-07,13.5,21.1,7.8,0.0,0.0675824175824175,0
2014-11-08,18.5,28.3,11.7,0.0,0.0675824175824175,0
2014-11-09,14.9,27.2,8.9,0.0,0.0675824175824175,0
2014-11-10,13.6,20.0,8.3,0.0,0.0675824175824175,0
2014-11-11,12.7,16.7,9.4,0.0,0.0675824175824175,0
2014-11-12,13.6,19.4,11.1,0.0,0.0675824175824175,0
2014-11-13,13.1,16.1,10.6,0.0,0.0675824175824175,0
2014-11-14,12.1,18.9,7.8,0.0,0.0675824175824175,0
2014-11-15,11.4,17.8,6.7,0.0,0.0675824175824175,0
2014-11-16,12.5,16.1,8.3,0.0,0.0675824175824175,0
2014-11-17,11.9,21.1,7.2,0.0,0.0675824175824175,0
2014-11-18,15.8,21.1,8.3,0.0,0.0675824175824175,0
2014-11-19,12.4,15.0,10.0,0.0,0.0675824175824175,0
2014-11-20,10.4,13.3,8.3,0.0,0.0675824175824175,0
2014-11-21,11.4,16.7,7.2,0.0,0.0675824175824175,0
2014-11-22,12.7,16.1,8.9,0.0,0.0675824175824175,0
2014-11-23,11.1,17.8,5.0,0.0,0.0675824175824175,0
2014-11-24,11.9,18.3,5.0,0.0,0.0675824175824175,0
2014-11-25,13.6,23.9,7.8,0.0,0.0675824175824175,0
2014-11-26,15.1,26.7,8.3,0.0,0.0675824175824175,0
2014-11-27,14.2,25.0,6.1,0.0,0.0675824175824175,0
2014-11-28,11.6,20.0,5.6,0.0,0.0675824175824175,0
2014-11-29,12.3,13.9,11.7,0.0,0.0675824175824175,0
2014-11-30,12.2,15.0,9.4,7.6,0.1093406593406593,0
2014-12-01,13.5,16.7,11.1,0.0,0.1093406593406593,0
2014-12-02,13.4,15.6,11.7,30.7,0.278021978021978,0
2014-12-03,14.7,15.6,13.9,7.9,0.3214285714285714,0
2014-12-04,14.1,16.7,11.7,0.0,0.3214285714285714,0
2014-12-05,14.4,16.7,13.3,0.0,0.3214285714285714,0
2014-12-06,13.9,16.7,10.6,0.0,0.3214285714285714,0
2014-12-07,12.6,17.2,9.4,0.0,0.3214285714285714,0
2014-12-08,14.2,20.6,10.6,0.0,0.3214285714285714,0
2014-12-09,13.2,17.8,9.4,0.0,0.3214285714285714,0
2014-12-10,12.9,15.6,9.4,0.0,0.3214285714285714,0
2014-12-11,12.1,15.6,8.3,0.3,0.323076923076923,0
2014-12-12,8.6,12.2,6.7,40.6,0.5461538461538462,0
2014-12-13,8.2,15.0,5.0,0.0,0.5461538461538462,0
2014-12-14,9.8,15.0,5.0,0.0,0.5461538461538462,0
2014-12-15,9.4,11.1,7.8,0.0,0.5461538461538462,0
2014-12-16,10.1,13.3,7.8,10.4,0.6032967032967033,0
2014-12-17,9.1,11.7,6.7,3.8,0.6241758241758242,0
2014-12-18,10.9,14.4,8.9,0.0,0.6241758241758242,0
2014-12-19,11.2,12.2,10.0,0.0,0.6241758241758242,0
2014-12-20,12.3,15.0,11.1,0.0,0.6241758241758242,0
2014-12-21,13.6,16.7,12.2,0.0,0.6241758241758242,0
2014-12-22,13.6,18.9,10.6,0.0,0.6241758241758242,0
2014-12-23,14.2,19.4,8.3,0.0,0.6241758241758242,0
2014-12-24,8.9,12.8,6.1,0.0,0.6241758241758242,0
2014-12-25,8.8,12.8,5.0,0.0,0.6241758241758242,0
2014-12-26,8.3,12.2,4.4,0.0,0.6241758241758242,0
2014-12-27,6.7,15.0,1.7,0.0,0.6241758241758242,0
2014-12-28,7.6,14.4,2.8,0.0,0.6241758241758242,0
2014-12-29,8.1,12.2,3.3,0.0,0.6241758241758242,0
2014-12-30,7.1,10.6,5.0,4.8,0.6505494505494506,0
2014-12-31,5.8,12.2,-0.6,0.0,0.6505494505494506,0
2015-01-01,7.2,12.2,1.1,0.0,0.6505494505494506,0
2015-01-02,5.5,13.9,1.1,0.0,0.6505494505494506,0
2015-01-03,6.3,15.0,0.6,0.0,0.6505494505494506,0
2015-01-04,8.3,16.7,2.2,0.0,0.6505494505494506,0
2015-01-05,12.0,19.4,5.6,0.0,0.6505494505494506,0
2015-01-06,15.8,26.1,10.0,0.0,0.6505494505494506,0
2015-01-07,16.7,27.8,10.6,0.0,0.6505494505494506,0
2015-01-08,13.9,21.7,10.0,0.0,0.6505494505494506,0
2015-01-09,12.5,20.6,8.9,0.0,0.6505494505494506,0
2015-01-10,10.7,19.4,5.6,12.2,0.7175824175824176,0
2015-01-11,9.4,15.6,5.0,12.7,0.7873626373626375,0
2015-01-12,10.7,18.3,6.7,0.0,0.7873626373626375,0
2015-01-13,11.8,16.7,5.6,0.0,0.7873626373626375,0
2015-01-14,10.3,19.4,4.4,0.0,0.7873626373626375,0
2015-01-15,11.1,20.6,4.4,0.0,0.7873626373626375,0
2015-01-16,11.2,18.3,6.1,0.0,0.7873626373626375,0
2015-01-17,13.3,20.6,8.9,0.0,0.7873626373626375,0
2015-01-18,14.3,20.0,10.0,0.0,0.7873626373626375,0
2015-01-19,12.4,17.2,8.3,0.0,0.7873626373626375,0
2015-01-20,10.1,16.7,4.4,0.0,0.7873626373626375,0
2015-01-21,11.2,16.1,5.0,0.0,0.7873626373626375,0
2015-01-22,11.4,19.4,5.6,0.0,0.7873626373626375,0
2015-01-23,15.5,20.0,11.7,0.0,0.7873626373626375,0
2015-01-24,16.3,21.7,11.1,0.0,0.7873626373626375,0
2015-01-25,16.9,28.9,10.0,0.0,0.7873626373626375,0
2015-01-26,15.6,24.4,11.1,2.0,0.7983516483516484,0
2015-01-27,14.3,18.9,8.3,0.0,0.7983516483516484,0
2015-01-28,12.4,18.9,7.2,0.0,0.7983516483516484,0
2015-01-29,12.2,21.7,6.7,0.0,0.7983516483516484,0
2015-01-30,11.1,18.3,6.7,0.8,0.8027472527472527,0
2015-01-31,15.5,22.2,7.8,0.0,0.7999999999999999,0
2015-02-01,12.2,21.7,5.0,0.0,0.7972527472527472,0
2015-02-02,14.8,23.3,7.8,0.0,0.7972527472527472,0
2015-02-03,15.4,25.0,10.6,0.0,0.7972527472527472,0
2015-02-04,13.4,21.7,8.3,0.0,0.7972527472527472,0
2015-02-05,12.5,17.2,9.4,0.0,0.7972527472527472,0
2015-02-06,14.2,15.6,13.3,0.0,0.7972527472527472,0
2015-02-07,15.0,18.3,13.3,0.5,0.7999999999999999,0
2015-02-08,14.4,16.1,12.2,0.0,0.7999999999999999,0
2015-02-09,12.1,16.1,6.7,0.0,0.7999999999999999,0
2015-02-10,10.9,17.2,6.7,0.0,0.7999999999999999,0
2015-02-11,14.1,21.1,7.8,0.0,0.7999999999999999,0
2015-02-12,16.3,26.1,9.4,0.0,0.7999999999999999,0
2015-02-13,16.3,26.7,10.0,0.0,0.7999999999999999,0
2015-02-14,16.4,25.6,9.4,0.0,0.7999999999999999,0
2015-02-15,16.4,25.6,9.4,0.0,0.7999999999999999,0
2015-02-16,13.2,21.1,8.3,0.0,0.7999999999999999,0
2015-02-17,10.1,13.3,8.3,0.0,0.7999999999999999,0
2015-02-18,12.3,19.4,8.9,0.0,0.7999999999999999,0
2015-02-19,11.4,18.9,7.2,0.0,0.7999999999999999,0
2015-02-20,12.6,22.8,6.7,0.0,0.7999999999999999,0
2015-02-21,12.3,21.1,6.7,0.0,0.7999999999999999,0
2015-02-22,11.7,16.1,5.0,17.8,0.8978021978021978,0
2015-02-23,10.1,15.0,4.4,0.0,0.8978021978021978,0
2015-02-24,10.1,18.9,2.2,0.0,0.8978021978021978,0
2015-02-25,10.8,20.0,3.9,0.0,0.8978021978021978,0
2015-02-26,11.8,19.4,5.6,0.0,0.8978021978021978,0
2015-02-27,9.9,13.3,0.0,0.0,0.8978021978021978,0
2015-02-28,8.8,13.3,4.4,2.8,0.9131868131868132,0
2015-03-01,9.3,16.7,3.9,16.8,1.0054945054945057,0
2015-03-02,7.3,12.2,3.3,5.3,1.0346153846153847,0
2015-03-03,8.9,18.3,3.3,0.0,1.0346153846153847,0
2015-03-04,10.3,20.0,3.3,0.0,1.0346153846153847,0
2015-03-05,13.7,22.2,5.6,0.0,1.0346153846153847,0
2015-03-06,13.6,23.3,7.2,0.0,1.0346153846153847,0
2015-03-07,14.2,24.4,6.7,0.0,1.0346153846153847,0
2015-03-08,11.3,23.9,4.4,0.0,1.0346153846153847,0
2015-03-09,11.6,21.1,5.0,0.0,1.032967032967033,0
2015-03-10,12.6,23.3,6.1,0.0,1.032967032967033,0
2015-03-11,12.4,18.9,7.2,0.0,1.032967032967033,0
2015-03-12,14.5,21.7,7.2,0.0,1.032967032967033,0
2015-03-13,15.9,24.4,8.3,0.0,1.032967032967033,0
2015-03-14,20.4,30.6,10.0,0.0,1.032967032967033,0
2015-03-15,16.4,23.9,8.3,0.0,1.032967032967033,0
2015-03-16,15.3,21.7,10.0,0.0,1.032967032967033,0
2015-03-17,12.7,18.3,8.3,0.0,1.032967032967033,0
2015-03-18,11.4,21.1,5.6,0.0,1.032967032967033,0
2015-03-19,13.9,25.0,5.6,0.0,1.032967032967033,0
2015-03-20,12.2,21.7,6.1,0.0,1.032967032967033,0
2015-03-21,13.1,21.7,7.2,0.0,1.032967032967033,0
2015-03-22,12.5,17.2,8.3,0.0,1.032967032967033,0
2015-03-23,11.9,17.2,7.2,0.0,1.032967032967033,0
2015-03-24,11.8,18.3,5.0,0.0,1.032967032967033,0
2015-03-25,13.9,21.7,7.8,0.0,1.032967032967033,0
2015-03-26,17.4,27.2,8.3,0.0,1.032967032967033,0
2015-03-27,13.2,18.9,7.8,0.0,1.032967032967033,0
2015-03-28,13.9,24.4,5.6,0.0,1.032967032967033,0
2015-03-29,13.1,26.7,4.4,0.0,1.032967032967033,0
2015-03-30,11.7,20.0,5.6,0.0,1.032967032967033,0
2015-03-31,11.6,17.2,3.9,0.0,1.032967032967033,0
2015-04-01,8.4,16.1,1.7,0.0,1.032967032967033,0
2015-04-02,11.1,18.3,3.9,0.0,1.032967032967033,0
2015-04-03,9.9,18.3,2.8,0.0,1.032967032967033,0
2015-04-04,8.6,16.7,2.2,0.0,1.032967032967033,0
2015-04-05,7.9,15.0,2.8,0.0,1.032967032967033,0
2015-04-06,9.3,14.4,2.2,0.0,1.032967032967033,0
2015-04-07,9.3,13.3,6.1,3.3,1.051098901098901,0
2015-04-08,9.7,16.1,4.4,0.0,1.051098901098901,0
2015-04-09,10.6,18.9,3.3,0.0,1.051098901098901,0
2015-04-10,10.7,19.4,3.3,0.0,1.051098901098901,0
2015-04-11,11.8,20.0,3.3,0.0,1.051098901098901,0
2015-04-12,14.4,23.3,6.1,0.0,1.051098901098901,0
2015-04-13,10.7,16.7,6.1,0.0,1.051098901098901,0
2015-04-14,9.7,17.8,3.3,0.0,1.051098901098901,0
2015-04-15,13.8,21.1,7.2,0.0,1.051098901098901,0
2015-04-16,16.7,25.0,7.8,0.0,1.051098901098901,0
2015-04-17,14.9,24.4,6.1,0.0,1.051098901098901,0
2015-04-18,11.9,21.7,2.8,0.0,1.051098901098901,0
2015-04-19,12.1,20.6,7.2,0.0,1.051098901098901,0
2015-04-20,11.8,18.3,8.3,0.0,1.051098901098901,0
2015-04-21,10.1,11.7,8.9,0.0,1.051098901098901,0
2015-04-22,10.6,17.2,8.3,0.0,1.051098901098901,0
2015-04-23,10.6,16.7,7.8,0.0,1.051098901098901,0
2015-04-24,12.1,16.7,9.4,0.0,1.051098901098901,0
2015-04-25,10.8,13.9,7.8,0.0,1.051098901098901,0
2015-04-26,11.8,19.4,4.4,0.0,1.051098901098901,0
2015-04-27,16.4,26.7,8.9,0.0,1.051098901098901,0
2015-04-28,12.4,19.4,7.8,0.0,1.051098901098901,0
2015-04-29,11.9,19.4,5.6,0.0,1.051098901098901,0
2015-04-30,20.1,30.6,6.1,0.0,1.051098901098901,0
2015-05-01,17.0,26.7,10.0,0.0,1.015934065934066,0
2015-05-02,13.4,21.1,8.3,0.0,0.9906593406593406,0
2015-05-03,12.3,18.9,8.3,0.0,0.9906593406593406,0
2015-05-04,9.8,15.0,7.8,0.0,0.9906593406593406,0
2015-05-05,11.0,15.6,8.3,0.0,0.9906593406593406,0
2015-05-06,11.4,18.9,7.8,0.0,0.9906593406593406,0
2015-05-07,11.1,17.2,7.2,0.8,0.9950549450549452,0
2015-05-08,12.2,19.4,5.6,4.6,1.0203296703296705,0
2015-05-09,10.6,15.6,8.3,0.0,1.0203296703296705,0
2015-05-10,11.4,18.3,7.8,0.0,1.0203296703296705,0
2015-05-11,9.8,12.8,7.8,0.0,1.0203296703296705,0
2015-05-12,10.7,15.6,7.8,0.0,1.0203296703296705,0
2015-05-13,11.4,18.3,6.1,0.0,1.0203296703296705,0
2015-05-14,11.5,16.1,5.6,17.5,1.1164835164835163,0
2015-05-15,10.5,15.0,5.0,0.8,1.120879120879121,0
2015-05-16,10.9,13.3,9.4,0.0,1.120879120879121,0
2015-05-17,11.9,16.1,9.4,0.0,1.120879120879121,0
2015-05-18,11.4,15.0,9.4,0.0,1.120879120879121,0
2015-05-19,11.0,13.9,10.0,0.0,1.120879120879121,0
2015-05-20,11.8,15.6,9.4,0.0,1.120879120879121,0
2015-05-21,12.2,15.6,9.4,0.0,1.120879120879121,0
2015-05-22,12.3,16.1,10.6,0.0,1.120879120879121,0
2015-05-23,10.4,11.7,9.4,0.0,1.120879120879121,0
2015-05-24,10.9,15.6,8.9,0.0,1.120879120879121,0
2015-05-25,11.9,18.3,9.4,0.0,1.120879120879121,0
2015-05-26,11.8,15.6,9.4,0.0,1.120879120879121,0
2015-05-27,12.3,18.3,9.4,0.0,1.120879120879121,0
2015-05-28,12.4,19.4,9.4,0.0,1.120879120879121,0
2015-05-29,12.7,20.6,8.3,0.0,1.120879120879121,0
2015-05-30,13.8,23.9,7.8,0.0,1.120879120879121,0
2015-05-31,12.8,20.0,7.8,0.0,1.079120879120879,0
2015-06-01,15.4,23.3,11.1,0.0,1.079120879120879,0
2015-06-02,13.9,19.4,10.6,0.0,0.9104395604395604,0
2015-06-03,12.3,16.7,10.6,0.0,0.8670329670329671,0
2015-06-04,13.3,21.1,8.3,0.0,0.8670329670329671,0
2015-06-05,15.0,22.8,7.8,0.0,0.8670329670329671,0
2015-06-06,16.1,23.9,10.6,0.0,0.8670329670329671,0
2015-06-07,17.3,26.7,9.4,0.0,0.8670329670329671,0
2015-06-08,22.2,35.6,12.2,0.0,0.8670329670329671,0
2015-06-09,18.3,27.8,10.6,0.3,0.8686813186813187,0
2015-06-10,17.3,22.8,13.3,0.0,0.8686813186813187,0
2015-06-11,18.3,26.7,11.7,0.0,0.867032967032967,0
2015-06-12,19.3,28.3,9.4,0.0,0.6439560439560439,0
2015-06-13,16.5,26.7,10.0,0.0,0.6439560439560439,0
2015-06-14,14.2,22.2,9.4,0.0,0.6439560439560439,0
2015-06-15,12.8,18.9,9.4,0.0,0.6439560439560439,0
2015-06-16,14.5,23.9,8.9,0.0,0.5868131868131868,0
2015-06-17,15.1,26.1,7.2,0.0,0.5659340659340659,0
2015-06-18,14.2,23.9,5.6,0.0,0.5659340659340659,0
2015-06-19,14.9,25.0,6.7,0.0,0.5659340659340659,0
2015-06-20,17.1,27.2,8.9,0.0,0.5659340659340659,0
2015-06-21,14.2,22.2,8.3,0.0,0.5659340659340659,0
2015-06-22,14.4,22.8,8.3,0.0,0.5659340659340659,0
2015-06-23,14.2,22.8,6.7,0.0,0.5659340659340659,0
2015-06-24,16.1,24.4,10.6,0.0,0.5659340659340659,0
2015-06-25,20.2,31.1,10.0,0.0,0.5659340659340659,0
2015-06-26,19.2,28.9,10.6,0.0,0.5659340659340659,0
2015-06-27,18.7,30.0,10.6,0.0,0.5659340659340659,0
2015-06-28,17.4,25.0,12.8,0.0,0.5659340659340659,0
2015-06-29,16.6,25.6,11.1,0.0,0.5659340659340659,0
2015-06-30,21.4,33.3,10.0,0.0,0.5395604395604395,0
2015-07-01,22.1,32.2,14.4,0.0,0.5395604395604395,0
2015-07-02,19.3,29.4,13.9,0.0,0.5395604395604395,0
2015-07-03,18.6,27.2,12.8,0.0,0.5395604395604395,0
2015-07-04,18.3,26.7,10.6,0.0,0.5395604395604395,0
2015-07-05,18.2,25.6,13.9,0.0,0.5395604395604395,0
2015-07-06,17.8,25.0,12.8,0.0,0.5395604395604395,0
2015-07-07,17.8,24.4,12.8,0.0,0.5395604395604395,0
2015-07-08,15.7,22.8,12.8,0.0,0.5395604395604395,0
2015-07-09,14.8,17.8,12.8,0.0,0.5395604395604395,0
2015-07-10,15.8,22.2,10.6,0.0,0.5395604395604395,0
2015-07-11,16.5,22.8,10.6,0.0,0.4725274725274725,0
2015-07-12,17.2,23.9,11.1,0.0,0.4027472527472527,0
2015-07-13,16.7,23.9,11.7,0.0,0.4027472527472527,0
2015-07-14,14.8,18.9,13.3,0.0,0.4027472527472527,0
2015-07-15,16.5,23.3,12.8,0.0,0.4027472527472527,0
2015-07-16,18.4,27.8,11.7,0.0,0.4027472527472527,0
2015-07-17,17.7,26.7,10.6,0.0,0.4027472527472527,0
2015-07-18,17.3,25.6,10.6,9.1,0.4527472527472528,0
2015-07-19,20.9,30.6,11.7,0.5,0.4554945054945055,0
2015-07-20,21.8,30.6,13.3,0.0,0.4554945054945055,0
2015-07-21,17.3,23.9,12.8,0.0,0.4554945054945055,0
2015-07-22,16.2,21.7,13.3,0.0,0.4554945054945055,0
2015-07-23,15.2,21.7,8.9,0.0,0.4554945054945055,0
2015-07-24,16.1,24.4,9.4,0.0,0.4554945054945055,0
2015-07-25,15.6,23.3,8.3,0.0,0.4554945054945055,0
2015-07-26,16.2,23.9,10.0,0.0,0.4554945054945055,0
2015-07-27,17.8,27.8,8.9,0.0,0.4445054945054945,0
2015-07-28,22.2,32.2,11.7,0.0,0.4445054945054945,0
2015-07-29,20.9,30.0,13.3,0.0,0.4445054945054945,0
2015-07-30,18.6,29.4,12.2,0.0,0.4445054945054945,0
2015-07-31,17.8,25.0,13.3,0.0,0.4401098901098901,0
2015-08-01,18.9,27.2,13.9,0.0,0.4401098901098901,0
2015-08-02,17.5,23.9,12.8,0.0,0.4401098901098901,0
2015-08-03,17.7,23.9,11.1,0.0,0.4401098901098901,0
2015-08-04,16.8,23.9,11.1,0.0,0.4401098901098901,0
2015-08-05,17.3,25.6,10.0,0.0,0.4401098901098901,0
2015-08-06,16.4,25.6,9.4,0.0,0.4401098901098901,0
2015-08-07,18.2,26.7,12.2,0.0,0.4401098901098901,0
2015-08-08,16.4,22.8,12.2,0.0,0.4373626373626374,0
2015-08-09,17.6,24.4,13.3,0.0,0.4373626373626374,0
2015-08-10,17.3,24.4,12.8,0.0,0.4373626373626374,0
2015-08-11,16.8,24.4,9.4,0.0,0.4373626373626374,0
2015-08-12,17.8,26.1,8.9,0.0,0.4373626373626374,0
2015-08-13,18.4,25.0,12.8,0.0,0.4373626373626374,0
2015-08-14,17.8,25.0,10.0,0.0,0.4373626373626374,0
2015-08-15,23.7,35.0,10.6,0.0,0.4373626373626374,0
2015-08-16,25.4,36.1,17.2,0.0,0.4373626373626374,1
2015-08-17,20.7,31.1,13.3,0.0,0.4373626373626374,0
2015-08-18,17.9,26.1,11.7,0.0,0.4373626373626374,0
2015-08-19,18.1,25.0,13.3,0.0,0.4373626373626374,0
2015-08-20,17.5,23.3,13.9,0.0,0.4373626373626374,0
2015-08-21,16.3,23.3,12.8,0.0,0.4373626373626374,0
2015-08-22,16.7,26.1,12.2,0.0,0.4373626373626374,0
2015-08-23,16.6,23.9,12.2,0.0,0.3395604395604395,0
2015-08-24,17.2,25.0,11.1,0.0,0.3395604395604395,0
2015-08-25,16.8,27.8,10.0,0.0,0.3395604395604395,0
2015-08-26,18.8,31.1,8.9,0.0,0.3395604395604395,0
2015-08-27,22.2,32.8,15.0,0.0,0.3395604395604395,0
2015-08-28,23.1,35.6,15.6,0.0,0.3395604395604395,0
2015-08-29,17.5,23.9,11.1,0.0,0.3241758241758242,0
2015-08-30,17.7,23.9,11.7,0.0,0.2318681318681318,0
2015-08-31,17.2,25.6,11.1,0.0,0.2027472527472527,0
2015-09-01,16.2,24.4,9.4,0.0,0.2027472527472527,0
2015-09-02,16.7,22.8,11.7,0.0,0.2027472527472527,0
2015-09-03,14.9,20.6,10.6,0.0,0.2027472527472527,0
2015-09-04,14.2,19.4,9.4,0.0,0.2027472527472527,0
2015-09-05,16.2,26.7,6.7,0.0,0.2027472527472527,1
2015-09-06,19.3,29.4,10.6,0.0,0.2027472527472527,0
2015-09-07,22.6,35.0,12.8,0.0,0.2027472527472527,0
2015-09-08,25.4,36.1,16.1,0.0,0.2027472527472527,0
2015-09-09,25.6,36.7,17.2,0.0,0.2027472527472527,0
2015-09-10,25.8,36.1,18.3,0.0,0.2027472527472527,0
2015-09-11,23.1,33.3,12.2,0.0,0.2027472527472527,0
2015-09-12,16.6,27.2,12.2,0.0,0.2027472527472527,0
2015-09-13,17.6,27.2,12.8,0.0,0.2027472527472527,0
2015-09-14,15.7,22.2,12.8,0.0,0.2027472527472527,0
2015-09-15,14.8,20.0,11.7,60.7,0.5362637362637364,0
2015-09-16,15.4,20.0,10.0,0.0,0.5362637362637364,0
2015-09-17,15.4,23.3,9.4,0.0,0.5362637362637364,0
2015-09-18,17.1,27.2,9.4,0.0,0.5362637362637364,0
2015-09-19,21.8,33.9,10.6,0.0,0.5362637362637364,0
2015-09-20,26.1,36.7,16.1,0.0,0.5362637362637364,0
2015-09-21,24.4,36.7,12.2,0.0,0.5362637362637364,0
2015-09-22,14.8,22.2,8.9,0.0,0.5362637362637364,0
2015-09-23,16.3,27.2,6.7,0.0,0.5362637362637364,0
2015-09-24,21.4,33.3,12.8,0.0,0.5362637362637364,0
2015-09-25,18.4,28.3,12.2,0.0,0.5362637362637364,0
2015-09-26,17.7,28.3,10.6,0.0,0.5362637362637364,0
2015-09-27,17.4,27.2,10.6,0.0,0.5362637362637364,0
2015-09-28,16.1,25.0,10.6,0.0,0.5362637362637364,0
2015-09-29,15.4,22.2,12.2,0.0,0.5362637362637364,0
2015-09-30,14.2,17.8,11.1,0.0,0.5362637362637364,0
2015-10-01,16.4,23.3,12.2,0.0,0.5362637362637364,0
2015-10-02,15.9,25.6,10.0,0.0,0.5362637362637364,0
2015-10-03,13.2,22.8,7.2,0.0,0.5362637362637364,0
2015-10-04,15.2,23.9,7.8,1.3,0.5434065934065935,0
2015-10-05,16.1,25.0,9.4,10.2,0.5994505494505495,0
2015-10-06,16.3,25.0,9.4,0.0,0.5813186813186814,0
2015-10-07,16.5,26.1,9.4,0.0,0.5813186813186814,0
2015-10-08,20.6,31.7,13.3,0.0,0.5813186813186814,0
2015-10-09,19.2,28.9,11.1,0.0,0.5813186813186814,0
2015-10-10,16.2,25.0,11.1,0.0,0.5813186813186814,0
2015-10-11,16.1,26.7,10.6,0.0,0.5813186813186814,0
2015-10-12,21.4,33.3,10.0,0.0,0.5813186813186814,0
2015-10-13,23.8,36.1,16.7,0.0,0.5813186813186814,0
2015-10-14,21.1,29.4,15.6,0.0,0.5813186813186814,0
2015-10-15,17.5,27.8,12.8,0.0,0.5813186813186814,0
2015-10-16,17.2,28.3,12.8,0.0,0.5813186813186814,0
2015-10-17,15.5,20.0,12.8,0.0,0.5813186813186814,0
2015-10-18,15.6,19.4,13.3,0.0,0.5813186813186814,0
2015-10-19,14.8,17.8,12.8,0.0,0.5813186813186814,0
2015-10-20,15.8,25.6,10.6,0.0,0.5813186813186814,0
2015-10-21,17.6,26.7,10.6,0.0,0.5813186813186814,0
2015-10-22,15.0,23.9,7.8,0.0,0.5813186813186814,0
2015-10-23,15.8,26.7,10.6,0.0,0.5813186813186814,0
2015-10-24,16.2,27.8,10.0,0.0,0.5813186813186814,0
2015-10-25,14.8,23.9,9.4,0.0,0.5813186813186814,0
2015-10-26,16.1,28.3,8.3,0.0,0.5813186813186814,0
2015-10-27,15.2,21.1,11.1,0.0,0.5813186813186814,0
2015-10-28,13.8,21.1,8.9,0.0,0.5813186813186814,0
2015-10-29,14.2,23.3,8.3,0.0,0.5813186813186814,0
2015-10-30,19.3,27.8,13.3,0.0,0.5813186813186814,0
2015-10-31,18.4,28.3,12.2,0.0,0.5813186813186814,0
2015-11-01,15.8,23.3,10.0,0.0,0.5813186813186814,0
2015-11-02,11.7,15.6,7.2,0.0,0.5813186813186814,0
2015-11-03,9.6,17.2,5.0,0.0,0.5813186813186814,0
2015-11-04,10.7,17.2,3.9,0.0,0.5813186813186814,0
2015-11-05,9.9,18.3,3.9,0.0,0.5769230769230769,0
2015-11-06,10.9,19.4,5.6,0.0,0.5516483516483517,0
2015-11-07,11.6,21.7,5.0,0.0,0.5516483516483517,0
2015-11-08,10.3,15.6,5.6,0.0,0.5516483516483517,1
2015-11-09,8.3,11.7,6.1,0.0,0.5516483516483517,0
2015-11-10,7.8,13.9,3.9,0.0,0.5516483516483517,0
2015-11-11,8.6,17.2,2.8,0.0,0.5516483516483517,0
2015-11-12,9.8,16.7,3.3,0.0,0.4554945054945055,0
2015-11-13,12.7,21.1,5.0,0.0,0.4510989010989011,0
2015-11-14,11.3,20.6,6.1,0.0,0.4510989010989011,0
2015-11-15,10.1,12.8,7.2,0.0,0.4510989010989011,0
2015-11-16,9.2,15.0,4.4,0.0,0.4510989010989011,0
2015-11-17,11.9,17.8,6.1,0.0,0.4510989010989011,0
2015-11-18,12.6,20.0,7.2,0.0,0.4510989010989011,0
2015-11-19,14.2,20.6,8.3,0.0,0.4510989010989011,0
2015-11-20,15.8,22.2,10.6,0.0,0.4510989010989011,0
2015-11-21,16.7,21.1,12.8,0.0,0.4510989010989011,0
2015-11-22,15.6,25.0,10.0,0.0,0.4510989010989011,0
2015-11-23,8.4,13.3,4.4,0.0,0.4510989010989011,0
2015-11-24,8.4,11.7,4.4,0.3,0.4527472527472528,0
2015-11-25,5.1,11.7,0.6,0.0,0.4527472527472528,0
2015-11-26,4.8,9.4,0.6,0.0,0.4527472527472528,0
2015-11-27,7.7,11.7,5.0,0.0,0.4527472527472528,0
2015-11-28,7.8,15.6,2.2,0.0,0.4527472527472528,0
2015-11-29,7.4,16.1,1.7,0.0,0.4527472527472528,0
2015-11-30,8.4,14.4,2.2,0.0,0.4527472527472528,0
2015-12-01,10.0,18.3,4.4,0.0,0.4527472527472528,0
2015-12-02,10.7,17.8,5.6,0.0,0.4527472527472528,0
2015-12-03,10.5,15.0,6.1,0.0,0.4527472527472528,0
2015-12-04,8.9,16.7,4.4,0.0,0.4527472527472528,0
2015-12-05,9.0,15.0,4.4,0.0,0.4527472527472528,0
2015-12-06,12.7,16.7,7.8,0.0,0.4527472527472528,0
2015-12-07,12.7,18.3,8.9,0.0,0.4527472527472528,0
2015-12-08,12.1,16.1,8.9,0.0,0.4510989010989011,0
2015-12-09,13.7,19.4,10.0,0.0,0.4510989010989011,0
2015-12-10,11.6,14.4,7.8,0.0,0.4510989010989011,0
2015-12-11,8.3,13.3,5.6,1.3,0.4582417582417583,0
2015-12-12,8.8,14.4,3.3,0.0,0.4582417582417583,0
2015-12-13,8.2,11.7,5.0,4.1,0.4807692307692308,0
2015-12-14,6.0,11.7,0.6,0.0,0.4807692307692308,0
2015-12-15,7.2,12.2,4.4,0.0,0.4807692307692308,0
2015-12-16,6.6,14.4,0.6,0.0,0.4807692307692308,0
2015-12-17,7.3,15.0,2.2,0.0,0.4807692307692308,0
2015-12-18,9.2,12.8,4.4,0.0,0.4807692307692308,0
2015-12-19,7.9,11.7,2.8,6.6,0.5170329670329671,0
2015-12-20,6.9,10.0,1.7,0.0,0.5170329670329671,0
2015-12-21,11.3,12.8,8.3,0.8,0.5214285714285715,0
2015-12-22,11.6,13.3,7.8,1.8,0.5313186813186814,0
2015-12-23,7.7,12.8,3.3,0.0,0.5313186813186814,0
2015-12-24,5.6,8.9,1.7,0.0,0.5313186813186814,0
2015-12-25,5.4,11.1,1.7,0.0,0.5313186813186814,0
2015-12-26,4.9,10.6,0.0,0.0,0.5313186813186814,0
2015-12-27,3.5,11.7,-2.2,0.0,0.5313186813186814,0
2015-12-28,5.4,8.3,2.2,0.0,0.5313186813186814,0
2015-12-29,5.2,13.3,0.6,0.0,0.5313186813186814,0
2015-12-30,5.9,12.2,0.6,0.0,0.5313186813186814,0
2015-12-31,6.6,10.6,4.4,0.0,0.5313186813186814,0
2016-01-01,5.0,8.9,2.2,0.0,0.5313186813186814,0
2016-01-02,9.1,13.9,5.0,0.0,0.5313186813186814,0
2016-01-03,10.7,13.9,8.9,0.0,0.5313186813186814,0
2016-01-04,10.4,12.8,8.3,0.3,0.5329670329670331,0
2016-01-05,9.2,10.6,7.8,40.9,0.7576923076923078,0
2016-01-06,8.1,10.6,6.7,20.3,0.8692307692307694,0
2016-01-07,6.8,12.2,2.8,7.6,0.9109890109890112,0
2016-01-08,7.3,12.8,2.8,0.0,0.9109890109890112,0
2016-01-09,8.4,10.6,6.7,0.0,0.9109890109890112,0
2016-01-10,9.7,14.4,7.2,0.0,0.9109890109890112,0
2016-01-11,11.9,16.7,9.4,0.0,0.9109890109890112,0
2016-01-12,12.3,17.8,8.3,0.0,0.9109890109890112,0
2016-01-13,10.3,12.8,4.4,0.0,0.9109890109890112,0
2016-01-14,7.7,11.7,3.3,0.0,0.9109890109890112,0
2016-01-15,11.6,17.2,7.2,0.0,0.9109890109890112,0
2016-01-16,11.6,13.9,9.4,0.0,0.860989010989011,0
2016-01-17,12.8,13.3,12.2,0.0,0.8582417582417583,0
2016-01-18,12.3,16.1,8.3,0.0,0.8582417582417583,0
2016-01-19,11.7,14.4,8.3,0.3,0.8598901098901099,0
2016-01-20,10.9,17.2,6.7,0.3,0.8615384615384616,0
2016-01-21,12.9,17.2,7.8,0.0,0.8615384615384616,0
2016-01-22,12.1,13.3,10.0,0.0,0.8615384615384616,0
2016-01-23,9.4,12.2,7.2,0.0,0.8615384615384616,0
2016-01-24,8.2,12.8,5.0,0.0,0.8615384615384616,0
2016-01-25,9.7,16.1,4.4,0.0,0.8615384615384616,0
2016-01-26,10.5,16.1,6.7,0.0,0.8615384615384616,0
2016-01-27,11.2,21.1,6.1,0.0,0.8615384615384616,0
2016-01-28,11.3,16.7,5.6,0.0,0.8615384615384616,0
2016-01-29,13.1,14.4,11.1,0.0,0.8615384615384616,0
2016-01-30,9.5,13.9,6.7,0.0,0.8615384615384616,0
2016-01-31,7.5,11.7,5.0,10.9,0.9214285714285716,0
2016-02-01,6.8,12.8,2.2,0.0,0.9214285714285716,0
2016-02-02,6.9,13.3,2.2,0.0,0.9214285714285716,0
2016-02-03,7.5,14.4,1.7,0.0,0.9214285714285716,0
2016-02-04,9.4,15.0,5.0,0.0,0.9214285714285716,0
2016-02-05,10.5,19.4,3.3,0.0,0.9214285714285716,0
2016-02-06,12.7,20.0,5.6,0.0,0.9214285714285716,0
2016-02-07,17.6,22.2,11.1,0.0,0.9214285714285716,0
2016-02-08,17.0,25.0,11.7,0.0,0.9214285714285716,0
2016-02-09,16.6,28.3,10.6,0.0,0.9214285714285716,0
2016-02-10,15.6,25.0,7.8,0.0,0.9214285714285716,0
2016-02-11,15.2,23.3,8.9,0.0,0.9214285714285716,0
2016-02-12,13.1,20.6,8.3,0.0,0.9214285714285716,0
2016-02-13,12.2,21.7,6.7,0.0,0.9214285714285716,0
2016-02-14,15.0,22.2,6.7,0.0,0.9214285714285716,0
2016-02-15,18.9,25.0,12.8,0.0,0.9214285714285716,0
2016-02-16,20.0,27.8,14.4,0.0,0.9214285714285716,0
2016-02-17,13.8,17.8,7.8,14.7,1.0021978021978022,0
2016-02-18,10.1,15.0,6.1,5.3,1.0313186813186814,0
2016-02-19,9.7,14.4,6.1,0.0,1.0313186813186814,0
2016-02-20,9.4,17.2,4.4,0.0,1.0313186813186814,0
2016-02-21,9.7,18.3,4.4,0.0,1.0313186813186814,0
2016-02-22,13.1,20.0,6.7,0.0,1.0313186813186814,0
2016-02-23,15.7,22.8,8.9,0.0,1.0313186813186814,0
2016-02-24,13.6,22.2,6.1,0.0,1.0313186813186814,0
2016-02-25,14.7,25.6,7.2,0.0,1.0313186813186814,0
2016-02-26,13.8,20.6,8.3,0.0,1.0313186813186814,0
2016-02-27,12.6,20.6,6.7,0.0,1.0313186813186814,0
2016-02-28,11.6,19.4,5.0,0.0,1.0313186813186814,0
2016-02-29,15.8,26.7,8.3,0.0,1.0313186813186814,0
2016-03-01,13.9,22.8,8.9,0.0,1.0313186813186814,0
2016-03-02,13.2,20.6,7.8,0.0,1.0313186813186814,0
2016-03-03,14.1,17.8,11.1,0.0,1.0313186813186814,0
2016-03-04,14.3,16.1,13.3,0.0,1.0313186813186814,0
2016-03-05,13.3,14.4,10.6,0.3,1.032967032967033,0
2016-03-06,10.8,13.9,8.3,16.3,1.1225274725274723,0
2016-03-07,8.1,13.3,4.4,9.7,1.175824175824176,0
2016-03-08,8.5,13.9,2.8,0.0,1.175824175824176,0
2016-03-09,12.8,17.2,8.9,0.0,1.175824175824176,0
2016-03-10,13.8,17.8,11.7,0.0,1.175824175824176,0
2016-03-11,9.8,12.2,7.2,13.2,1.2483516483516484,0
2016-03-12,9.7,11.7,6.1,0.0,1.2483516483516484,0
2016-03-13,12.3,12.8,11.1,0.0,1.2483516483516484,0
2016-03-14,10.6,16.1,4.4,0.8,1.2527472527472527,0
2016-03-15,10.2,18.9,3.9,0.0,0.9192307692307692,0
2016-03-16,14.2,21.7,6.7,0.0,0.9192307692307692,0
2016-03-17,17.2,25.6,9.4,0.0,0.9192307692307692,0
2016-03-18,11.7,20.0,7.8,0.0,0.9192307692307692,0
2016-03-19,12.0,20.0,5.0,0.0,0.9192307692307692,0
2016-03-20,12.3,20.0,7.2,0.0,0.9192307692307692,0
2016-03-21,10.1,14.4,6.7,0.0,0.9192307692307692,0
2016-03-22,9.6,15.6,5.0,0.0,0.9192307692307692,0
2016-03-23,10.9,18.9,5.6,0.0,0.9192307692307692,0
2016-03-24,11.9,18.3,5.0,0.0,0.9192307692307692,0
2016-03-25,11.7,18.3,6.1,0.0,0.9192307692307692,0
2016-03-26,11.9,18.9,5.0,0.0,0.9192307692307692,0
2016-03-27,10.5,13.9,7.8,0.0,0.9192307692307692,0
2016-03-28,8.2,12.8,2.8,0.5,0.921978021978022,0
2016-03-29,8.6,17.2,2.2,0.0,0.921978021978022,0
2016-03-30,9.7,16.7,2.2,0.0,0.921978021978022,0
2016-03-31,10.9,18.3,5.0,0.0,0.921978021978022,0
2016-04-01,10.7,17.2,5.0,0.0,0.921978021978022,0
2016-04-02,12.5,21.7,7.2,0.0,0.921978021978022,0
2016-04-03,11.2,17.8,7.2,0.0,0.9148351648351648,0
2016-04-04,11.7,17.8,5.6,0.0,0.8587912087912087,0
2016-04-05,18.6,25.6,5.6,0.0,0.8587912087912087,0
2016-04-06,23.3,30.6,15.6,0.0,0.8587912087912087,0
2016-04-07,16.1,22.8,11.7,1.5,0.867032967032967,0
2016-04-08,13.4,16.7,11.1,3.6,0.8868131868131869,0
2016-04-09,13.2,16.7,11.7,1.0,0.8923076923076924,0
2016-04-10,11.1,12.8,10.0,0.0,0.8923076923076924,0
2016-04-11,11.6,15.6,8.9,0.0,0.8923076923076924,0
2016-04-12,10.2,12.2,7.8,0.0,0.8923076923076924,0
2016-04-13,11.0,16.7,5.6,0.0,0.8923076923076924,0
2016-04-14,11.1,16.7,6.7,0.0,0.8923076923076924,0
2016-04-15,11.0,18.3,3.3,0.0,0.8923076923076924,0
2016-04-16,17.1,25.0,10.0,0.0,0.8923076923076924,0
2016-04-17,17.9,27.8,9.4,0.0,0.8923076923076924,0
2016-04-18,18.0,28.3,8.9,0.0,0.8923076923076924,0
2016-04-19,16.5,25.6,7.8,0.0,0.8923076923076924,0
2016-04-20,15.0,22.8,6.1,0.0,0.8923076923076924,0
2016-04-21,15.0,20.0,11.7,0.0,0.8923076923076924,0
2016-04-22,12.2,14.4,9.4,0.0,0.8923076923076924,0
2016-04-23,12.2,17.8,7.2,0.0,0.8923076923076924,0
2016-04-24,11.6,16.7,7.2,0.0,0.8923076923076924,0
2016-04-25,9.1,15.6,2.2,0.0,0.8923076923076924,0
2016-04-26,10.1,15.6,4.4,0.0,0.8923076923076924,0
2016-04-27,10.2,13.3,7.8,0.0,0.8923076923076924,0
2016-04-28,11.6,17.8,6.7,0.0,0.8923076923076924,0
2016-04-29,11.2,16.7,6.7,0.0,0.8923076923076924,0
2016-04-30,15.4,22.2,6.1,0.0,0.8923076923076924,0
2016-05-01,17.2,25.6,8.9,0.0,0.8923076923076924,0
2016-05-02,12.7,21.1,5.6,0.0,0.8923076923076924,0
2016-05-03,13.4,20.0,9.4,0.0,0.8923076923076924,0
2016-05-04,13.0,20.0,9.4,0.0,0.8923076923076924,0
2016-05-05,12.8,17.8,9.4,1.3,0.8994505494505494,0
2016-05-06,11.0,12.2,10.0,0.0,0.8994505494505494,0
2016-05-07,12.0,14.4,9.4,0.0,0.8994505494505494,0
2016-05-08,12.7,18.3,9.4,0.0,0.8994505494505494,0
2016-05-09,11.6,14.4,9.4,0.0,0.8994505494505494,0
2016-05-10,12.8,20.6,8.3,0.0,0.8994505494505494,0
2016-05-11,13.0,20.0,8.9,0.0,0.8994505494505494,0
2016-05-12,12.7,18.3,8.9,0.0,0.8994505494505494,0
2016-05-13,11.9,19.4,6.7,0.0,0.8994505494505494,0
2016-05-14,13.9,21.7,6.1,0.0,0.8994505494505494,0
2016-05-15,12.7,17.2,10.6,0.0,0.8994505494505494,0
2016-05-16,14.3,21.7,10.0,0.0,0.8994505494505494,0
2016-05-17,19.2,29.4,8.3,0.0,0.8994505494505494,0
2016-05-18,18.6,27.8,10.0,0.0,0.8994505494505494,0
2016-05-19,12.4,17.2,9.4,0.0,0.8994505494505494,0
2016-05-20,11.1,15.6,8.9,0.0,0.8994505494505494,0
2016-05-21,11.2,15.6,6.7,0.0,0.8994505494505494,0
2016-05-22,11.8,18.9,7.2,0.0,0.8994505494505494,0
2016-05-23,13.2,20.0,8.3,0.0,0.8994505494505494,0
2016-05-24,13.1,18.9,10.0,0.0,0.8978021978021977,0
2016-05-25,12.2,16.1,10.0,0.0,0.8978021978021977,0
2016-05-26,13.0,20.0,9.4,0.0,0.8978021978021977,0
2016-05-27,14.7,23.9,7.2,0.0,0.8978021978021977,0
2016-05-28,17.2,27.8,8.3,0.0,0.8978021978021977,0
2016-05-29,13.8,22.8,7.8,0.0,0.8978021978021977,0
2016-05-30,16.1,26.1,7.2,0.0,0.8978021978021977,0
2016-05-31,18.8,30.0,8.3,0.0,0.8978021978021977,0
2016-06-01,16.3,26.1,7.2,0.0,0.8978021978021977,0
2016-06-02,17.7,30.0,7.2,0.0,0.8978021978021977,0
2016-06-03,23.2,33.9,12.2,0.0,0.8978021978021977,0
2016-06-04,19.6,29.4,11.1,0.0,0.8978021978021977,0
2016-06-05,16.1,29.4,8.9,0.0,0.8978021978021977,0
2016-06-06,15.6,23.3,8.3,0.0,0.8978021978021977,0
2016-06-07,15.9,23.9,10.6,0.0,0.8978021978021977,0
2016-06-08,14.9,21.1,11.1,0.0,0.8978021978021977,0
2016-06-09,14.1,20.6,11.1,0.0,0.8978021978021977,0
2016-06-10,13.8,20.0,7.8,0.0,0.8906593406593406,0
2016-06-11,16.5,27.8,5.6,0.0,0.8906593406593406,0
2016-06-12,16.8,27.2,8.3,0.0,0.8681318681318682,0
2016-06-13,13.8,19.4,10.0,0.0,0.8681318681318682,0
2016-06-14,12.9,18.3,8.3,0.0,0.8681318681318682,0
2016-06-15,12.7,18.9,6.7,0.0,0.8681318681318682,0
2016-06-16,14.9,22.8,6.7,0.0,0.8681318681318682,0
2016-06-17,15.4,22.8,9.4,0.0,0.8681318681318682,0
2016-06-18,16.1,23.3,8.3,0.0,0.8318681318681317,0
2016-06-19,20.6,30.0,9.4,0.0,0.8318681318681317,0
2016-06-20,15.9,25.0,7.2,0.0,0.8274725274725274,0
2016-06-21,17.7,28.9,8.3,0.0,0.8175824175824175,0
2016-06-22,13.9,22.2,7.8,0.0,0.8175824175824175,0
2016-06-23,16.2,25.0,7.2,0.0,0.8175824175824175,0
2016-06-24,16.0,25.0,9.4,0.0,0.8175824175824175,0
2016-06-25,17.4,28.9,8.9,0.0,0.8175824175824175,0
2016-06-26,17.2,27.2,7.2,0.0,0.8175824175824175,0
2016-06-27,17.3,27.8,7.8,0.0,0.8175824175824175,0
2016-06-28,15.7,26.7,7.8,0.0,0.8175824175824175,0
2016-06-29,13.3,21.7,7.8,0.0,0.8175824175824175,0
2016-06-30,15.4,26.1,8.3,0.0,0.8175824175824175,0
2016-07-01,14.2,22.8,8.3,0.0,0.8175824175824175,0
2016-07-02,15.2,24.4,8.9,0.0,0.8175824175824175,0
2016-07-03,15.7,26.7,7.2,0.0,0.8175824175824175,0
2016-07-04,16.1,25.0,8.9,0.0,0.8159340659340659,0
2016-07-05,14.7,21.1,10.0,0.0,0.5912087912087912,0
2016-07-06,13.8,20.0,10.0,0.0,0.4796703296703296,0
2016-07-07,14.2,20.6,10.6,0.0,0.4379120879120878,0
2016-07-08,16.1,24.4,11.1,0.0,0.4379120879120878,0
2016-07-09,16.5,25.0,10.6,0.0,0.4379120879120878,0
2016-07-10,15.6,22.8,8.3,0.0,0.4379120879120878,0
2016-07-11,14.9,23.9,7.2,0.0,0.4379120879120878,0
2016-07-12,15.4,23.9,8.9,0.0,0.4379120879120878,0
2016-07-13,17.5,28.3,6.7,0.0,0.4379120879120878,0
2016-07-14,17.4,27.2,9.4,0.0,0.4379120879120878,0
2016-07-15,15.8,26.1,8.3,0.0,0.4379120879120878,0
2016-07-16,15.4,23.9,10.0,0.0,0.4379120879120878,0
2016-07-17,14.5,22.2,10.6,0.0,0.4379120879120878,0
2016-07-18,14.4,20.6,11.1,0.0,0.4379120879120878,0
2016-07-19,14.7,22.2,8.3,0.0,0.4362637362637362,0
2016-07-20,14.8,23.3,7.2,0.0,0.4346153846153845,0
2016-07-21,15.0,23.9,8.3,0.0,0.4346153846153845,0
2016-07-22,16.2,26.1,6.7,0.0,0.4346153846153845,0
2016-07-23,16.7,27.2,8.3,0.0,0.4346153846153845,0
2016-07-24,16.1,26.1,8.3,0.0,0.4346153846153845,0
2016-07-25,16.9,26.7,8.3,0.0,0.4346153846153845,0
2016-07-26,22.2,33.3,11.7,0.0,0.4346153846153845,0
2016-07-27,20.9,31.7,11.1,0.0,0.4346153846153845,0
2016-07-28,18.2,30.6,9.4,0.0,0.4346153846153845,0
2016-07-29,18.2,30.0,9.4,0.0,0.4346153846153845,0
2016-07-30,16.5,26.1,8.3,0.0,0.4346153846153845,0
2016-07-31,16.2,25.6,7.8,0.0,0.3747252747252746,0
2016-08-01,16.7,25.0,11.7,0.0,0.3747252747252746,0
2016-08-02,16.6,26.1,9.4,0.0,0.3747252747252746,0
2016-08-03,15.3,25.0,7.8,0.0,0.3747252747252746,0
2016-08-04,14.0,21.7,9.4,0.0,0.3747252747252746,0
2016-08-05,14.3,20.6,11.1,0.0,0.3747252747252746,0
2016-08-06,13.5,21.7,9.4,0.0,0.3747252747252746,0
2016-08-07,15.5,23.9,10.0,0.0,0.3747252747252746,0
2016-08-08,14.8,24.4,8.3,0.0,0.3747252747252746,0
2016-08-09,15.8,24.4,11.1,0.0,0.3747252747252746,0
2016-08-10,15.0,23.9,10.0,0.0,0.3747252747252746,0
2016-08-11,15.8,26.1,9.4,0.0,0.3747252747252746,0
2016-08-12,16.7,26.7,8.3,0.0,0.3747252747252746,0
2016-08-13,19.2,31.1,10.0,0.0,0.3747252747252746,0
2016-08-14,17.0,30.6,8.9,0.0,0.3747252747252746,0
2016-08-15,14.9,25.0,6.7,0.0,0.3747252747252746,0
2016-08-16,15.4,26.1,6.7,0.0,0.3747252747252746,0
2016-08-17,16.5,26.7,8.3,0.0,0.2939560439560439,0
2016-08-18,16.9,26.7,10.0,0.0,0.2648351648351648,0
2016-08-19,15.8,25.0,8.9,0.0,0.2648351648351648,0
2016-08-20,15.2,23.3,9.4,0.0,0.2648351648351648,0
2016-08-21,15.6,23.9,11.1,0.0,0.2648351648351648,0
2016-08-22,15.5,23.9,11.1,0.0,0.2648351648351648,0
2016-08-23,15.8,26.1,10.6,0.0,0.2648351648351648,0
2016-08-24,15.4,25.0,10.0,0.0,0.2648351648351648,0
2016-08-25,15.1,23.3,8.9,0.0,0.2648351648351648,0
2016-08-26,16.6,24.4,12.2,0.0,0.2648351648351648,0
2016-08-27,16.0,22.8,12.8,0.0,0.2648351648351648,0
2016-08-28,16.6,23.9,11.7,0.0,0.2648351648351648,0
2016-08-29,15.6,23.9,11.1,0.0,0.2648351648351648,0
2016-08-30,17.5,25.6,11.7,0.0,0.2648351648351648,0
2016-08-31,15.9,22.8,10.0,0.0,0.2648351648351648,0
2016-09-01,14.8,21.7,11.7,0.0,0.2648351648351648,0
2016-09-02,15.0,23.9,8.3,0.0,0.2648351648351648,0
2016-09-03,13.3,16.1,10.6,0.0,0.2631868131868132,0
2016-09-04,14.2,20.0,10.6,0.0,0.1736263736263736,0
2016-09-05,14.3,25.0,7.2,0.0,0.1203296703296703,0
2016-09-06,17.9,29.4,7.2,0.0,0.1203296703296703,0
2016-09-07,21.6,33.9,11.1,0.0,0.1203296703296703,0
2016-09-08,16.0,25.0,9.4,0.0,0.1203296703296703,0
2016-09-09,14.9,25.0,7.2,0.0,0.0478021978021978,0
2016-09-10,15.0,25.6,7.8,0.0,0.0478021978021978,0
2016-09-11,14.4,22.8,10.0,0.0,0.0478021978021978,0
2016-09-12,13.8,19.4,11.1,0.0,0.0434065934065934,0
2016-09-13,14.6,20.6,9.4,0.0,0.0434065934065934,0
2016-09-14,15.1,23.9,8.3,0.0,0.0434065934065934,0
2016-09-15,14.1,23.9,7.8,0.0,0.0434065934065934,0
2016-09-16,14.8,26.1,7.8,0.0,0.0434065934065934,0
2016-09-17,17.7,32.2,7.2,0.0,0.0434065934065934,0
2016-09-18,23.6,35.0,14.4,0.0,0.0434065934065934,0
2016-09-19,23.9,34.4,13.9,0.0,0.0434065934065934,0
2016-09-20,17.3,27.2,10.0,0.0,0.0434065934065934,0
2016-09-21,13.8,19.4,9.4,0.0,0.0434065934065934,0
2016-09-22,13.8,19.4,7.8,0.0,0.0434065934065934,0
2016-09-23,13.8,23.9,6.7,0.0,0.0434065934065934,0
2016-09-24,19.2,28.9,10.0,0.0,0.0434065934065934,0
2016-09-25,24.4,35.6,15.0,0.0,0.0434065934065934,0
2016-09-26,25.8,38.9,16.7,0.0,0.0406593406593406,0
2016-09-27,23.8,35.0,16.7,0.0,0.0406593406593406,0
2016-09-28,16.8,26.1,10.0,0.0,0.0406593406593406,0
2016-09-29,13.3,22.2,8.3,0.0,0.0406593406593406,0
2016-09-30,12.5,18.9,7.8,0.0,0.0406593406593406,0
2016-10-01,12.6,21.1,6.1,0.0,0.0406593406593406,0
2016-10-02,13.1,19.4,6.7,0.0,0.0406593406593406,0
2016-10-03,12.7,17.2,6.7,0.0,0.0406593406593406,0
2016-10-04,13.9,20.6,7.8,0.0,0.0406593406593406,0
2016-10-05,12.9,21.7,6.1,0.0,0.0406593406593406,0
2016-10-06,15.9,25.6,9.4,0.0,0.0324175824175824,0
2016-10-07,20.0,27.2,11.1,0.0,0.0126373626373626,0
2016-10-08,21.0,32.8,12.8,0.0,0.0071428571428571,0
2016-10-09,19.4,30.6,12.8,0.0,0.0071428571428571,0
2016-10-10,14.5,21.7,7.2,0.0,0.0071428571428571,0
2016-10-11,13.6,20.6,9.4,0.0,0.0071428571428571,0
2016-10-12,12.3,20.6,7.2,0.0,0.0071428571428571,0
2016-10-13,14.3,22.2,6.7,0.0,0.0071428571428571,0
2016-10-14,15.2,16.1,13.9,0.0,0.0071428571428571,0
2016-10-15,15.7,18.3,12.8,0.0,0.0071428571428571,0
2016-10-16,15.4,16.7,13.3,0.0,0.0071428571428571,0
2016-10-17,13.8,20.0,8.3,8.6,0.0543956043956044,0
2016-10-18,12.9,21.1,7.2,0.0,0.0543956043956044,0
2016-10-19,15.3,23.9,9.4,0.0,0.0543956043956044,0
2016-10-20,18.2,27.2,10.6,0.0,0.0543956043956044,0
2016-10-21,15.4,25.0,10.0,0.0,0.0543956043956044,0
2016-10-22,12.7,20.6,7.2,0.0,0.0543956043956044,0
2016-10-23,13.3,21.7,5.6,1.3,0.0615384615384615,0
2016-10-24,14.5,17.2,13.3,2.3,0.0741758241758241,0
2016-10-25,14.8,20.0,11.7,0.0,0.0741758241758241,0
2016-10-26,14.9,23.9,8.9,0.0,0.0741758241758241,0
2016-10-27,14.7,18.3,11.7,0.0,0.0741758241758241,0
2016-10-28,15.4,17.2,14.4,0.3,0.0758241758241758,0
2016-10-29,15.2,18.9,12.2,0.0,0.0758241758241758,0
2016-10-30,14.0,16.7,11.1,0.8,0.0802197802197802,0
2016-10-31,12.8,17.2,8.3,0.0,0.0802197802197802,0
2016-11-01,12.4,18.3,7.2,0.0,0.0802197802197802,0
2016-11-02,13.1,23.3,6.7,0.0,0.0802197802197802,0
2016-11-03,15.3,24.4,9.4,0.0,0.073076923076923,0
2016-11-04,15.3,24.4,9.4,0.0,0.073076923076923,0
2016-11-05,13.2,21.1,8.3,0.0,0.073076923076923,0
2016-11-06,15.4,20.6,12.2,0.0,0.073076923076923,0
2016-11-07,16.2,24.4,11.7,0.0,0.073076923076923,0
2016-11-08,16.9,25.6,11.7,0.0,0.073076923076923,0
2016-11-09,17.2,27.2,11.1,0.0,0.073076923076923,0
2016-11-10,18.1,28.9,12.2,0.0,0.073076923076923,0
2016-11-11,16.6,25.0,12.2,0.0,0.073076923076923,0
2016-11-12,15.2,24.4,10.0,0.0,0.073076923076923,0
2016-11-13,14.4,22.2,10.6,0.0,0.073076923076923,0
2016-11-14,13.7,23.9,8.3,0.0,0.073076923076923,0
2016-11-15,11.6,16.7,8.3,0.0,0.073076923076923,0
2016-11-16,9.0,15.0,3.9,0.0,0.073076923076923,0
2016-11-17,8.6,15.6,3.3,0.0,0.073076923076923,0
2016-11-18,12.4,19.4,6.1,0.0,0.073076923076923,0
2016-11-19,12.3,13.3,10.0,0.0,0.073076923076923,0
2016-11-20,11.6,14.4,6.7,14.0,0.15,0
2016-11-21,10.2,15.6,6.7,5.1,0.178021978021978,0
2016-11-22,9.5,15.6,4.4,0.0,0.178021978021978,0
2016-11-23,9.0,14.4,3.9,0.0,0.178021978021978,0
2016-11-24,7.9,17.8,2.8,0.0,0.178021978021978,0
2016-11-25,9.2,15.0,2.8,0.0,0.178021978021978,0
2016-11-26,9.2,10.6,7.2,3.3,0.1961538461538461,0
2016-11-27,9.6,14.4,6.7,0.0,0.1961538461538461,0
2016-11-28,10.7,15.0,8.3,0.0,0.1961538461538461,0
2016-11-29,8.4,14.4,2.8,0.0,0.1961538461538461,0
2016-11-30,7.6,13.9,2.8,0.0,0.1961538461538461,0
2016-12-01,8.9,14.4,3.9,0.0,0.1961538461538461,0
2016-12-02,10.5,15.0,7.2,0.0,0.1961538461538461,0
2016-12-03,11.1,18.9,5.6,0.0,0.1961538461538461,0
2016-12-04,10.0,17.8,5.0,0.0,0.1961538461538461,0
2016-12-05,8.7,14.4,4.4,0.0,0.1961538461538461,0
2016-12-06,6.0,13.3,1.1,0.0,0.1961538461538461,0
2016-12-07,6.8,10.6,1.7,0.0,0.1961538461538461,0
2016-12-08,11.2,13.3,7.8,0.0,0.1961538461538461,0
2016-12-09,13.7,16.1,12.2,0.0,0.1961538461538461,0
2016-12-10,13.3,14.4,8.9,0.0,0.1961538461538461,0
2016-12-11,7.7,10.6,5.6,0.0,0.1961538461538461,0
2016-12-12,8.1,13.9,5.0,0.0,0.1961538461538461,0
2016-12-13,10.7,13.9,7.2,0.0,0.1961538461538461,0
2016-12-14,12.5,14.4,11.7,0.0,0.1961538461538461,0
2016-12-15,12.2,13.9,7.8,10.9,0.256043956043956,0
2016-12-16,6.8,11.1,1.1,33.8,0.4417582417582417,0
2016-12-17,3.9,11.1,-0.6,0.0,0.4417582417582417,0
2016-12-18,5.6,10.0,0.6,0.0,0.4417582417582417,0
2016-12-19,7.5,15.6,1.7,0.0,0.4417582417582417,0
2016-12-20,11.1,18.9,3.9,0.0,0.4417582417582417,0
2016-12-21,13.8,16.7,11.7,12.7,0.5115384615384615,0
2016-12-22,11.3,18.9,5.0,6.9,0.5494505494505494,0
2016-12-23,7.7,10.6,4.4,35.8,0.7461538461538461,0
2016-12-24,4.8,11.1,0.6,3.6,0.7659340659340658,0
2016-12-25,4.6,10.6,0.0,0.0,0.7659340659340658,0
2016-12-26,6.1,11.7,2.8,0.0,0.7659340659340658,0
2016-12-27,8.2,16.7,2.8,0.0,0.7659340659340658,0
2016-12-28,12.1,16.7,6.7,0.0,0.7659340659340658,0
2016-12-29,13.7,23.3,7.8,0.0,0.7659340659340658,0
2016-12-30,11.6,19.4,7.2,9.9,0.8203296703296702,0
2016-12-31,6.4,11.7,2.2,2.0,0.8313186813186813,0
2017-01-01,7.0,11.7,3.9,0.0,0.8313186813186813,0
2017-01-02,6.0,8.3,3.9,0.0,0.8313186813186813,0
2017-01-03,9.3,11.7,7.2,0.0,0.8313186813186813,0
2017-01-04,11.0,12.8,7.8,0.8,0.8357142857142856,0
2017-01-05,5.5,10.6,0.6,9.9,0.8901098901098901,0
2017-01-06,6.4,12.2,-1.7,0.0,0.8901098901098901,0
2017-01-07,11.1,12.8,7.2,1.8,0.8999999999999999,0
2017-01-08,13.6,14.4,12.2,0.0,0.8999999999999999,0
2017-01-09,10.9,12.2,8.9,19.6,1.0076923076923077,0
2017-01-10,12.1,13.3,10.6,1.8,1.0175824175824175,0
2017-01-11,8.6,11.1,5.0,9.9,1.071978021978022,0
2017-01-12,6.2,10.6,2.2,28.7,1.2296703296703295,0
2017-01-13,6.8,12.8,2.8,0.0,1.2296703296703295,0
2017-01-14,7.4,16.1,2.8,0.0,1.2296703296703295,0
2017-01-15,6.2,12.8,1.7,0.0,1.2296703296703295,0
2017-01-16,7.8,14.4,2.2,0.0,1.2296703296703295,0
2017-01-17,8.4,17.8,2.2,0.0,1.2296703296703295,0
2017-01-18,9.1,10.0,7.2,1.0,1.235164835164835,0
2017-01-19,9.6,12.8,7.8,24.9,1.371978021978022,0
2017-01-20,8.0,11.1,5.6,38.4,1.582967032967033,0
2017-01-21,8.2,11.1,6.7,0.0,1.582967032967033,0
2017-01-22,8.3,12.8,5.6,67.8,1.9554945054945052,0
2017-01-23,6.0,9.4,3.9,8.4,2.001648351648351,0
2017-01-24,5.3,10.6,1.7,0.0,2.001648351648351,0
2017-01-25,6.2,12.8,2.2,0.0,2.001648351648351,0
2017-01-26,7.3,12.2,1.7,0.0,2.001648351648351,0
2017-01-27,8.2,14.4,2.8,0.0,2.001648351648351,0
2017-01-28,9.0,20.0,2.2,0.0,2.001648351648351,0
2017-01-29,10.7,19.4,4.4,0.0,2.001648351648351,0
2017-01-30,12.8,23.3,6.7,0.0,2.001648351648351,0
2017-01-31,12.4,22.8,5.6,0.0,2.001648351648351,0
2017-02-01,11.7,16.7,9.4,0.0,2.001648351648351,0
2017-02-02,11.4,13.3,8.9,0.0,2.001648351648351,0
2017-02-03,12.3,13.3,11.1,5.8,2.0335164835164834,0
2017-02-04,11.2,14.4,7.2,0.0,2.0335164835164834,0
2017-02-05,10.0,12.2,6.7,0.0,2.0335164835164834,0
2017-02-06,12.1,12.8,11.1,22.4,2.1565934065934065,0
2017-02-07,14.1,14.4,13.3,6.9,2.1945054945054943,0
2017-02-08,14.5,15.0,13.3,0.8,2.198901098901098,0
2017-02-09,13.6,14.4,11.7,0.0,2.198901098901098,0
2017-02-10,11.5,15.0,6.7,7.6,2.24065934065934,0
2017-02-11,8.6,15.6,4.4,5.3,2.26978021978022,0
2017-02-12,10.8,18.3,4.4,0.0,2.26978021978022,0
2017-02-13,9.9,18.3,3.3,0.0,2.26978021978022,0
2017-02-14,12.9,21.7,6.1,0.0,2.26978021978022,0
2017-02-15,14.1,21.1,8.9,0.0,2.26978021978022,0
2017-02-16,12.9,17.2,10.0,0.0,2.26978021978022,0
2017-02-17,11.1,11.7,10.0,51.1,2.5505494505494504,0
2017-02-18,8.3,10.0,5.0,2.3,2.5631868131868134,0
2017-02-19,8.7,10.6,5.6,0.8,2.5675824175824173,0
2017-02-20,12.1,13.3,9.4,0.8,2.5719780219780217,0
2017-02-21,10.6,13.9,5.6,0.8,2.576373626373626,0
2017-02-22,6.8,12.8,3.3,0.0,2.576373626373626,0
2017-02-23,5.3,11.1,0.6,0.0,2.576373626373626,0
2017-02-24,4.9,11.7,0.0,0.0,2.576373626373626,0
2017-02-25,6.6,12.8,1.1,0.0,2.576373626373626,0
2017-02-26,7.4,14.4,1.1,1.5,2.5846153846153843,0
2017-02-27,6.4,13.3,1.7,0.0,2.5846153846153843,0
2017-02-28,6.2,13.9,0.6,0.0,2.5846153846153843,0
2017-03-01,8.3,17.2,1.1,0.0,2.5846153846153843,0
2017-03-02,11.5,18.9,3.3,0.0,2.5846153846153843,0
2017-03-03,10.1,18.9,3.3,0.0,2.5846153846153843,0
2017-03-04,9.8,13.9,7.2,0.0,2.5846153846153843,0
2017-03-05,5.6,8.9,1.1,0.0,2.5846153846153843,0
2017-03-06,6.6,12.8,2.2,0.0,2.5846153846153843,0
2017-03-07,9.1,16.1,1.7,0.0,2.5846153846153843,0
2017-03-08,12.5,20.0,7.8,0.0,2.5846153846153843,0
2017-03-09,14.7,23.3,9.4,0.0,2.5846153846153843,0
2017-03-10,13.9,22.2,8.3,0.0,2.5846153846153843,0
2017-03-11,13.4,21.7,7.8,0.0,2.5846153846153843,0
2017-03-12,15.4,23.3,6.7,0.0,2.5846153846153843,0
2017-03-13,16.9,26.1,6.7,0.0,2.5846153846153843,0
2017-03-14,17.8,26.7,11.1,0.0,2.5846153846153843,0
2017-03-15,12.1,18.9,7.8,0.0,2.5846153846153843,0
2017-03-16,12.9,20.6,6.7,0.0,2.5846153846153843,0
2017-03-17,15.0,26.7,6.1,0.0,2.5846153846153843,0
2017-03-18,12.5,20.0,8.3,0.0,2.5846153846153843,0
2017-03-19,12.1,19.4,8.3,0.0,2.5846153846153843,0
2017-03-20,12.1,15.0,10.0,0.0,2.5846153846153843,0
2017-03-21,13.7,16.7,11.7,1.5,2.5928571428571425,0
2017-03-22,10.7,15.0,8.3,0.8,2.597252747252748,0
2017-03-23,10.5,16.1,7.8,0.0,2.597252747252748,0
2017-03-24,10.3,12.2,8.9,0.0,2.597252747252748,0
2017-03-25,11.1,16.1,7.2,0.0,2.597252747252748,0
2017-03-26,10.8,15.6,6.7,0.0,2.597252747252748,0
2017-03-27,10.6,15.6,5.6,0.0,2.597252747252748,0
2017-03-28,12.2,20.6,5.6,0.0,2.597252747252748,0
2017-03-29,12.7,19.4,6.7,0.0,2.597252747252748,0
2017-03-30,11.0,16.1,6.1,0.0,2.597252747252748,0
2017-03-31,13.4,20.0,8.3,0.0,2.597252747252748,0
2017-04-01,16.2,24.4,8.3,0.0,2.597252747252748,0
2017-04-02,13.8,23.9,7.2,0.0,2.597252747252748,0
2017-04-03,10.6,20.6,3.3,0.0,2.597252747252748,0
2017-04-04,12.0,21.7,2.8,0.0,2.597252747252748,0
2017-04-05,14.4,23.9,7.8,0.0,2.597252747252748,0
2017-04-06,11.8,17.8,6.7,0.0,2.597252747252748,0
2017-04-07,12.4,15.0,7.8,0.0,2.597252747252748,0
2017-04-08,7.4,12.2,2.8,2.0,2.6082417582417583,0
2017-04-09,7.6,15.6,1.7,0.0,2.6082417582417583,0
2017-04-10,10.8,18.9,1.7,0.0,2.6082417582417583,0
2017-04-11,12.0,16.7,7.8,0.0,2.6082417582417583,0
2017-04-12,12.7,16.7,11.1,0.0,2.6082417582417583,0
2017-04-13,9.8,13.3,5.6,0.0,2.6082417582417583,0
2017-04-14,8.7,16.1,2.2,0.0,2.6082417582417583,0
2017-04-15,11.4,20.6,3.3,0.0,2.6082417582417583,0
2017-04-16,9.9,13.3,7.2,0.0,2.6082417582417583,0
2017-04-17,12.4,16.1,10.6,0.0,2.5609890109890108,0
2017-04-18,11.9,18.3,5.6,0.0,2.5609890109890108,0
2017-04-19,12.2,19.4,4.4,0.0,2.5609890109890108,0
2017-04-20,12.9,18.3,6.7,0.0,2.5609890109890108,0
2017-04-21,15.3,23.9,6.7,0.0,2.5609890109890108,0
2017-04-22,12.2,20.0,5.6,0.0,2.5609890109890108,0
2017-04-23,12.1,16.1,8.9,0.0,2.553846153846154,0
2017-04-24,11.1,14.4,8.9,0.0,2.541208791208791,0
2017-04-25,12.1,16.7,7.2,0.0,2.541208791208791,0
2017-04-26,12.9,16.7,10.0,0.0,2.541208791208791,0
2017-04-27,11.8,17.8,5.6,0.0,2.541208791208791,0
2017-04-28,12.2,20.6,5.0,0.0,2.5395604395604394,0
2017-04-29,16.6,25.0,7.2,0.0,2.5395604395604394,0
2017-04-30,14.4,25.0,5.6,0.0,2.535164835164835,0
2017-05-01,19.8,28.9,8.3,0.0,2.535164835164835,0
2017-05-02,19.9,28.9,11.1,0.0,2.535164835164835,0
2017-05-03,22.1,30.6,12.8,0.0,2.535164835164835,0
2017-05-04,15.6,23.9,10.0,0.0,2.535164835164835,0
2017-05-05,10.7,15.6,7.8,0.0,2.535164835164835,0
2017-05-06,9.8,14.4,6.7,0.5,2.537912087912088,0
2017-05-07,12.3,20.6,6.1,7.6,2.5796703296703294,0
2017-05-08,12.5,21.1,5.0,0.0,2.5796703296703294,0
2017-05-09,14.2,26.1,6.1,0.0,2.5796703296703294,0
2017-05-10,13.1,19.4,9.4,0.0,2.5796703296703294,0
2017-05-11,12.9,20.0,9.4,0.0,2.5796703296703294,0
2017-05-12,11.3,16.7,6.7,0.0,2.5796703296703294,0
2017-05-13,10.3,16.1,3.3,0.0,2.5796703296703294,0
2017-05-14,9.8,12.8,7.8,0.0,2.5796703296703294,0
2017-05-15,10.6,17.2,7.8,0.0,2.5796703296703294,0
2017-05-16,10.7,14.4,8.3,0.0,2.5796703296703294,0
2017-05-17,11.2,18.3,4.4,0.0,2.5796703296703294,0
2017-05-18,13.8,25.6,3.9,0.0,2.5796703296703294,0
2017-05-19,17.4,27.8,7.8,0.0,2.5796703296703294,0
2017-05-20,19.6,28.9,9.4,0.0,2.5796703296703294,0
2017-05-21,17.3,27.8,8.9,0.0,2.5027472527472523,0
2017-05-22,15.2,26.1,7.2,0.0,2.474725274725275,0
2017-05-23,14.6,24.4,8.3,0.0,2.474725274725275,0
2017-05-24,12.9,19.4,9.4,0.0,2.474725274725275,0
2017-05-25,11.9,13.9,10.6,0.0,2.474725274725275,0
2017-05-26,11.8,15.6,7.8,0.0,2.474725274725275,0
2017-05-27,12.9,20.0,7.2,0.0,2.4565934065934063,0
2017-05-28,11.7,18.3,9.4,0.0,2.4565934065934063,0
2017-05-29,10.7,13.3,9.4,0.0,2.4565934065934063,0
2017-05-30,11.3,16.1,8.9,0.0,2.4565934065934063,0
2017-05-31,14.9,22.8,8.9,0.0,2.4565934065934063,0
2017-06-01,15.1,21.1,8.9,0.0,2.4565934065934063,0
2017-06-02,14.6,23.3,8.9,0.0,2.4565934065934063,0
2017-06-03,14.0,22.2,8.9,0.0,2.4565934065934063,0
2017-06-04,13.3,20.6,6.1,0.0,2.4565934065934063,0
2017-06-05,13.7,23.9,4.4,0.0,2.4565934065934063,0
2017-06-06,12.3,19.4,6.7,0.0,2.4565934065934063,0
2017-06-07,13.9,23.3,7.2,0.0,2.4565934065934063,0
2017-06-08,14.7,17.2,11.7,0.3,2.458241758241758,0
2017-06-09,13.7,18.3,10.6,0.0,2.458241758241758,0
2017-06-10,13.9,19.4,8.9,0.0,2.458241758241758,0
2017-06-11,12.2,16.1,9.4,0.0,2.458241758241758,0
2017-06-12,12.1,17.2,10.0,0.0,2.458241758241758,0
2017-06-13,13.7,21.7,7.2,0.0,2.458241758241758,0
2017-06-14,14.0,24.4,6.1,0.0,2.458241758241758,0
2017-06-15,14.8,23.3,6.7,0.0,2.398351648351648,0
2017-06-16,17.7,26.7,10.0,0.0,2.2126373626373628,0
2017-06-17,19.2,30.0,9.4,0.0,2.2126373626373628,0
2017-06-18,25.9,35.0,17.2,0.0,2.2126373626373628,0
2017-06-19,21.1,32.2,11.1,0.0,2.2126373626373628,0
2017-06-20,16.9,26.7,10.0,0.0,2.2126373626373628,0
2017-06-21,19.3,28.3,10.6,0.0,2.142857142857143,0
2017-06-22,22.3,32.2,15.0,0.0,2.1049450549450546,0
2017-06-23,18.4,27.2,12.2,0.0,1.908241758241758,0
2017-06-24,16.6,24.4,12.2,0.0,1.8884615384615384,0
2017-06-25,15.1,22.2,10.0,0.0,1.8884615384615384,0
2017-06-26,16.7,23.3,10.0,0.0,1.8884615384615384,0
2017-06-27,15.3,21.7,11.7,0.0,1.8884615384615384,0
2017-06-28,14.2,21.1,11.1,0.0,1.8884615384615384,0
2017-06-29,14.2,21.1,10.0,0.0,1.8884615384615384,0
2017-06-30,12.7,18.3,10.0,0.0,1.8340659340659335,0
2017-07-01,11.6,16.7,10.0,0.0,1.8230769230769228,0
2017-07-02,14.0,21.1,9.4,0.0,1.8230769230769228,0
2017-07-03,15.7,24.4,9.4,0.0,1.8230769230769228,0
2017-07-04,15.2,25.6,8.3,0.0,1.8230769230769228,0
2017-07-05,15.5,23.3,9.4,0.0,1.8186813186813189,0
2017-07-06,17.3,27.2,8.9,0.0,1.764285714285714,0
2017-07-07,21.3,32.2,10.6,0.0,1.764285714285714,0
2017-07-08,22.9,33.3,10.0,0.0,1.7543956043956042,0
2017-07-09,17.4,29.4,8.9,0.0,1.7543956043956042,0
2017-07-10,15.9,25.6,8.3,0.0,1.6467032967032966,0
2017-07-11,15.6,25.0,7.8,0.0,1.6368131868131868,0
2017-07-12,14.9,23.3,8.3,0.0,1.5824175824175823,0
2017-07-13,15.6,24.4,8.3,0.0,1.4247252747252743,0
2017-07-14,16.1,26.1,7.2,0.0,1.4247252747252743,0
2017-07-15,19.6,33.9,8.3,0.0,1.4247252747252743,0
2017-07-16,23.0,33.9,12.2,0.0,1.4247252747252743,0
2017-07-17,17.7,27.8,9.4,0.0,1.4247252747252743,0
2017-07-18,14.1,21.1,9.4,0.0,1.4247252747252743,0
2017-07-19,14.7,23.9,6.7,0.0,1.419230769230769,0
2017-07-20,15.1,22.2,8.9,0.0,1.2824175824175823,0
2017-07-21,14.8,22.8,8.3,0.0,1.0714285714285712,0
2017-07-22,19.4,31.7,7.2,0.0,1.0714285714285712,0
2017-07-23,18.1,27.2,11.1,0.0,0.698901098901099,0
2017-07-24,16.8,27.2,9.4,0.0,0.6527472527472528,0
2017-07-25,17.4,26.1,11.1,0.0,0.6527472527472528,0
2017-07-26,16.4,26.1,10.0,0.0,0.6527472527472528,0
2017-07-27,18.2,30.6,8.3,0.0,0.6527472527472528,0
2017-07-28,15.6,25.6,8.9,0.0,0.6527472527472528,0
2017-07-29,14.7,23.3,7.2,0.0,0.6527472527472528,0
2017-07-30,16.0,26.7,8.3,0.0,0.6527472527472528,0
2017-07-31,16.7,27.8,8.3,0.0,0.6527472527472528,0
2017-08-01,20.6,31.1,8.9,0.0,0.6527472527472528,0
2017-08-02,24.1,34.4,14.4,0.0,0.6527472527472528,0
2017-08-03,24.4,31.7,20.0,0.0,0.6527472527472528,0
2017-08-04,21.7,29.4,14.4,0.0,0.6208791208791209,0
2017-08-05,19.3,27.2,12.8,0.0,0.6208791208791209,0
2017-08-06,17.0,23.9,11.7,0.0,0.6208791208791209,0
2017-08-07,16.6,23.3,12.2,0.0,0.4978021978021978,0
2017-08-08,16.6,23.9,12.8,0.0,0.4598901098901099,0
2017-08-09,14.3,17.8,12.8,0.0,0.4554945054945055,0
2017-08-10,14.9,21.1,12.8,0.0,0.4554945054945055,0
2017-08-11,15.3,22.2,11.7,0.0,0.4137362637362638,0
2017-08-12,15.0,21.7,11.7,0.0,0.3846153846153846,0
2017-08-13,16.6,23.3,11.1,0.0,0.3846153846153846,0
2017-08-14,13.9,15.0,12.8,0.0,0.3846153846153846,0
2017-08-15,14.6,18.9,12.2,0.0,0.3846153846153846,0
2017-08-16,16.5,23.3,12.2,0.0,0.3846153846153846,0
2017-08-17,17.4,26.1,11.7,0.0,0.3846153846153846,0
2017-08-18,17.0,25.6,10.0,0.0,0.1038461538461538,0
2017-08-19,16.9,25.0,11.7,0.0,0.0912087912087912,0
2017-08-20,17.7,26.7,13.9,0.0,0.0868131868131868,0
2017-08-21,17.3,25.0,12.2,0.0,0.0824175824175824,0
2017-08-22,16.8,25.0,11.1,0.0,0.078021978021978,0
2017-08-23,16.3,25.0,11.1,0.0,0.078021978021978,0
2017-08-24,15.7,23.3,11.1,0.0,0.078021978021978,0
2017-08-25,16.2,26.7,7.8,0.0,0.078021978021978,0
2017-08-26,22.4,34.4,11.1,0.0,0.078021978021978,0
2017-08-27,22.2,31.7,14.4,0.0,0.0697802197802197,0
2017-08-28,18.6,28.9,12.2,0.0,0.0697802197802197,0
2017-08-29,15.9,23.3,12.2,0.0,0.0697802197802197,0
2017-08-30,15.9,25.6,10.0,0.0,0.0697802197802197,0
2017-08-31,23.4,35.6,7.8,0.0,0.0697802197802197,0
2017-09-01,30.8,42.2,23.3,0.0,0.0697802197802197,1
2017-09-02,31.9,43.3,23.3,0.0,0.0697802197802197,1
2017-09-03,28.2,36.7,21.1,0.0,0.0697802197802197,1
2017-09-04,23.1,27.8,19.4,0.3,0.0714285714285714,1
2017-09-05,22.6,31.1,16.1,0.0,0.0714285714285714,1
2017-09-06,19.2,27.8,13.3,0.0,0.0714285714285714,1
2017-09-07,17.1,22.2,13.3,0.0,0.0714285714285714,1
2017-09-08,16.0,23.3,12.2,0.0,0.0714285714285714,1
2017-09-09,18.3,27.2,12.8,0.0,0.0714285714285714,0
2017-09-10,23.9,35.6,14.4,0.0,0.0714285714285714,0
2017-09-11,22.8,35.6,16.1,0.0,0.0714285714285714,0
2017-09-12,21.5,31.1,15.6,0.0,0.0714285714285714,0
2017-09-13,16.6,18.9,15.6,0.0,0.0714285714285714,0
2017-09-14,16.0,21.7,13.3,0.0,0.0714285714285714,0
2017-09-15,14.9,21.1,10.6,0.0,0.0714285714285714,0
2017-09-16,15.4,25.0,8.9,0.0,0.0714285714285714,0
2017-09-17,15.8,23.3,9.4,0.0,0.0714285714285714,0
2017-09-18,16.6,21.7,12.8,0.0,0.0714285714285714,0
2017-09-19,14.9,22.2,8.9,0.0,0.0631868131868131,0
2017-09-20,14.1,20.0,8.9,0.0,0.0587912087912087,0
2017-09-21,13.4,18.3,10.0,1.5,0.067032967032967,0
2017-09-22,12.9,20.6,7.2,0.0,0.067032967032967,0
2017-09-23,15.4,25.0,7.8,0.0,0.067032967032967,0
2017-09-24,17.6,26.7,9.4,0.0,0.067032967032967,0
2017-09-25,18.8,28.3,11.1,0.0,0.067032967032967,0
2017-09-26,21.6,30.0,13.9,0.0,0.067032967032967,0
2017-09-27,22.2,32.8,15.0,0.0,0.067032967032967,0
2017-09-28,20.2,32.2,11.1,0.0,0.067032967032967,0
2017-09-29,15.0,22.8,8.3,0.0,0.067032967032967,0
2017-09-30,15.1,22.8,10.0,0.0,0.067032967032967,0
2017-10-01,14.6,23.3,7.8,0.0,0.067032967032967,0
2017-10-02,15.7,23.9,5.0,0.0,0.067032967032967,0
2017-10-03,12.2,21.1,5.0,0.0,0.067032967032967,0
2017-10-04,14.4,25.6,6.1,0.0,0.067032967032967,0
2017-10-05,17.4,27.8,9.4,0.0,0.067032967032967,0
2017-10-06,18.8,30.0,10.6,0.0,0.067032967032967,0
2017-10-07,16.9,28.9,8.3,0.0,0.056043956043956,0
2017-10-08,17.7,26.1,6.1,0.0,0.056043956043956,0
2017-10-09,18.8,27.8,11.1,0.0,0.056043956043956,0
2017-10-10,15.1,25.6,7.2,0.0,0.056043956043956,0
2017-10-11,11.3,20.0,5.6,0.0,0.056043956043956,0
2017-10-12,13.7,21.7,6.7,0.0,0.056043956043956,0
2017-10-13,14.4,23.9,8.3,0.0,0.056043956043956,0
2017-10-14,18.2,23.3,11.7,0.0,0.056043956043956,0
2017-10-15,21.9,32.8,11.7,0.0,0.056043956043956,0
2017-10-16,21.9,33.3,15.6,0.0,0.056043956043956,0
2017-10-17,18.6,28.9,9.4,0.0,0.056043956043956,0
2017-10-18,11.9,22.2,6.7,0.0,0.056043956043956,0
2017-10-19,12.8,17.2,7.2,0.0,0.056043956043956,0
2017-10-20,10.8,16.7,6.1,2.5,0.0697802197802197,0
2017-10-21,11.5,20.6,4.4,0.0,0.0697802197802197,0
2017-10-22,16.9,22.8,11.1,0.0,0.0697802197802197,0
2017-10-23,24.4,29.4,16.7,0.0,0.0697802197802197,0
2017-10-24,26.4,33.3,21.1,0.0,0.0697802197802197,0
2017-10-25,24.6,33.3,17.2,0.0,0.0697802197802197,0
2017-10-26,22.2,32.8,15.6,0.0,0.0697802197802197,0
2017-10-27,20.4,31.7,11.1,0.0,0.0697802197802197,0
2017-10-28,13.7,25.0,8.3,0.0,0.0697802197802197,0
2017-10-29,10.6,18.9,7.2,0.0,0.0697802197802197,0
2017-10-30,11.3,15.0,9.4,0.0,0.0697802197802197,0
2017-10-31,11.9,19.4,6.7,0.0,0.0697802197802197,0
2017-11-01,12.3,21.1,6.7,0.0,0.0697802197802197,0
2017-11-02,12.2,18.9,6.7,0.0,0.0697802197802197,0
2017-11-03,13.1,17.2,11.1,0.0,0.0697802197802197,0
2017-11-04,10.3,15.0,3.9,0.0,0.067032967032967,0
2017-11-05,7.9,15.0,3.9,0.0,0.0252747252747252,0
2017-11-06,10.0,17.8,5.0,0.0,0.0252747252747252,0
2017-11-07,11.1,20.0,5.0,0.0,0.0252747252747252,0
2017-11-08,13.0,15.6,6.1,0.0,0.0252747252747252,0
2017-11-09,13.3,17.2,9.4,0.0,0.0252747252747252,0
2017-11-10,12.5,17.2,8.3,0.0,0.0252747252747252,0
2017-11-11,10.9,18.9,6.7,0.0,0.0252747252747252,0
2017-11-12,10.7,18.9,5.6,0.0,0.0252747252747252,0
2017-11-13,13.7,18.9,8.9,0.0,0.0252747252747252,0
2017-11-14,12.2,19.4,6.7,0.0,0.0252747252747252,0
2017-11-15,12.8,19.4,6.7,0.0,0.0252747252747252,0
2017-11-16,12.7,14.4,10.6,0.0,0.0252747252747252,0
2017-11-17,10.5,14.4,6.1,0.3,0.0269230769230769,0
2017-11-18,10.1,17.8,5.0,0.0,0.0269230769230769,0
2017-11-19,10.6,18.9,4.4,0.0,0.0269230769230769,0
2017-11-20,14.9,21.1,10.0,0.0,0.0269230769230769,0
2017-11-21,17.6,27.8,12.2,0.0,0.0269230769230769,0
2017-11-22,17.8,26.7,13.3,0.0,0.0269230769230769,0
2017-11-23,16.8,22.8,11.7,0.0,0.0269230769230769,0
2017-11-24,16.6,22.8,12.2,0.0,0.0269230769230769,0
2017-11-25,17.7,23.3,11.1,0.0,0.0269230769230769,0
2017-11-26,14.2,16.7,11.7,0.0,0.0269230769230769,0
2017-11-27,9.3,13.9,5.0,0.0,0.0269230769230769,0
2017-11-28,9.3,16.1,3.9,0.0,0.0269230769230769,0
2017-11-29,11.3,16.7,5.6,0.0,0.0269230769230769,0
2017-11-30,12.3,19.4,5.0,0.0,0.0269230769230769,0
2017-12-01,8.7,16.1,4.4,0.0,0.0269230769230769,0
2017-12-02,10.4,17.8,5.6,0.0,0.0269230769230769,0
2017-12-03,9.5,13.9,6.7,0.0,0.0269230769230769,0
2017-12-04,10.6,14.4,6.7,0.0,0.0269230769230769,0
2017-12-05,10.9,17.8,5.0,0.0,0.0269230769230769,0
2017-12-06,12.9,16.7,6.7,0.0,0.0269230769230769,1
2017-12-07,13.3,23.9,7.8,0.0,0.0252747252747252,1
2017-12-08,13.8,22.8,8.3,0.0,0.0252747252747252,1
2017-12-09,14.1,22.8,8.9,0.0,0.0252747252747252,1
2017-12-10,15.4,26.1,8.9,0.0,0.0252747252747252,1
2017-12-11,14.6,25.0,9.4,0.0,0.0252747252747252,1
2017-12-12,16.2,22.8,11.1,0.0,0.0252747252747252,1
2017-12-13,14.1,20.0,7.8,0.0,0.0252747252747252,1
2017-12-14,14.7,22.2,8.3,0.0,0.0252747252747252,1
2017-12-15,12.1,20.6,7.8,0.0,0.0252747252747252,1
2017-12-16,12.1,16.1,5.6,0.0,0.0252747252747252,0
2017-12-17,10.9,16.7,6.1,0.0,0.0252747252747252,0
2017-12-18,10.2,20.0,4.4,0.0,0.0252747252747252,0
2017-12-19,9.9,17.2,5.0,0.0,0.0252747252747252,0
2017-12-20,7.4,12.2,2.8,0.3,0.0269230769230769,0
2017-12-21,5.9,11.7,0.6,0.0,0.0269230769230769,0
2017-12-22,6.8,15.0,0.0,0.0,0.0269230769230769,0
2017-12-23,8.7,16.7,3.3,0.0,0.0269230769230769,0
2017-12-24,9.2,12.8,6.7,0.0,0.0269230769230769,0
2017-12-25,12.3,18.3,6.7,0.0,0.0269230769230769,0
2017-12-26,10.8,18.9,3.9,0.0,0.0269230769230769,0
2017-12-27,10.8,18.3,3.9,0.0,0.0269230769230769,0
2017-12-28,12.6,21.1,7.8,0.0,0.0269230769230769,0
2017-12-29,14.3,26.1,7.2,0.0,0.0269230769230769,0
2017-12-30,12.4,22.2,7.8,0.0,0.0269230769230769,0
2017-12-31,11.1,17.2,7.2,0.0,0.0269230769230769,0
2018-01-01,11.4,20.0,5.0,0.0,0.0269230769230769,0
2018-01-02,13.8,18.9,10.0,0.0,0.0269230769230769,0
2018-01-03,13.7,16.7,11.1,0.0,0.0269230769230769,0
2018-01-04,13.5,16.1,11.1,0.0,0.0269230769230769,0
2018-01-05,12.8,15.6,10.0,0.0,0.0269230769230769,0
2018-01-06,10.2,14.4,6.1,0.0,0.0269230769230769,0
2018-01-07,8.9,13.9,5.0,0.0,0.0269230769230769,0
2018-01-08,11.8,13.3,8.3,8.1,0.0714285714285714,0
2018-01-09,11.1,13.3,8.9,36.8,0.2736263736263736,0
2018-01-10,10.2,12.2,8.3,0.0,0.2736263736263736,0
2018-01-11,10.7,18.3,6.7,0.0,0.2736263736263736,0
2018-01-12,12.1,16.7,7.8,0.0,0.2736263736263736,0
2018-01-13,15.1,22.8,9.4,0.0,0.2736263736263736,0
2018-01-14,15.7,22.2,10.6,0.0,0.2736263736263736,0
2018-01-15,13.3,19.4,8.9,0.0,0.2736263736263736,0
2018-01-16,13.2,17.2,11.1,0.0,0.2736263736263736,0
2018-01-17,11.9,19.4,7.2,0.0,0.2736263736263736,0
2018-01-18,11.0,16.1,7.8,0.0,0.2736263736263736,0
2018-01-19,7.7,12.8,2.8,0.0,0.2736263736263736,0
2018-01-20,5.7,12.2,1.1,0.0,0.2736263736263736,0
2018-01-21,7.4,13.9,1.1,0.0,0.2736263736263736,0
2018-01-22,9.4,13.9,4.4,0.0,0.2736263736263736,0
2018-01-23,8.6,16.7,3.3,0.0,0.2736263736263736,0
2018-01-24,8.2,13.3,5.0,0.0,0.2736263736263736,0
2018-01-25,6.4,11.1,3.3,0.0,0.2736263736263736,0
2018-01-26,6.1,12.2,2.2,0.0,0.2736263736263736,0
2018-01-27,9.0,15.6,2.2,0.0,0.2736263736263736,0
2018-01-28,14.8,21.1,9.4,0.0,0.2736263736263736,0
2018-01-29,14.2,21.1,9.4,0.0,0.2736263736263736,0
2018-01-30,15.6,26.1,8.3,0.0,0.2736263736263736,0
2018-01-31,14.3,21.7,8.9,0.0,0.2736263736263736,0
2018-02-01,17.2,22.8,12.8,0.0,0.2736263736263736,0
2018-02-02,19.1,22.8,16.1,0.0,0.2736263736263736,0
2018-02-03,19.8,23.9,16.7,0.0,0.2736263736263736,0
2018-02-04,18.8,22.8,12.8,0.0,0.2736263736263736,0
2018-02-05,18.2,25.0,10.6,0.0,0.2736263736263736,0
2018-02-06,18.6,22.2,15.0,0.0,0.2736263736263736,0
2018-02-07,17.2,26.1,10.6,0.0,0.2736263736263736,0
2018-02-08,15.5,25.6,8.9,0.0,0.2736263736263736,0
2018-02-09,16.9,26.7,8.3,0.0,0.2736263736263736,0
2018-02-10,11.4,20.0,6.1,0.0,0.2736263736263736,0
2018-02-11,9.8,15.0,5.0,0.0,0.2736263736263736,0
2018-02-12,8.2,13.3,2.8,0.3,0.2752747252747252,0
2018-02-13,9.9,16.1,4.4,0.0,0.2752747252747252,0
2018-02-14,9.4,17.2,3.3,0.0,0.2752747252747252,0
2018-02-15,8.5,16.7,2.2,0.0,0.2752747252747252,0
2018-02-16,10.0,18.9,2.8,0.0,0.2752747252747252,0
2018-02-17,11.4,21.7,5.0,0.0,0.2752747252747252,0
2018-02-18,7.9,11.7,2.8,0.0,0.2752747252747252,0
2018-02-19,4.7,11.1,-0.6,0.0,0.2752747252747252,0
2018-02-20,3.9,11.1,-2.2,0.0,0.2752747252747252,0
2018-02-21,5.6,12.8,0.6,0.0,0.2752747252747252,0
2018-02-22,6.0,10.0,1.7,0.0,0.2752747252747252,0
2018-02-23,3.8,10.6,-1.7,0.0,0.2752747252747252,0
2018-02-24,5.1,13.9,-1.7,0.0,0.2752747252747252,0
2018-02-25,7.8,16.1,2.2,0.0,0.2752747252747252,0
2018-02-26,6.4,9.4,2.2,0.5,0.278021978021978,0
2018-02-27,6.1,12.2,0.0,0.0,0.278021978021978,0
2018-02-28,6.8,11.7,-1.1,0.0,0.278021978021978,0
2018-03-01,9.6,11.7,6.7,0.0,0.278021978021978,0
2018-03-02,6.7,11.1,4.4,13.0,0.3494505494505494,0
2018-03-03,4.8,10.0,2.2,1.3,0.3565934065934065,0
2018-03-04,6.3,12.8,0.6,0.0,0.3565934065934065,0
2018-03-05,8.9,15.6,2.2,0.0,0.3549450549450549,0
2018-03-06,11.8,20.6,4.4,0.0,0.3549450549450549,0
2018-03-07,13.9,20.6,8.3,0.0,0.3549450549450549,0
2018-03-08,12.5,18.9,7.2,0.0,0.3549450549450549,0
2018-03-09,10.8,17.8,5.6,0.0,0.3549450549450549,0
2018-03-10,9.9,13.9,6.1,13.0,0.4263736263736263,0
2018-03-11,12.7,21.7,5.0,0.5,0.4291208791208791,0
2018-03-12,14.0,21.7,8.3,0.0,0.4291208791208791,0
2018-03-13,11.9,13.9,7.8,1.3,0.4362637362637362,0
2018-03-14,7.8,10.6,3.9,1.8,0.4461538461538462,0
2018-03-15,7.3,10.0,2.2,4.3,0.4697802197802198,0
2018-03-16,7.4,11.7,4.4,2.5,0.4835164835164835,0
2018-03-17,6.6,12.2,2.2,0.0,0.4835164835164835,0
2018-03-18,6.7,14.4,0.6,0.0,0.4835164835164835,0
2018-03-19,10.9,18.9,1.7,0.0,0.4835164835164835,0
2018-03-20,9.8,11.7,8.3,0.0,0.4835164835164835,0
2018-03-21,13.1,15.0,10.6,16.5,0.5741758241758241,0
2018-03-22,9.7,13.3,3.9,14.2,0.643956043956044,0
2018-03-23,7.9,14.4,1.7,0.0,0.643956043956044,0
2018-03-24,8.2,12.2,5.0,0.0,0.643956043956044,0
2018-03-25,6.6,13.3,1.1,0.0,0.643956043956044,0
2018-03-26,8.8,16.7,1.7,0.0,0.643956043956044,0
2018-03-27,14.5,21.7,6.7,0.0,0.643956043956044,0
2018-03-28,16.4,25.0,7.2,0.0,0.643956043956044,0
2018-03-29,18.4,27.2,10.6,0.0,0.643956043956044,0
2018-03-30,18.0,28.3,10.6,0.0,0.643956043956044,0
2018-03-31,14.2,23.3,5.6,0.0,0.643956043956044,0
2018-04-01,12.0,21.1,5.0,0.0,0.643956043956044,0
2018-04-02,10.7,17.8,3.9,0.0,0.643956043956044,0
2018-04-03,11.1,21.1,3.3,0.0,0.643956043956044,0
2018-04-04,11.6,20.0,5.6,0.0,0.643956043956044,0
2018-04-05,11.6,16.7,6.1,0.0,0.643956043956044,0
2018-04-06,13.4,14.4,11.7,0.0,0.643956043956044,0
2018-04-07,13.6,17.8,10.6,0.0,0.643956043956044,0
2018-04-08,11.1,17.2,6.1,0.0,0.643956043956044,0
2018-04-09,16.6,25.0,6.1,0.0,0.643956043956044,0
2018-04-10,11.8,20.6,4.4,0.0,0.643956043956044,0
2018-04-11,9.3,16.1,2.8,0.0,0.643956043956044,0
2018-04-12,8.4,14.4,3.3,0.0,0.643956043956044,0
2018-04-13,10.7,20.0,2.2,0.0,0.643956043956044,0
2018-04-14,12.8,22.8,5.6,0.0,0.643956043956044,0
2018-04-15,9.6,16.1,4.4,0.0,0.643956043956044,0
2018-04-16,6.9,10.6,3.3,0.0,0.643956043956044,0
2018-04-17,8.3,16.7,1.1,0.0,0.643956043956044,0
2018-04-18,8.1,15.0,3.3,0.0,0.643956043956044,0
2018-04-19,9.1,15.0,2.8,0.5,0.6467032967032967,0
2018-04-20,11.5,21.7,3.9,0.0,0.6329670329670329,0
2018-04-21,13.3,24.4,4.4,0.0,0.6329670329670329,0
2018-04-22,14.7,26.7,5.6,0.0,0.6329670329670329,0
2018-04-23,13.9,23.9,6.7,0.0,0.6329670329670329,0
2018-04-24,11.7,19.4,5.6,0.0,0.6329670329670329,0
2018-04-25,11.7,18.9,6.7,0.0,0.6329670329670329,0
2018-04-26,11.7,18.3,8.3,0.0,0.6329670329670329,0
2018-04-27,11.9,18.3,7.2,0.0,0.6329670329670329,0
2018-04-28,11.4,17.2,7.2,0.0,0.6329670329670329,0
2018-04-29,11.1,16.1,8.3,0.0,0.6329670329670329,0
2018-04-30,9.8,12.2,7.8,0.0,0.6329670329670329,0
2018-05-01,11.6,17.8,6.7,0.5,0.6357142857142857,0
2018-05-02,11.7,17.8,8.3,0.0,0.6357142857142857,0
2018-05-03,11.6,19.4,7.8,0.0,0.6357142857142857,0
2018-05-04,13.3,23.9,5.6,0.0,0.6357142857142857,0
2018-05-05,11.2,19.4,7.2,0.0,0.6357142857142857,0
2018-05-06,11.8,17.8,7.2,0.0,0.6357142857142857,0
2018-05-07,13.2,21.7,6.1,0.0,0.6357142857142857,0
2018-05-08,13.7,22.8,6.7,0.0,0.6357142857142857,0
2018-05-09,13.7,19.4,10.0,0.0,0.6357142857142857,0
2018-05-10,12.5,17.8,9.4,0.0,0.6357142857142857,0
2018-05-11,16.0,22.8,7.8,0.0,0.6357142857142857,0
2018-05-12,16.1,22.2,8.9,0.0,0.6357142857142857,0
2018-05-13,13.3,18.9,8.3,0.8,0.6401098901098901,0
2018-05-14,12.3,18.3,7.8,0.0,0.6401098901098901,0
2018-05-15,12.7,18.9,8.9,0.0,0.6401098901098901,0
2018-05-16,12.4,20.6,6.1,0.0,0.6401098901098901,0
2018-05-17,11.0,14.4,6.7,0.0,0.6401098901098901,0
2018-05-18,11.1,14.4,9.4,0.0,0.6384615384615385,0
2018-05-19,10.5,13.3,8.9,0.0,0.6384615384615385,0
2018-05-20,10.3,12.8,8.9,0.0,0.6384615384615385,0
2018-05-21,11.2,16.7,8.9,1.0,0.643956043956044,0
2018-05-22,11.0,14.4,9.4,0.0,0.643956043956044,0
2018-05-23,10.8,12.8,9.4,0.0,0.643956043956044,0
2018-05-24,10.8,13.9,8.9,0.0,0.643956043956044,0
2018-05-25,11.7,15.6,9.4,0.0,0.643956043956044,0
2018-05-26,10.9,14.4,9.4,0.0,0.643956043956044,0
2018-05-27,15.6,25.0,6.7,0.0,0.643956043956044,0
2018-05-28,19.5,29.4,9.4,0.0,0.643956043956044,0
2018-05-29,16.6,26.7,8.9,0.0,0.643956043956044,0
2018-05-30,10.8,15.0,8.9,0.0,0.643956043956044,0
2018-05-31,10.6,13.3,8.9,0.0,0.643956043956044,0
2018-06-01,14.6,24.4,5.6,0.0,0.643956043956044,0
2018-06-02,20.6,31.7,11.1,0.0,0.643956043956044,0
2018-06-03,18.3,29.4,9.4,0.0,0.643956043956044,0
2018-06-04,13.9,20.6,8.3,0.0,0.643956043956044,0
2018-06-05,12.1,17.8,7.8,0.0,0.643956043956044,0
2018-06-06,11.6,16.1,9.4,0.0,0.643956043956044,0
2018-06-07,13.0,18.9,6.1,0.0,0.643956043956044,0
2018-06-08,13.6,22.8,5.6,0.0,0.643956043956044,0
2018-06-09,12.2,17.8,5.6,0.0,0.643956043956044,0
2018-06-10,12.3,20.0,4.4,0.0,0.643956043956044,0
2018-06-11,14.6,23.3,6.1,0.0,0.643956043956044,0
2018-06-12,17.3,27.8,8.9,0.0,0.643956043956044,0
2018-06-13,15.3,25.6,7.2,0.0,0.643956043956044,0
2018-06-14,14.4,22.2,8.3,0.0,0.643956043956044,0
2018-06-15,13.1,20.0,8.9,0.0,0.643956043956044,0
2018-06-16,13.4,20.0,10.6,0.0,0.643956043956044,0
2018-06-17,13.9,21.1,10.0,0.0,0.643956043956044,0
2018-06-18,15.4,23.9,10.0,0.0,0.643956043956044,0
2018-06-19,14.2,24.4,8.9,0.0,0.643956043956044,0
2018-06-20,13.9,22.8,8.9,0.0,0.6423076923076922,0
2018-06-21,14.4,23.3,8.9,0.0,0.6423076923076922,0
2018-06-22,17.4,30.6,6.1,0.0,0.6423076923076922,0
2018-06-23,22.1,33.9,9.4,0.0,0.6423076923076922,0
2018-06-24,18.3,27.2,10.6,0.0,0.6423076923076922,0
2018-06-25,15.3,23.3,8.9,0.0,0.6423076923076922,0
2018-06-26,15.1,25.0,6.1,0.0,0.6423076923076922,0
2018-06-27,13.5,20.6,8.9,0.0,0.6423076923076922,0
2018-06-28,14.2,20.0,8.3,0.0,0.6423076923076922,0
2018-06-29,16.9,29.4,8.9,0.0,0.6423076923076922,0
2018-06-30,19.4,28.9,9.4,0.0,0.6423076923076922,0
2018-07-01,18.1,26.7,11.1,0.0,0.6423076923076922,0
2018-07-02,16.1,22.8,11.1,0.0,0.6423076923076922,0
2018-07-03,15.6,22.2,11.7,0.0,0.6423076923076922,0
2018-07-04,14.9,22.8,9.4,0.0,0.6423076923076922,0
2018-07-05,16.7,27.2,7.8,0.0,0.6423076923076922,0
2018-07-06,20.0,31.1,12.8,0.0,0.6423076923076922,0
2018-07-07,18.1,27.2,10.0,0.0,0.6423076923076922,0
2018-07-08,17.2,27.8,7.8,0.0,0.6423076923076922,0
2018-07-09,19.1,30.0,8.9,0.0,0.5978021978021978,0
2018-07-10,17.4,28.3,9.4,0.0,0.3956043956043956,0
2018-07-11,17.2,27.8,10.0,0.0,0.3956043956043956,0
2018-07-12,17.9,30.0,8.9,0.0,0.3956043956043956,0
2018-07-13,19.3,27.2,13.9,0.0,0.3956043956043956,0
2018-07-14,17.3,25.6,12.2,0.0,0.3956043956043956,0
2018-07-15,16.3,25.0,10.6,0.0,0.3956043956043956,0
2018-07-16,17.0,26.7,9.4,0.0,0.3956043956043956,0
2018-07-17,16.9,28.3,9.4,0.0,0.3956043956043956,0
2018-07-18,16.8,27.2,7.2,0.0,0.3956043956043956,0
2018-07-19,18.3,29.4,9.4,0.0,0.3956043956043956,0
2018-07-20,19.1,28.3,10.0,0.0,0.3956043956043956,0
2018-07-21,18.8,28.3,12.2,0.0,0.3956043956043956,0
2018-07-22,18.7,26.7,12.8,0.0,0.3956043956043956,0
2018-07-23,17.6,27.8,11.1,0.0,0.3956043956043956,0
2018-07-24,18.2,29.4,10.0,0.0,0.3956043956043956,0
2018-07-25,18.5,30.6,10.0,0.0,0.3956043956043956,0
2018-07-26,16.7,25.6,11.1,0.0,0.3956043956043956,0
2018-07-27,16.4,26.7,10.6,0.0,0.3956043956043956,0
2018-07-28,16.0,26.1,9.4,0.0,0.3956043956043956,0
2018-07-29,15.6,25.0,7.8,0.0,0.3956043956043956,0
2018-07-30,16.1,26.1,10.0,0.0,0.3956043956043956,0
2018-07-31,15.5,25.0,8.9,0.0,0.3956043956043956,0
2018-08-01,15.1,24.4,8.9,0.0,0.3956043956043956,0
2018-08-02,15.2,24.4,8.9,0.0,0.3956043956043956,0
2018-08-03,17.6,27.8,6.1,0.0,0.3956043956043956,0
2018-08-04,18.9,27.2,10.0,0.0,0.3956043956043956,0
2018-08-05,16.6,27.8,8.9,0.0,0.3956043956043956,0
2018-08-06,19.2,31.1,7.8,0.0,0.3956043956043956,0
2018-08-07,14.7,24.4,7.2,0.0,0.3956043956043956,0
2018-08-08,16.6,27.2,8.3,0.0,0.3956043956043956,0
2018-08-09,19.7,33.3,8.3,0.0,0.3956043956043956,0
2018-08-10,19.9,31.1,9.4,0.0,0.3956043956043956,0
2018-08-11,19.2,30.6,10.6,0.0,0.3956043956043956,0
2018-08-12,17.9,28.9,10.0,0.0,0.3956043956043956,0
2018-08-13,15.2,24.4,10.0,0.0,0.3939560439560439,0
2018-08-14,15.5,21.7,12.2,0.0,0.3939560439560439,0
2018-08-15,16.8,24.4,12.2,0.0,0.3939560439560439,0
2018-08-16,17.4,25.0,12.2,0.0,0.3939560439560439,0
2018-08-17,18.7,29.4,10.0,0.0,0.3939560439560439,0
2018-08-18,19.6,31.7,10.0,0.0,0.3939560439560439,0
2018-08-19,15.2,25.6,6.7,0.0,0.3939560439560439,0
2018-08-20,14.2,22.8,10.0,0.0,0.3939560439560439,0
2018-08-21,14.7,22.8,11.1,0.0,0.3939560439560439,0
2018-08-22,16.4,24.4,13.3,0.0,0.3939560439560439,0
2018-08-23,16.5,23.3,13.3,0.0,0.3939560439560439,0
2018-08-24,16.3,24.4,12.2,0.0,0.3939560439560439,0
2018-08-25,15.8,25.0,10.6,0.0,0.3939560439560439,0
2018-08-26,15.2,24.4,8.9,0.0,0.3939560439560439,0
2018-08-27,15.2,22.2,12.2,0.0,0.3912087912087912,0
2018-08-28,14.3,20.0,9.4,0.0,0.3912087912087912,0
2018-08-29,15.7,23.3,9.4,0.0,0.3912087912087912,0
2018-08-30,16.2,22.8,12.2,0.0,0.3912087912087912,0
2018-08-31,15.8,25.0,12.2,0.0,0.3197802197802198,0
2018-09-01,15.0,22.2,9.4,0.0,0.3126373626373626,0
2018-09-02,15.4,26.7,7.2,0.0,0.3126373626373626,0
2018-09-03,15.7,25.0,10.6,0.0,0.3126373626373626,0
2018-09-04,15.8,26.1,9.4,0.0,0.3126373626373626,0
2018-09-05,15.2,22.8,11.1,0.0,0.3126373626373626,0
2018-09-06,14.9,23.9,8.3,0.0,0.3126373626373626,0
2018-09-07,15.0,28.3,6.1,0.0,0.3126373626373626,0
2018-09-08,16.3,26.7,8.3,0.0,0.2412087912087912,0
2018-09-09,14.4,26.7,6.1,0.0,0.2384615384615384,0
2018-09-10,14.7,26.7,5.6,0.0,0.2384615384615384,0
2018-09-11,14.2,23.9,7.2,0.0,0.2313186813186813,0
2018-09-12,13.7,21.1,6.1,0.0,0.2214285714285714,0
2018-09-13,15.0,21.1,10.0,0.0,0.1978021978021978,0
2018-09-14,14.8,23.9,8.9,0.0,0.184065934065934,0
2018-09-15,14.1,21.1,7.8,0.0,0.184065934065934,0
2018-09-16,14.1,22.8,6.1,0.0,0.184065934065934,0
2018-09-17,15.1,21.1,11.7,0.0,0.184065934065934,0
2018-09-18,13.9,21.1,10.0,0.0,0.184065934065934,0
2018-09-19,15.3,25.0,7.8,0.0,0.0934065934065934,0
2018-09-20,21.2,30.6,13.9,0.0,0.0153846153846153,0
2018-09-21,18.4,29.4,10.0,0.0,0.0153846153846153,0
2018-09-22,15.6,27.2,6.7,0.0,0.0153846153846153,0
2018-09-23,15.8,26.1,7.8,0.0,0.0153846153846153,0
2018-09-24,15.1,26.7,6.7,0.0,0.0153846153846153,0
2018-09-25,14.7,24.4,6.7,0.0,0.0153846153846153,0
2018-09-26,15.7,29.4,7.8,0.0,0.0153846153846153,0
2018-09-27,14.6,25.6,7.8,0.0,0.0153846153846153,0
2018-09-28,13.9,21.1,10.0,0.0,0.0153846153846153,0
2018-09-29,15.6,20.0,10.6,0.0,0.0153846153846153,0
2018-09-30,14.2,21.7,10.6,0.0,0.0153846153846153,0
2018-10-09,16.5,25.0,12.2,0.0,0.0153846153846153,0
2018-10-10,14.2,20.6,10.0,0.0,0.0153846153846153,0
2018-10-11,14.4,21.7,8.3,0.0,0.0153846153846153,0
2018-10-12,17.5,30.0,8.3,10.7,0.0741758241758241,0
2018-10-13,16.0,25.6,7.2,3.8,0.095054945054945,0
2018-10-14,13.7,22.2,5.0,0.0,0.095054945054945,0
2018-10-15,18.3,28.9,9.4,0.0,0.095054945054945,0
2018-10-16,15.2,27.2,8.3,0.0,0.095054945054945,0
2018-10-17,12.6,25.6,5.0,0.0,0.095054945054945,0
2018-10-18,12.5,23.3,3.9,0.0,0.095054945054945,0
2018-10-19,17.1,28.3,10.0,0.0,0.095054945054945,0
2018-10-20,14.7,26.7,7.8,0.0,0.095054945054945,0
2018-10-21,11.7,21.7,5.0,0.0,0.095054945054945,0
2018-10-22,11.2,20.6,6.1,0.0,0.095054945054945,0
2018-10-23,12.4,21.7,6.1,0.0,0.095054945054945,0
2018-10-24,13.4,22.8,6.1,0.0,0.095054945054945,0
2018-10-25,14.7,27.2,7.2,0.0,0.095054945054945,0
2018-10-26,15.7,27.2,8.3,0.0,0.0923076923076923,0
2018-10-27,16.1,24.4,10.6,0.0,0.0923076923076923,0
2018-10-28,14.4,23.3,7.2,0.0,0.0923076923076923,0
2018-10-29,13.1,20.0,6.7,0.0,0.0923076923076923,0
2018-10-30,14.9,22.8,7.8,0.0,0.0923076923076923,0
2018-10-31,19.6,26.1,14.4,0.0,0.0923076923076923,0
2018-11-01,20.8,27.8,13.9,0.0,0.0923076923076923,0
2018-11-02,17.5,25.6,12.2,0.0,0.0923076923076923,0
2018-11-03,20.4,28.3,14.4,0.0,0.0923076923076923,0
2018-11-04,13.3,22.2,7.2,0.0,0.0923076923076923,0
2018-11-05,13.1,24.4,7.2,0.0,0.0923076923076923,0
2018-11-06,15.8,26.1,9.4,0.0,0.0923076923076923,0
2018-11-07,16.4,26.7,10.6,0.0,0.0895604395604395,0
2018-11-08,16.7,20.0,13.9,0.0,0.0895604395604395,0
2018-11-09,15.9,25.6,8.9,0.0,0.0895604395604395,0
2018-11-10,13.8,22.8,6.1,0.0,0.0895604395604395,0
2018-11-11,14.2,19.4,7.2,0.0,0.0895604395604395,0
2018-11-12,14.0,26.1,6.7,0.0,0.0895604395604395,0
2018-11-13,13.7,22.2,8.3,0.0,0.0895604395604395,0
2018-11-14,14.3,23.9,7.8,0.0,0.0895604395604395,0
2018-11-15,13.4,23.9,7.2,0.0,0.0895604395604395,0
2018-11-16,13.7,24.4,6.7,0.0,0.0895604395604395,0
2018-11-17,9.8,19.4,5.0,0.0,0.0895604395604395,0
2018-11-18,9.8,18.3,3.9,0.0,0.0895604395604395,0
2018-11-19,12.1,22.2,6.1,0.0,0.0851648351648351,0
2018-11-20,12.9,20.0,4.4,0.0,0.0851648351648351,0
2018-11-21,13.1,14.4,12.2,1.8,0.095054945054945,0
2018-11-22,13.2,16.1,11.1,10.7,0.1538461538461538,0
2018-11-23,13.6,14.4,12.2,0.0,0.1538461538461538,0
2018-11-24,12.2,15.6,6.7,0.0,0.1538461538461538,0
2018-11-25,10.9,18.3,6.7,0.0,0.1538461538461538,0
2018-11-26,12.0,21.1,6.7,0.0,0.1538461538461538,0
2018-11-27,11.9,15.0,7.2,0.0,0.1483516483516483,0
2018-11-28,13.6,15.6,12.8,1.8,0.1582417582417582,0
2018-11-29,11.4,12.8,10.6,25.9,0.3005494505494505,0
2018-11-30,9.9,15.0,4.4,0.0,0.3005494505494505,0
2018-12-01,8.9,12.8,5.0,0.0,0.3005494505494505,0
2018-12-02,7.0,14.4,2.2,0.0,0.3005494505494505,0
2018-12-03,9.2,16.1,4.4,0.0,0.3005494505494505,0
2018-12-04,10.6,12.8,8.3,0.0,0.3005494505494505,0
2018-12-05,10.1,13.9,8.3,5.1,0.3285714285714285,0
2018-12-06,10.3,15.6,6.7,48.5,0.595054945054945,0
2018-12-07,10.0,18.9,5.6,0.0,0.595054945054945,0
2018-12-08,10.4,19.4,6.1,0.0,0.595054945054945,0
2018-12-09,9.2,15.6,5.6,0.0,0.595054945054945,0
2018-12-10,9.4,14.4,6.1,0.0,0.595054945054945,0
2018-12-11,9.9,16.7,6.1,0.0,0.595054945054945,0
2018-12-12,10.4,15.6,5.6,0.0,0.595054945054945,0
2018-12-13,13.7,20.6,9.4,0.0,0.595054945054945,0
2018-12-14,13.1,15.0,10.6,0.0,0.595054945054945,0
2018-12-15,12.0,17.2,8.3,0.0,0.595054945054945,0
2018-12-16,12.3,13.3,10.0,0.0,0.595054945054945,0
2018-12-17,10.1,15.6,5.6,0.0,0.595054945054945,0
2018-12-18,9.5,17.2,4.4,0.0,0.595054945054945,0
2018-12-19,10.8,15.0,7.2,0.0,0.595054945054945,0
2018-12-20,10.5,17.8,7.2,0.0,0.595054945054945,0
2018-12-21,11.3,16.1,8.9,0.0,0.595054945054945,0
2018-12-22,10.8,15.6,5.0,0.0,0.595054945054945,0
2018-12-23,10.9,17.8,6.7,0.0,0.595054945054945,0
2018-12-24,11.1,13.3,9.4,0.0,0.595054945054945,0
2018-12-25,9.9,15.0,5.0,0.0,0.595054945054945,0
2018-12-26,8.5,14.4,2.2,0.0,0.595054945054945,0
2018-12-27,10.1,13.9,6.7,0.0,0.595054945054945,0
2018-12-28,8.6,12.8,3.9,0.0,0.595054945054945,0
2018-12-29,8.7,16.7,3.9,0.0,0.595054945054945,0
2018-12-30,9.8,15.6,5.6,0.0,0.595054945054945,0
2018-12-31,8.3,11.7,4.4,0.0,0.595054945054945,0
2019-01-01,5.9,11.7,0.0,0.0,0.595054945054945,0
2019-01-02,5.9,13.9,0.0,0.0,0.595054945054945,0
2019-01-03,7.4,17.2,1.1,0.0,0.595054945054945,0
2019-01-04,9.2,16.1,3.3,0.0,0.595054945054945,0
2019-01-05,9.0,10.6,6.7,14.0,0.6719780219780219,0
2019-01-06,9.7,12.8,6.7,0.0,0.6719780219780219,0
2019-01-07,11.0,13.9,7.8,5.1,0.7,0
2019-01-08,12.2,13.3,11.1,0.0,0.7,0
2019-01-09,11.6,13.9,7.8,0.0,0.7,0
2019-01-10,9.0,16.1,5.6,0.0,0.7,0
2019-01-11,10.7,13.3,8.9,0.0,0.7,0
2019-01-12,10.3,16.1,6.7,18.8,0.8032967032967032,0
2019-01-13,9.4,13.9,5.6,0.0,0.8032967032967032,0
2019-01-14,10.1,12.2,8.9,25.4,0.9428571428571428,0
2019-01-15,10.0,12.2,8.3,14.0,1.0197802197802197,0
2019-01-16,12.3,13.9,11.1,25.1,1.1576923076923076,0
2019-01-17,11.6,12.8,10.0,23.6,1.2873626373626377,0
2019-01-18,11.5,16.7,8.3,0.0,1.2873626373626377,0
2019-01-19,13.8,20.6,10.0,0.0,1.2873626373626377,0
2019-01-20,10.8,13.3,6.7,0.0,1.2873626373626377,0
2019-01-21,8.3,13.9,4.4,0.0,1.2873626373626377,0
2019-01-22,8.6,15.0,3.3,0.0,1.2873626373626377,0
2019-01-23,11.0,17.8,2.8,0.0,1.2873626373626377,0
2019-01-24,12.3,17.8,7.2,0.0,1.2873626373626377,0
2019-01-25,14.1,20.0,7.8,0.0,1.2873626373626377,0
2019-01-26,14.4,18.9,9.4,0.0,1.2873626373626377,0
2019-01-27,14.0,20.6,9.4,0.0,1.2873626373626377,0
2019-01-28,12.9,21.1,8.9,0.0,1.2873626373626377,0
2019-01-29,11.4,19.4,8.3,0.0,1.2873626373626377,0
2019-01-30,11.8,20.6,5.6,0.0,1.2873626373626377,0
2019-01-31,11.6,16.1,9.4,25.1,1.425274725274725,0
2019-02-01,10.7,12.8,9.4,0.0,1.425274725274725,0
2019-02-02,9.9,11.7,7.8,43.9,1.6664835164835166,0
2019-02-03,9.4,10.6,7.8,11.7,1.7307692307692308,0
2019-02-04,6.3,8.9,3.3,6.9,1.7686813186813186,0
2019-02-05,3.5,9.4,0.0,6.1,1.8021978021978025,0
2019-02-06,5.5,12.2,0.6,0.0,1.8021978021978025,0
2019-02-07,5.9,12.8,0.6,0.0,1.8021978021978025,0
2019-02-08,5.8,9.4,2.8,0.0,1.8021978021978025,0
2019-02-09,6.5,11.7,2.2,6.6,1.8384615384615384,0
2019-02-10,4.8,8.9,1.1,3.0,1.854945054945055,0
2019-02-11,5.1,11.7,0.6,0.0,1.854945054945055,0
2019-02-12,6.6,9.4,1.1,0.0,1.854945054945055,0
2019-02-13,11.2,14.4,7.2,2.3,1.8675824175824172,0
2019-02-14,10.3,15.0,7.8,53.8,2.163186813186813,0
2019-02-15,6.4,11.1,3.9,4.6,2.1884615384615387,0
2019-02-16,6.1,10.0,2.8,0.0,2.1884615384615387,0
2019-02-17,5.6,10.6,1.1,0.0,2.1884615384615387,0
2019-02-18,5.2,12.8,0.0,0.0,2.1884615384615387,0
2019-02-19,6.4,13.9,0.0,0.0,2.1884615384615387,0
2019-02-20,8.0,11.1,6.1,2.0,2.1994505494505496,0
2019-02-21,7.7,12.2,2.8,0.0,2.1994505494505496,0
2019-02-22,6.7,13.9,0.6,0.0,2.1994505494505496,0
2019-02-23,6.4,13.9,0.0,0.0,2.1994505494505496,0
2019-02-24,7.8,13.9,4.4,0.0,2.1994505494505496,0
2019-02-25,9.4,11.7,5.6,0.0,2.1994505494505496,0
2019-02-26,10.5,12.8,8.3,0.0,2.1994505494505496,0
2019-02-27,10.7,12.2,8.3,0.3,2.2010989010989013,0
2019-02-28,8.6,14.4,3.3,0.8,2.205494505494505,0
2019-03-01,8.6,13.9,3.3,0.0,2.205494505494505,0
2019-03-02,11.9,14.4,9.4,22.6,2.32967032967033,0
2019-03-03,9.9,12.8,8.3,0.0,2.32967032967033,0
2019-03-04,8.6,11.7,7.2,0.0,2.32967032967033,0
2019-03-05,9.9,12.8,7.2,1.3,2.336813186813187,0
2019-03-06,10.2,11.7,8.3,31.8,2.511538461538461,0
2019-03-07,7.8,10.0,5.0,0.0,2.511538461538461,0
2019-03-08,6.5,12.2,2.8,0.0,2.511538461538461,0
2019-03-09,6.3,10.6,3.3,0.0,2.511538461538461,0
2019-03-10,7.7,14.4,3.9,0.0,2.511538461538461,0
2019-03-11,8.6,17.8,2.8,0.0,2.511538461538461,0
2019-03-12,8.0,13.3,3.3,0.0,2.511538461538461,0
2019-03-13,9.6,16.7,3.9,0.0,2.511538461538461,0
2019-03-14,10.1,17.8,3.3,0.0,2.511538461538461,0
2019-03-15,10.7,21.1,2.8,0.0,2.511538461538461,0
2019-03-16,11.8,22.2,3.9,0.0,2.511538461538461,0
2019-03-17,14.1,23.3,6.1,0.0,2.511538461538461,0
2019-03-18,14.7,23.3,8.3,0.0,2.511538461538461,0
2019-03-19,13.8,21.1,7.2,0.0,2.511538461538461,0
2019-03-20,10.0,15.6,4.4,0.0,2.511538461538461,0
2019-03-21,9.1,17.2,3.3,0.0,2.511538461538461,0
2019-03-22,9.4,12.2,3.9,0.0,2.511538461538461,0
2019-03-23,10.3,16.1,3.9,0.0,2.511538461538461,0
2019-03-24,9.4,18.3,1.7,0.0,2.511538461538461,0
2019-03-25,10.7,15.0,5.0,0.0,2.511538461538461,0
2019-03-26,12.2,17.2,6.1,0.0,2.511538461538461,0
2019-03-27,11.6,15.0,6.7,0.0,2.511538461538461,0
2019-03-28,10.3,15.6,6.7,0.0,2.511538461538461,0
2019-03-29,9.4,15.0,4.4,0.0,2.511538461538461,0
2019-03-30,10.8,19.4,4.4,0.0,2.511538461538461,0
2019-03-31,12.7,23.3,4.4,0.0,2.511538461538461,0
2019-04-01,11.6,17.8,6.7,0.0,2.511538461538461,0
2019-04-02,11.0,13.3,8.9,0.0,2.511538461538461,0
2019-04-03,11.1,13.9,8.9,0.0,2.511538461538461,0
2019-04-04,11.3,13.9,9.4,0.3,2.513186813186813,0
2019-04-05,11.4,16.7,8.3,0.0,2.513186813186813,0
2019-04-06,12.9,17.8,9.4,0.0,2.513186813186813,0
2019-04-07,14.8,22.8,9.4,0.0,2.513186813186813,0
2019-04-08,15.2,23.3,10.0,0.0,2.513186813186813,0
2019-04-09,11.3,16.7,5.6,0.0,2.513186813186813,0
2019-04-10,11.0,18.3,3.9,0.0,2.513186813186813,0
2019-04-11,9.4,16.1,5.6,0.0,2.513186813186813,0
2019-04-12,11.1,18.3,3.9,0.0,2.454395604395604,0
2019-04-13,12.8,22.2,4.4,0.0,2.4335164835164838,0
2019-04-14,10.2,17.2,5.0,0.0,2.4335164835164838,0
2019-04-15,9.2,16.1,3.3,0.0,2.4335164835164838,0
2019-04-16,10.9,16.7,7.2,0.0,2.4335164835164838,0
2019-04-17,11.8,20.6,4.4,0.0,2.4335164835164838,0
2019-04-18,16.3,25.0,7.2,0.0,2.4335164835164838,0
2019-04-19,14.3,22.8,8.9,0.0,2.4335164835164838,0
2019-04-20,10.1,12.8,8.3,0.0,2.4335164835164838,0
2019-04-21,11.8,18.3,7.8,0.0,2.4335164835164838,0
2019-04-22,15.1,25.6,5.0,0.0,2.4335164835164838,0
2019-04-23,20.8,30.6,12.8,0.0,2.4335164835164838,0
2019-04-24,18.8,27.8,9.4,0.0,2.4335164835164838,0
2019-04-25,14.3,22.8,7.8,0.0,2.4335164835164838,0
2019-04-26,13.7,23.3,5.6,0.0,2.4335164835164838,0
2019-04-27,13.3,19.4,8.9,0.0,2.4335164835164838,0
2019-04-28,12.2,18.3,8.3,0.0,2.4335164835164838,0
2019-04-29,12.8,18.9,8.9,0.3,2.435164835164835,0
2019-04-30,11.4,17.2,5.0,0.0,2.435164835164835,0
2019-05-01,12.3,22.2,5.0,0.0,2.435164835164835,0
2019-05-02,13.1,22.2,5.0,0.0,2.435164835164835,0
2019-05-03,12.4,22.2,3.9,0.0,2.435164835164835,0
2019-05-04,10.7,20.0,2.8,0.0,2.435164835164835,0
2019-05-05,11.3,16.7,7.8,0.3,2.4368131868131866,0
2019-05-06,10.9,13.9,8.9,0.5,2.43956043956044,0
2019-05-07,11.8,16.1,8.9,0.0,2.43956043956044,0
2019-05-08,12.8,19.4,9.4,0.0,2.43956043956044,0
2019-05-09,12.0,15.0,10.0,0.0,2.43956043956044,0
2019-05-10,13.8,20.6,8.9,0.0,2.43956043956044,0
2019-05-11,13.5,21.1,7.8,0.0,2.43956043956044,0
2019-05-12,13.3,21.7,8.9,0.0,2.43956043956044,0
2019-05-13,13.3,23.3,7.2,0.0,2.43956043956044,0
2019-05-14,13.4,20.0,10.0,0.0,2.43956043956044,0
2019-05-15,12.6,16.1,10.0,0.0,2.43956043956044,0
2019-05-16,10.4,12.8,8.3,12.2,2.5065934065934066,0
2019-05-17,10.7,17.2,5.0,0.0,2.5065934065934066,0
2019-05-18,8.8,11.7,3.9,0.3,2.508241758241758,0
2019-05-19,10.7,15.0,7.8,5.3,2.537362637362637,0
2019-05-20,11.1,17.2,4.4,0.0,2.537362637362637,0
2019-05-21,10.4,12.8,8.9,0.0,2.537362637362637,0
2019-05-22,13.2,18.3,8.9,1.0,2.532967032967033,0
2019-05-23,12.6,17.8,10.6,0.0,2.4741758241758243,0
2019-05-24,13.9,20.0,10.0,0.0,2.4741758241758243,0
2019-05-25,11.7,17.8,9.4,0.0,2.4741758241758243,0
2019-05-26,10.2,14.4,8.3,1.0,2.4796703296703297,0
2019-05-27,10.5,13.3,8.9,0.0,2.4796703296703297,0
2019-05-28,11.8,18.9,9.4,0.0,2.4796703296703297,0
2019-05-29,13.0,21.1,9.4,0.0,2.46978021978022,0
2019-05-30,11.6,16.1,8.9,0.0,2.327472527472528,0
2019-05-31,13.6,21.7,6.7,0.0,2.327472527472528,0
2019-06-01,13.9,21.1,8.3,0.0,2.327472527472528,0
2019-06-02,15.0,21.7,11.1,0.0,2.327472527472528,0
2019-06-03,15.0,23.3,9.4,0.0,2.327472527472528,0
2019-06-04,17.0,27.2,8.3,0.0,2.327472527472528,0
2019-06-05,16.8,26.1,10.6,0.0,2.2994505494505493,0
2019-06-06,13.2,18.3,8.3,0.0,2.032967032967033,0
2019-06-07,13.4,20.6,6.7,0.0,2.032967032967033,0
2019-06-08,19.4,27.8,12.2,0.0,2.032967032967033,0
2019-06-09,23.7,33.3,13.3,0.0,2.032967032967033,1
2019-06-10,26.9,36.7,17.8,0.0,2.032967032967033,0
2019-06-11,25.9,36.7,17.2,0.0,2.032967032967033,0
2019-06-12,21.5,30.0,13.3,0.0,2.032967032967033,0
2019-06-13,16.2,23.3,11.7,0.0,2.032967032967033,0
2019-06-14,13.2,20.0,10.0,0.0,2.032967032967033,0
2019-06-15,12.7,19.4,10.0,0.0,2.032967032967033,0
2019-06-16,12.8,19.4,10.0,0.0,2.032967032967033,0
2019-06-17,15.7,23.3,10.0,0.0,2.032967032967033,0
2019-06-18,17.2,25.0,10.0,0.0,2.032967032967033,0
2019-06-19,17.3,25.0,11.7,0.0,2.032967032967033,0
2019-06-20,16.1,23.3,11.7,0.0,2.032967032967033,0
2019-06-21,14.8,22.2,8.3,0.0,2.032967032967033,0
2019-06-22,17.5,28.3,6.7,0.0,2.032967032967033,0
2019-06-23,19.2,28.9,10.0,0.0,2.032967032967033,0
2019-06-24,16.3,25.0,8.9,0.0,2.032967032967033,0
2019-06-25,14.8,23.9,7.8,0.0,2.032967032967033,0
2019-06-26,14.2,21.1,7.2,0.0,2.032967032967033,0
2019-06-27,14.9,21.1,10.0,0.0,2.032967032967033,0
2019-06-28,14.2,22.2,8.3,0.0,2.032967032967033,0
2019-06-29,14.4,22.8,7.8,0.0,2.032967032967033,0
2019-06-30,14.4,23.3,8.3,0.0,2.032967032967033,0
2019-07-01,14.9,22.2,10.0,0.0,2.032967032967033,0
2019-07-02,13.9,20.0,7.8,0.0,2.032967032967033,0
2019-07-03,14.9,22.2,11.1,0.0,2.032967032967033,0
2019-07-04,14.6,21.7,10.6,0.0,2.032967032967033,0
2019-07-05,14.4,23.3,8.9,0.0,2.032967032967033,0
2019-07-06,14.8,25.0,8.3,0.0,1.956043956043956,0
2019-07-07,14.4,22.2,8.9,0.0,1.956043956043956,0
2019-07-08,12.8,15.0,11.7,0.0,1.9280219780219785,0
2019-07-09,16.3,23.3,11.1,0.0,1.9280219780219785,0
2019-07-10,17.4,23.9,11.1,0.0,1.9280219780219785,0
2019-07-11,16.9,25.0,10.6,0.0,1.9280219780219785,0
2019-07-12,15.8,23.9,10.0,0.0,1.9280219780219785,0
2019-07-13,15.9,25.0,9.4,0.0,1.824725274725275,0
2019-07-14,16.5,25.0,8.3,0.0,1.824725274725275,0
2019-07-15,18.1,26.1,10.6,0.0,1.6851648351648354,0
2019-07-16,17.4,25.6,12.8,0.0,1.6082417582417583,0
2019-07-17,18.0,26.1,11.1,0.0,1.4703296703296704,0
2019-07-18,16.4,24.4,10.6,0.0,1.3406593406593406,0
2019-07-19,17.3,25.6,12.8,0.0,1.3406593406593406,0
2019-07-20,16.9,23.9,12.8,0.0,1.3406593406593406,0
2019-07-21,17.5,26.1,11.7,0.0,1.3406593406593406,0
2019-07-22,18.0,28.3,10.6,0.0,1.3406593406593406,0
2019-07-23,16.3,24.4,10.0,0.0,1.3406593406593406,0
2019-07-24,21.5,33.3,12.2,0.0,1.3406593406593406,0
2019-07-25,18.7,27.8,11.7,0.0,1.3406593406593406,0
2019-07-26,16.3,25.0,11.1,0.0,1.3406593406593406,0
2019-07-27,19.9,32.2,8.3,0.0,1.3406593406593406,0
2019-07-28,18.6,27.2,11.1,0.0,1.3406593406593406,0
2019-07-29,15.3,22.2,10.6,0.0,1.3406593406593406,0
2019-07-30,14.9,21.7,11.1,0.0,1.3406593406593406,0
2019-07-31,16.0,25.6,10.0,0.0,1.3406593406593406,0
2019-08-01,15.6,21.7,11.1,0.0,1.2027472527472527,0
2019-08-02,17.0,23.9,10.6,0.0,1.2027472527472527,0
2019-08-03,17.7,27.8,9.4,0.0,0.9615384615384616,0
2019-08-04,16.8,25.0,11.1,0.0,0.8972527472527473,0
2019-08-05,16.9,26.1,12.2,0.0,0.8593406593406592,0
2019-08-06,16.2,25.6,10.0,0.0,0.8258241758241759,0
2019-08-07,15.8,22.2,12.8,0.0,0.8258241758241759,0
2019-08-08,16.5,22.2,11.1,0.0,0.8258241758241759,0
2019-08-09,17.6,25.6,10.0,0.0,0.8258241758241759,0
2019-08-10,18.8,25.0,13.9,0.0,0.7895604395604395,0
2019-08-11,17.9,27.8,10.6,0.0,0.773076923076923,0
2019-08-12,18.4,30.6,8.9,0.0,0.773076923076923,0
2019-08-13,19.5,30.0,10.0,0.0,0.773076923076923,0
2019-08-14,24.5,36.1,13.9,0.0,0.7604395604395603,0
2019-08-15,25.3,36.1,16.1,0.0,0.4648351648351649,0
2019-08-16,19.7,30.6,12.2,0.0,0.4395604395604395,0
2019-08-17,16.3,22.8,12.8,0.0,0.4395604395604395,0
2019-08-18,16.3,22.8,12.8,0.0,0.4395604395604395,0
2019-08-19,15.1,18.9,12.8,0.0,0.4395604395604395,0
2019-08-20,16.8,23.3,11.1,0.0,0.4395604395604395,0
2019-08-21,19.2,27.2,10.6,0.0,0.4285714285714285,0
2019-08-22,19.2,27.8,11.7,0.0,0.4285714285714285,0
2019-08-23,18.1,29.4,10.6,0.0,0.4285714285714285,0
2019-08-24,18.5,26.7,10.6,0.0,0.4285714285714285,0
2019-08-25,19.9,29.4,12.2,0.0,0.4285714285714285,0
2019-08-26,21.6,32.2,12.2,0.0,0.4285714285714285,0
2019-08-27,20.7,30.0,12.2,0.0,0.4285714285714285,0
2019-08-28,17.6,25.6,11.1,0.0,0.4269230769230769,0
2019-08-29,18.3,25.6,11.7,0.0,0.4225274725274726,0
2019-08-30,16.8,26.1,10.6,0.0,0.4225274725274726,0
2019-08-31,18.8,31.1,9.4,0.0,0.2983516483516483,0
2019-09-01,20.4,30.0,12.8,0.0,0.2983516483516483,0
2019-09-02,17.7,26.1,12.2,0.0,0.2983516483516483,0
2019-09-03,17.1,25.6,12.2,0.0,0.2912087912087912,0
2019-09-04,16.7,26.7,10.0,0.0,0.1164835164835164,0
2019-09-05,16.4,25.0,11.7,0.0,0.1164835164835164,0
2019-09-06,16.8,24.4,12.2,0.0,0.1164835164835164,0
2019-09-07,16.2,20.0,13.9,0.0,0.1164835164835164,0
2019-09-08,16.5,21.1,13.3,0.0,0.1164835164835164,0
2019-09-09,17.3,23.9,12.2,0.0,0.1164835164835164,0
2019-09-10,16.4,21.1,12.8,0.0,0.1164835164835164,0
2019-09-11,17.3,29.4,9.4,0.0,0.1164835164835164,0
2019-09-12,22.7,32.8,13.3,0.0,0.1164835164835164,0
2019-09-13,25.3,36.7,16.7,0.0,0.1164835164835164,0
2019-09-14,19.9,30.6,11.7,0.0,0.1164835164835164,0
2019-09-15,16.4,23.9,10.0,0.0,0.1164835164835164,0
2019-09-16,16.6,22.2,10.0,0.0,0.1164835164835164,0
2019-09-17,15.3,23.9,8.3,0.0,0.1164835164835164,0
2019-09-18,15.8,21.7,10.6,0.0,0.1164835164835164,0
2019-09-19,14.8,23.3,8.3,0.0,0.1164835164835164,0
2019-09-20,18.1,27.8,10.0,0.0,0.1164835164835164,0
2019-09-21,19.4,29.4,11.7,0.0,0.1164835164835164,0
2019-09-22,17.1,26.1,11.7,0.0,0.1164835164835164,0
2019-09-23,18.7,27.8,11.1,0.0,0.1164835164835164,0
2019-09-24,24.4,33.9,15.0,0.0,0.1164835164835164,0
2019-09-25,25.3,35.0,17.8,0.0,0.1164835164835164,0
2019-09-26,19.8,25.6,16.7,0.0,0.1164835164835164,0
2019-09-27,14.9,18.3,11.7,0.0,0.1164835164835164,0
2019-09-28,12.4,18.3,7.2,0.8,0.1208791208791208,0
2019-09-29,11.0,18.9,4.4,0.0,0.1208791208791208,0
2019-09-30,11.6,18.3,5.0,0.0,0.1208791208791208,0
2019-10-01,11.1,20.6,3.9,0.0,0.1208791208791208,0
2019-10-02,12.8,22.2,5.0,0.0,0.1208791208791208,0
2019-10-03,11.0,20.0,4.4,0.0,0.1192307692307692,0
2019-10-04,12.4,22.8,4.4,0.0,0.1192307692307692,0
2019-10-05,17.7,25.6,8.3,0.0,0.1192307692307692,0
2019-10-06,22.1,31.7,16.1,0.0,0.1192307692307692,0
2019-10-07,20.5,31.7,12.8,0.0,0.1192307692307692,0
2019-10-08,17.7,28.9,8.9,0.0,0.1192307692307692,0
2019-10-09,12.7,21.1,6.1,0.0,0.1192307692307692,0
2019-10-10,18.1,23.3,13.9,0.0,0.1192307692307692,0
2019-10-11,17.4,28.9,10.0,0.0,0.1192307692307692,0
2019-10-12,16.3,27.2,8.3,0.0,0.1192307692307692,0
2019-10-13,13.1,24.4,5.6,0.0,0.1192307692307692,0
2019-10-14,11.3,21.7,4.4,0.0,0.1192307692307692,0
2019-10-15,11.6,26.1,3.9,0.0,0.1192307692307692,0
2019-10-16,12.4,22.8,5.6,0.0,0.1192307692307692,0
2019-10-17,12.8,20.0,6.1,0.0,0.1192307692307692,0
2019-10-18,11.7,20.6,6.1,0.0,0.1192307692307692,0
2019-10-19,11.8,18.3,5.6,0.0,0.1192307692307692,0
2019-10-20,14.3,22.8,8.3,0.0,0.1192307692307692,0
2019-10-21,19.4,27.8,13.3,0.0,0.1192307692307692,1
2019-10-22,21.7,29.4,15.0,0.0,0.1192307692307692,0
2019-10-23,23.3,28.3,18.3,0.0,0.1192307692307692,0
2019-10-24,24.9,31.7,18.3,0.0,0.1192307692307692,0
2019-10-25,22.9,32.8,15.6,0.0,0.1192307692307692,0
2019-10-26,16.2,26.7,6.7,0.0,0.1192307692307692,0
2019-10-27,15.1,18.3,7.2,0.0,0.1192307692307692,0
2019-10-28,13.8,23.3,5.0,0.0,0.1175824175824175,1
2019-10-29,12.8,20.0,4.4,0.0,0.1175824175824175,1
2019-10-30,14.9,23.3,8.9,0.0,0.1175824175824175,1
2019-10-31,13.3,22.2,6.1,0.0,0.1175824175824175,1
2019-11-01,14.2,25.0,6.1,0.0,0.1175824175824175,1
2019-11-02,16.7,29.4,8.3,0.0,0.1175824175824175,1
2019-11-03,16.4,28.3,10.0,0.0,0.1159340659340659,1
2019-11-04,15.7,26.1,9.4,0.0,0.1131868131868132,1
2019-11-05,13.5,23.9,6.7,0.0,0.1131868131868132,1
2019-11-06,10.2,19.4,4.4,0.0,0.1131868131868132,0
2019-11-07,9.8,18.3,4.4,0.0,0.1131868131868132,0
2019-11-08,10.0,20.0,3.3,0.0,0.1131868131868132,0
2019-11-09,10.2,21.7,3.9,0.0,0.1131868131868132,1
2019-11-10,11.7,23.9,3.9,0.0,0.1131868131868132,1
2019-11-11,18.7,27.2,10.6,0.0,0.1131868131868132,0
2019-11-12,16.2,25.6,9.4,0.0,0.1131868131868132,0
2019-11-13,11.7,17.8,8.3,0.0,0.1131868131868132,0
2019-11-14,11.7,14.4,9.4,0.0,0.0461538461538461,0
2019-11-15,12.8,18.9,9.4,0.0,0.0461538461538461,0
2019-11-16,13.9,23.9,8.3,0.0,0.0445054945054945,0
2019-11-17,17.9,22.8,10.6,0.0,0.0153846153846153,0
2019-11-18,16.8,27.8,8.3,0.0,0.0153846153846153,0
2019-11-19,11.0,14.4,7.8,0.0,0.0153846153846153,0
2019-11-20,10.3,18.9,5.6,16.0,0.0978021978021978,0
2019-11-21,10.4,18.3,5.0,0.0,0.0978021978021978,0
2019-11-22,10.8,18.9,5.0,0.0,0.0978021978021978,0
2019-11-23,13.0,20.0,7.2,0.0,0.0978021978021978,0
2019-11-24,11.9,22.8,5.6,0.0,0.0923076923076923,0
2019-11-25,9.1,17.2,3.3,0.0,0.0923076923076923,0
2019-11-26,7.1,10.6,3.9,0.0,0.0923076923076923,0
2019-11-27,4.8,8.9,1.1,12.4,0.1604395604395604,0
2019-11-28,3.8,8.9,0.0,25.4,0.3,0
2019-11-29,4.1,9.4,0.6,0.0,0.3,0
2019-11-30,6.5,9.4,1.7,0.0,0.3,0
2019-12-01,10.6,11.7,9.4,0.0,0.3,0
2019-12-02,11.7,13.9,10.6,0.0,0.3,0
2019-12-03,11.7,16.7,8.3,0.0,0.3,0
2019-12-04,11.8,15.0,10.0,28.4,0.456043956043956,0
2019-12-05,11.7,13.3,8.9,0.0,0.456043956043956,0
2019-12-06,13.1,16.1,11.7,1.0,0.4615384615384615,0
2019-12-07,13.3,14.4,12.2,0.3,0.4631868131868131,0
2019-12-08,11.9,15.6,10.0,5.1,0.4912087912087912,0
2019-12-09,9.8,15.0,6.7,0.0,0.4912087912087912,0
2019-12-10,10.3,15.6,6.7,0.0,0.4912087912087912,0
2019-12-11,12.2,14.4,9.4,0.0,0.4912087912087912,0
2019-12-12,13.8,15.6,11.7,0.0,0.4912087912087912,0
2019-12-13,11.3,14.4,8.3,0.0,0.4912087912087912,0
2019-12-14,9.2,11.7,6.1,0.0,0.4912087912087912,0
2019-12-15,7.1,13.3,3.3,0.0,0.4912087912087912,0
2019-12-16,6.9,13.3,2.8,0.0,0.4912087912087912,0
2019-12-17,10.1,13.9,5.6,0.0,0.4912087912087912,0
2019-12-18,9.6,12.2,7.2,0.0,0.4912087912087912,0
2019-12-19,10.6,14.4,7.2,0.0,0.4912087912087912,0
2019-12-20,10.1,16.7,6.1,0.0,0.4912087912087912,0
2019-12-21,11.3,13.9,7.2,0.0,0.4912087912087912,0
2019-12-22,8.6,11.7,3.3,20.3,0.6027472527472527,0
2019-12-23,5.8,11.7,2.8,23.4,0.7313186813186813,0
2019-12-24,6.3,9.4,2.8,0.0,0.7313186813186813,0
2019-12-25,7.4,9.4,5.6,27.2,0.8807692307692309,0
2019-12-26,7.4,13.3,2.2,17.3,0.9758241758241758,0
2019-12-27,6.1,14.4,0.6,0.0,0.9758241758241758,0
2019-12-28,7.6,17.2,1.7,0.0,0.9758241758241758,0
2019-12-29,9.2,11.7,6.7,0.0,0.9758241758241758,0
2019-12-30,9.0,15.0,5.0,0.0,0.9758241758241758,0
2019-12-31,11.1,18.3,6.1,0.0,0.9758241758241758,0
2020-01-01,9.9,13.3,6.1,0.0,0.9758241758241758,0
2020-01-02,10.2,17.2,6.1,0.0,0.9758241758241758,0
2020-01-03,12.7,20.0,6.1,0.0,0.9758241758241758,0
2020-01-04,8.7,14.4,3.9,0.0,0.9758241758241758,0
2020-01-05,8.2,15.6,2.8,0.0,0.9758241758241758,0
2020-01-06,10.0,16.1,4.4,0.0,0.9758241758241758,0
2020-01-07,9.2,16.1,4.4,0.0,0.9758241758241758,0
2020-01-08,8.2,12.2,5.0,0.0,0.9758241758241758,0
2020-01-09,7.5,10.6,3.3,0.0,0.9758241758241758,0
2020-01-10,7.9,15.6,2.8,0.0,0.9758241758241758,0
2020-01-11,7.8,13.9,2.8,0.0,0.9758241758241758,0
2020-01-12,5.7,12.2,1.1,0.0,0.9758241758241758,0
2020-01-13,7.4,11.1,2.8,0.0,0.9758241758241758,0
2020-01-14,7.0,12.2,1.7,0.0,0.9758241758241758,0
2020-01-15,5.3,11.7,0.6,0.0,0.9758241758241758,0
2020-01-16,6.1,8.9,3.3,3.8,0.9967032967032968,0
2020-01-17,5.7,12.8,1.1,3.8,1.0175824175824175,0
2020-01-18,7.1,12.8,1.7,0.0,1.0175824175824175,0
2020-01-19,9.9,17.8,5.0,0.0,1.0175824175824175,0
2020-01-20,10.0,13.9,7.2,0.0,1.0175824175824175,0
2020-01-21,10.3,11.7,9.4,0.5,1.0203296703296705,0
2020-01-22,11.2,17.2,7.2,0.0,1.0203296703296705,0
2020-01-23,10.7,16.1,7.2,0.0,1.0203296703296705,0
2020-01-24,11.7,18.9,6.1,0.0,1.0203296703296705,0
2020-01-25,13.0,20.6,8.9,0.0,1.0203296703296705,0
2020-01-26,10.6,15.6,4.4,0.0,1.0203296703296705,0
2020-01-27,8.8,16.1,2.8,0.0,1.0203296703296705,0
2020-01-28,9.4,15.0,5.0,0.0,1.0203296703296705,0
2020-01-29,9.2,15.6,4.4,0.0,1.0203296703296705,0
2020-01-30,9.9,16.1,5.6,0.0,1.0203296703296705,0
2020-01-31,13.4,23.3,7.8,0.0,1.0203296703296705,0
2020-02-01,12.6,22.2,7.2,0.0,1.0203296703296705,0
2020-02-02,8.3,12.2,2.2,0.0,1.0203296703296705,0
2020-02-03,5.7,11.7,0.0,0.0,1.0203296703296705,0
2020-02-04,6.3,11.7,0.6,0.0,1.0203296703296705,0
2020-02-05,8.2,18.3,1.1,0.0,1.0203296703296705,0
2020-02-06,11.4,19.4,3.3,0.0,1.0203296703296705,0
2020-02-07,11.2,22.2,5.6,0.0,1.0203296703296705,0
2020-02-08,8.2,14.4,3.9,0.0,1.0203296703296705,0
2020-02-09,11.4,14.4,7.2,0.0,1.0203296703296705,0
2020-02-10,13.3,21.1,7.8,0.0,1.0203296703296705,0
2020-02-11,15.6,22.2,8.3,0.0,1.0203296703296705,0
2020-02-12,11.3,20.6,5.0,0.0,1.0203296703296705,0
2020-02-13,8.1,14.4,3.9,0.0,1.0203296703296705,0
2020-02-14,9.1,16.1,5.0,0.0,1.0203296703296705,0
2020-02-15,9.4,18.9,3.9,0.0,1.0203296703296705,0
2020-02-16,9.7,15.0,3.9,0.0,1.0203296703296705,0
2020-02-17,12.3,21.1,6.1,0.0,1.0203296703296705,0
2020-02-18,11.0,20.6,3.9,0.0,1.0203296703296705,0
2020-02-19,8.7,18.9,0.0,0.0,1.0203296703296705,0
2020-02-20,11.4,20.0,3.9,0.0,1.0203296703296705,0
2020-02-21,15.3,20.0,9.4,0.0,1.0203296703296705,0
2020-02-22,10.6,16.1,8.3,1.0,1.0258241758241755,0
2020-02-23,8.9,11.7,7.2,0.0,1.0258241758241755,0
2020-02-24,11.6,21.1,3.9,0.0,1.0258241758241755,0
2020-02-25,16.3,22.8,8.9,0.0,1.0258241758241755,0
2020-02-26,15.1,25.0,8.3,0.0,1.0258241758241755,0
2020-02-27,16.2,26.1,8.9,0.0,1.0258241758241755,0
2020-02-28,14.4,24.4,7.8,0.0,1.0258241758241755,0
2020-02-29,8.9,13.3,6.7,0.0,1.0258241758241755,0
2020-03-01,9.4,12.8,5.0,0.3,1.0274725274725274,0
2020-03-02,14.4,20.6,8.9,0.0,1.0274725274725274,0
2020-03-03,15.3,23.3,8.9,0.0,1.0274725274725274,0
2020-03-04,16.1,24.4,8.9,0.0,1.0274725274725274,0
2020-03-05,12.2,21.1,7.2,0.0,1.0274725274725274,0
2020-03-06,10.7,15.6,7.8,0.0,1.0274725274725274,0
2020-03-07,7.8,10.6,5.6,0.0,1.0274725274725274,0
2020-03-08,8.2,13.3,3.9,0.0,1.0274725274725274,0
2020-03-09,11.6,17.8,4.4,1.0,1.032967032967033,0
2020-03-10,14.2,19.4,9.4,6.4,1.068131868131868,0
2020-03-11,12.9,20.0,7.8,0.0,1.068131868131868,0
2020-03-12,13.0,22.8,6.7,33.0,1.2494505494505497,0
2020-03-13,9.8,15.6,5.0,12.7,1.3192307692307692,0
2020-03-14,8.1,9.4,7.2,6.6,1.3554945054945051,0
2020-03-15,7.3,9.4,5.6,1.3,1.362637362637363,0
2020-03-16,6.6,13.3,1.7,9.7,1.4159340659340658,0
2020-03-17,6.2,12.2,2.8,0.0,1.4159340659340658,0
2020-03-18,7.0,11.1,3.3,0.0,1.4159340659340658,0
2020-03-19,8.1,14.4,5.0,0.0,1.4159340659340658,0
2020-03-20,8.4,15.0,2.8,0.0,1.4159340659340658,0
2020-03-21,9.4,15.6,4.4,0.3,1.4175824175824177,0
2020-03-22,10.7,17.2,7.8,38.4,1.6285714285714283,0
2020-03-23,8.2,9.4,6.7,0.8,1.632967032967033,0
2020-03-24,7.9,11.1,5.0,0.0,1.632967032967033,0
2020-03-25,7.2,13.3,2.8,0.0,1.632967032967033,0
2020-03-26,7.5,13.9,1.1,0.0,1.632967032967033,0
2020-03-27,9.1,13.9,6.7,0.0,1.632967032967033,0
2020-03-28,9.3,12.8,7.2,0.0,1.6285714285714283,0
2020-03-29,10.2,13.3,7.8,0.0,1.6285714285714283,0
2020-03-30,11.4,17.8,6.1,0.0,1.6285714285714283,0
2020-03-31,11.4,18.9,5.0,0.0,1.6285714285714283,0
2020-04-01,9.0,14.4,2.8,0.0,1.6285714285714283,0
2020-04-02,9.3,17.2,2.2,0.0,1.6285714285714283,0
2020-04-03,8.8,15.0,2.8,0.0,1.6285714285714283,0
2020-04-04,9.1,11.7,4.4,0.0,1.6285714285714283,0
2020-04-05,8.3,10.0,3.9,3.0,1.645054945054945,0
2020-04-06,5.7,8.9,3.3,27.9,1.7983516483516484,0
2020-04-07,8.0,16.1,1.1,20.8,1.9126373626373625,0
2020-04-08,9.8,13.9,5.0,0.3,1.914285714285714,0
2020-04-09,11.3,15.0,8.9,19.0,2.0186813186813186,0
2020-04-10,12.1,16.7,8.9,4.1,2.041208791208791,0
2020-04-11,10.1,13.9,8.3,0.0,2.041208791208791,0
2020-04-12,10.0,14.4,8.3,1.5,2.0494505494505493,0
2020-04-13,11.6,18.3,6.1,0.0,2.0494505494505493,0
2020-04-14,14.5,24.4,4.4,0.0,2.0494505494505493,0
2020-04-15,14.7,25.6,7.2,0.0,2.0494505494505493,0
2020-04-16,10.7,13.9,8.9,0.0,2.0494505494505493,0
2020-04-17,10.6,13.9,8.9,0.0,2.0494505494505493,0
2020-04-18,11.5,17.8,5.6,0.0,2.0494505494505493,0
2020-04-19,11.3,17.8,5.6,0.0,2.0494505494505493,0
2020-04-20,11.2,15.6,8.3,0.0,2.0494505494505493,0
2020-04-21,11.2,17.2,8.3,0.0,2.0494505494505493,0
2020-04-22,14.2,22.8,6.1,0.0,2.0494505494505493,0
2020-04-23,13.4,22.2,8.3,0.0,2.0494505494505493,0
2020-04-24,16.5,25.6,7.8,0.0,2.0494505494505493,0
2020-04-25,15.7,25.6,8.3,0.0,2.0494505494505493,0
2020-04-26,13.1,21.7,6.1,0.0,2.0494505494505493,0
2020-04-27,13.3,21.7,5.6,0.0,2.0494505494505493,0
2020-04-28,15.4,24.4,8.3,0.0,2.0494505494505493,0
2020-04-29,12.9,20.6,8.3,0.0,2.0494505494505493,0
2020-04-30,13.3,21.1,6.1,0.0,2.0494505494505493,0
2020-05-01,12.8,21.7,3.9,0.0,2.0494505494505493,0
2020-05-02,15.2,21.7,10.6,0.0,2.0494505494505493,0
2020-05-03,11.1,18.3,2.8,0.0,2.0494505494505493,0
2020-05-04,12.3,23.9,2.2,0.0,2.0494505494505493,0
2020-05-05,13.1,22.2,3.9,0.0,2.0494505494505493,0
2020-05-06,14.7,26.1,5.6,0.0,2.0494505494505493,0
2020-05-07,19.3,28.3,10.6,0.0,2.0494505494505493,0
2020-05-08,18.6,30.0,8.3,0.0,2.0494505494505493,0
2020-05-09,13.7,22.8,6.7,0.0,2.0494505494505493,0
2020-05-10,13.2,21.7,7.8,0.0,2.0494505494505493,0
2020-05-11,12.6,21.1,5.6,0.0,2.0494505494505493,0
2020-05-12,12.5,15.6,9.4,0.0,2.0494505494505493,0
2020-05-13,12.8,17.2,7.8,0.0,2.0494505494505493,0
2020-05-14,13.6,19.4,8.3,0.0,2.0494505494505493,0
2020-05-15,13.9,20.6,7.2,0.0,2.0494505494505493,0
2020-05-16,15.4,23.3,6.7,0.0,2.0494505494505493,0
2020-05-17,15.1,20.6,11.7,0.0,2.0494505494505493,0
2020-05-18,13.0,17.2,9.4,3.6,2.069230769230769,0
2020-05-19,12.6,18.3,7.8,0.0,2.069230769230769,0
2020-05-20,12.8,20.0,10.0,0.0,1.9813186813186807,0
2020-05-21,14.2,22.2,8.3,0.0,1.9813186813186807,0
2020-05-22,12.2,19.4,5.6,0.0,1.9813186813186807,0
2020-05-23,13.3,23.9,5.0,0.0,1.9813186813186807,0
2020-05-24,17.3,28.9,5.0,0.0,1.9813186813186807,0
2020-05-25,22.7,32.2,12.2,0.0,1.9813186813186807,0
2020-05-26,23.9,33.9,13.3,0.0,1.9813186813186807,0
2020-05-27,20.9,31.7,9.4,0.0,1.913186813186813,0
2020-05-28,16.4,26.7,8.3,0.0,1.773626373626373,0
2020-05-29,16.1,23.3,10.6,0.0,1.773626373626373,0
2020-05-30,15.4,20.0,10.0,0.0,1.773626373626373,0
2020-05-31,13.6,20.6,8.9,0.0,1.773626373626373,0
2020-06-01,15.3,23.3,8.9,0.0,1.773626373626373,0
2020-06-02,21.6,31.7,10.6,0.0,1.773626373626373,0
2020-06-03,23.3,33.9,14.4,0.0,1.6175824175824174,0
2020-06-04,19.6,31.7,9.4,0.0,1.6175824175824174,0
2020-06-05,13.4,18.3,10.0,0.0,1.612087912087912,0
2020-06-06,13.9,19.4,10.6,0.0,1.6104395604395605,0
2020-06-07,12.7,18.9,5.6,0.0,1.5824175824175823,0
2020-06-08,14.8,24.4,5.6,0.0,1.5824175824175823,0
2020-06-09,17.9,29.4,6.1,0.0,1.5824175824175823,0
2020-06-10,17.7,30.0,8.3,0.0,1.5824175824175823,0
2020-06-11,17.9,29.4,8.9,0.0,1.5824175824175823,0
2020-06-12,14.7,19.4,11.1,0.0,1.5824175824175823,0
2020-06-13,14.6,20.6,9.4,0.0,1.5824175824175823,0
2020-06-14,15.5,22.8,9.4,0.0,1.5824175824175823,0
2020-06-15,15.1,23.3,8.3,0.0,1.5824175824175823,0
2020-06-16,13.8,20.0,7.2,0.0,1.5824175824175823,0
2020-06-17,18.9,28.3,7.2,0.0,1.5824175824175823,0
2020-06-18,20.4,30.6,10.6,0.0,1.5824175824175823,0
2020-06-19,16.7,26.7,8.3,0.0,1.5824175824175823,0
2020-06-20,15.1,22.8,9.4,0.0,1.5824175824175823,0
2020-06-21,16.2,24.4,8.9,0.0,1.4708791208791208,0
2020-06-22,16.9,26.1,10.6,0.0,1.3423076923076924,0
2020-06-23,18.1,28.3,10.0,0.0,1.3423076923076924,0
2020-06-24,17.1,26.1,11.7,0.0,1.192857142857143,0
2020-06-25,15.9,24.4,11.1,0.0,1.097802197802198,0
2020-06-26,18.1,26.7,11.7,0.0,1.097802197802198,0
2020-06-27,16.2,25.0,11.1,0.0,1.097802197802198,0
2020-06-28,13.7,19.4,8.3,0.0,1.097802197802198,0
2020-06-29,15.8,24.4,6.7,0.0,1.097802197802198,0
2020-06-30,17.9,28.9,9.4,0.0,1.097802197802198,0
2020-07-01,15.1,22.8,10.0,0.0,1.097802197802198,0
2020-07-02,14.6,22.2,8.3,0.0,1.097802197802198,0
2020-07-03,15.0,25.0,7.8,0.0,1.097802197802198,0
2020-07-04,18.1,28.9,7.2,0.0,1.097802197802198,0
2020-07-05,16.7,26.1,8.3,0.0,1.097802197802198,0
2020-07-06,13.9,21.1,6.7,0.0,1.097802197802198,0
2020-07-07,15.1,23.9,8.9,0.0,1.097802197802198,0
2020-07-08,15.8,26.7,6.7,0.0,1.097802197802198,0
2020-07-09,16.8,27.2,7.8,0.0,1.097802197802198,0
2020-07-10,18.1,28.9,8.9,0.0,1.097802197802198,0
2020-07-11,19.7,31.1,10.6,0.0,1.097802197802198,0
2020-07-12,18.8,31.1,9.4,0.0,1.097802197802198,0
2020-07-13,15.0,22.8,8.9,0.0,1.097802197802198,0
2020-07-14,15.9,24.4,11.1,0.0,1.097802197802198,0
2020-07-15,17.0,25.6,10.0,0.0,1.097802197802198,0
2020-07-16,16.4,25.0,10.6,0.0,1.0769230769230769,0
2020-07-17,18.2,28.9,11.1,0.0,1.056043956043956,0
2020-07-18,17.1,26.7,10.0,0.0,1.056043956043956,0
2020-07-19,16.6,25.0,11.1,0.0,1.056043956043956,0
2020-07-20,16.1,24.4,11.1,0.0,1.056043956043956,0
2020-07-21,15.8,25.0,8.9,0.0,1.053296703296703,0
2020-07-22,15.8,25.0,11.7,0.0,1.053296703296703,0
2020-07-23,15.6,23.9,11.1,0.0,1.053296703296703,0
2020-07-24,14.8,22.2,10.0,0.0,1.053296703296703,0
2020-07-25,16.8,26.7,10.6,0.0,1.053296703296703,0
2020-07-26,16.7,25.6,10.0,0.0,1.053296703296703,0
2020-07-27,16.6,26.7,9.4,0.0,1.053296703296703,0
2020-07-28,16.8,26.7,10.0,0.0,1.053296703296703,0
2020-07-29,16.6,25.6,10.0,0.0,1.053296703296703,0
2020-07-30,16.1,25.0,10.6,0.0,1.053296703296703,0
2020-07-31,15.2,25.0,8.9,0.0,1.053296703296703,0
2020-08-01,15.7,25.6,7.8,0.0,1.053296703296703,0
2020-08-02,16.1,25.0,8.3,0.0,1.053296703296703,0
2020-08-03,17.7,27.2,10.6,0.0,1.053296703296703,0
2020-08-04,15.4,21.1,12.8,0.0,1.053296703296703,0
2020-08-05,13.8,15.0,12.8,0.0,1.053296703296703,0
2020-08-06,16.4,25.0,12.2,0.0,1.053296703296703,0
2020-08-07,17.4,25.0,11.1,0.0,1.053296703296703,0
2020-08-08,17.9,27.2,8.9,0.0,1.053296703296703,0
2020-08-09,19.4,30.0,11.1,0.0,1.053296703296703,0
2020-08-10,17.9,26.7,11.1,0.0,1.053296703296703,0
2020-08-11,16.7,25.0,11.7,0.0,1.053296703296703,0
2020-08-12,18.8,28.9,10.6,0.0,1.053296703296703,0
2020-08-13,23.8,34.4,13.9,0.0,1.053296703296703,0
2020-08-14,28.1,40.0,17.8,0.0,1.053296703296703,0
2020-08-15,26.9,37.2,17.8,0.0,1.053296703296703,0
2020-08-16,24.3,35.0,17.2,0.0,1.053296703296703,0
2020-08-17,22.6,34.4,17.8,0.0,1.053296703296703,0
2020-08-18,25.3,35.6,18.3,0.0,1.053296703296703,0
2020-08-19,22.1,32.2,14.4,0.0,1.053296703296703,0
2020-08-20,18.1,28.3,8.9,0.0,1.053296703296703,0
2020-08-21,19.2,29.4,11.1,0.0,1.053296703296703,0
2020-08-22,20.4,31.1,12.8,0.0,1.047802197802198,0
2020-08-23,19.9,28.3,13.9,0.0,1.047802197802198,0
2020-08-24,19.9,27.8,12.8,0.0,1.047802197802198,0
2020-08-25,17.2,26.1,12.2,0.0,1.047802197802198,0
2020-08-26,14.6,21.1,11.1,0.0,1.047802197802198,0
2020-08-27,14.3,22.8,9.4,0.0,1.047802197802198,0
2020-08-28,14.7,24.4,7.8,0.0,1.047802197802198,0
2020-08-29,15.1,24.4,8.3,0.0,1.047802197802198,0
2020-08-30,15.5,25.6,9.4,0.0,1.0461538461538462,0
2020-08-31,15.6,25.6,9.4,0.0,1.0461538461538462,0
2020-09-01,15.1,22.8,10.0,0.0,1.0461538461538462,0
2020-09-02,16.1,24.4,12.8,0.0,1.0461538461538462,0
2020-09-03,15.4,22.2,10.0,0.0,1.0461538461538462,0
2020-09-04,16.2,25.0,10.6,0.0,1.0461538461538462,0
2020-09-05,26.7,39.4,12.8,0.0,1.0461538461538462,0
2020-09-06,31.4,42.2,23.3,0.0,1.0461538461538462,0
2020-09-07,30.8,42.2,17.8,0.0,1.0406593406593407,0
2020-09-08,17.6,28.9,12.2,0.0,1.0054945054945057,0
2020-09-09,12.4,14.4,10.6,0.0,1.0054945054945057,0
2020-09-10,13.5,19.4,10.0,0.0,0.8241758241758241,0
2020-09-11,14.9,23.3,10.0,0.0,0.7543956043956045,0
2020-09-12,17.6,29.4,9.4,0.0,0.7181318681318682,0
2020-09-13,14.1,23.3,8.3,0.0,0.710989010989011,0
2020-09-14,14.6,23.9,10.0,0.0,0.6576923076923077,0
2020-09-15,16.3,26.1,8.9,0.0,0.6576923076923077,0
2020-09-16,18.1,27.8,10.6,0.0,0.6576923076923077,0
2020-09-17,17.9,26.1,11.1,0.0,0.6576923076923077,0
2020-09-18,17.8,25.0,12.2,0.0,0.6576923076923077,0
2020-09-19,17.3,26.1,11.7,0.0,0.656043956043956,0
2020-09-20,19.7,30.0,11.7,0.0,0.445054945054945,0
2020-09-21,16.1,25.6,9.4,0.0,0.4406593406593406,0
2020-09-22,16.7,26.1,10.6,0.0,0.4406593406593406,0
2020-09-23,17.4,27.2,9.4,0.0,0.4406593406593406,0
2020-09-24,17.8,26.7,10.0,0.0,0.4406593406593406,0
2020-09-25,15.6,23.3,10.6,0.0,0.4406593406593406,0
2020-09-26,17.3,26.1,10.0,0.0,0.4406593406593406,0
2020-09-27,25.4,32.2,13.3,0.0,0.4406593406593406,0
2020-09-28,24.8,35.6,14.4,0.0,0.4406593406593406,0
2020-09-29,18.1,27.2,11.1,0.0,0.4406593406593406,0
2020-09-30,21.8,37.2,10.0,0.0,0.4406593406593406,0
2020-10-01,26.4,37.8,19.4,0.0,0.4406593406593406,0
2020-10-02,25.9,38.3,17.8,0.0,0.4406593406593406,0
2020-10-03,24.5,35.6,13.3,0.0,0.4406593406593406,0
2020-10-04,19.3,30.0,12.8,0.0,0.4241758241758241,0
2020-10-05,20.0,31.7,12.8,0.0,0.2708791208791209,0
2020-10-06,17.7,27.8,10.0,0.0,0.1565934065934066,0
2020-10-07,12.7,20.0,7.8,0.0,0.1549450549450549,0
2020-10-08,14.3,22.2,10.6,0.0,0.0505494505494505,0
2020-10-09,15.2,23.3,11.1,0.0,0.028021978021978,0
2020-10-10,16.4,23.3,11.1,0.0,0.028021978021978,0
2020-10-11,16.7,25.0,10.0,0.0,0.0197802197802197,0
2020-10-12,20.9,30.0,13.3,0.0,0.0197802197802197,0
2020-10-13,21.3,32.8,13.9,0.0,0.0197802197802197,0
2020-10-14,24.2,32.2,18.3,0.0,0.0197802197802197,0
2020-10-15,27.1,32.8,19.4,0.0,0.0197802197802197,0
2020-10-16,25.9,33.3,18.3,0.0,0.0197802197802197,0
2020-10-17,24.2,36.1,15.6,0.0,0.0197802197802197,0
2020-10-18,20.2,30.6,12.2,0.0,0.0197802197802197,0
2020-10-19,17.1,27.2,10.6,0.0,0.0197802197802197,0
2020-10-20,18.6,31.1,10.0,0.0,0.0197802197802197,0
2020-10-21,19.4,29.4,10.6,0.0,0.0197802197802197,0
2020-10-22,14.3,22.2,9.4,0.0,0.0197802197802197,0
2020-10-23,13.9,21.7,7.8,0.0,0.0197802197802197,0
2020-10-24,13.4,21.1,8.3,0.0,0.0197802197802197,0
2020-10-25,13.9,19.4,7.8,0.0,0.0197802197802197,0
2020-10-26,14.6,21.7,9.4,0.0,0.0197802197802197,0
2020-10-27,17.1,24.4,10.0,0.0,0.0197802197802197,0
2020-10-28,15.3,26.1,8.9,0.0,0.0197802197802197,0
2020-10-29,15.3,26.7,8.3,0.0,0.0197802197802197,0
2020-10-30,13.2,23.9,6.7,0.0,0.0197802197802197,0
2020-10-31,17.5,28.9,8.9,0.0,0.0197802197802197,0
2020-11-01,19.2,31.1,12.2,0.0,0.0197802197802197,0
2020-11-02,18.1,29.4,9.4,0.0,0.0197802197802197,0
2020-11-03,13.0,26.1,6.7,0.0,0.0197802197802197,0
2020-11-04,15.3,26.1,7.2,0.0,0.0197802197802197,0
2020-11-05,19.5,28.9,10.6,0.0,0.0197802197802197,0
2020-11-06,11.0,16.1,7.8,0.0,0.0197802197802197,0
2020-11-07,9.3,14.4,5.0,2.8,0.0351648351648351,0
2020-11-08,6.9,11.1,0.6,0.0,0.0351648351648351,0
2020-11-09,6.0,15.0,0.0,0.0,0.0351648351648351,0
2020-11-10,9.1,17.2,0.6,0.0,0.0351648351648351,0
2020-11-11,9.9,15.0,6.7,0.0,0.0351648351648351,0
2020-11-12,8.9,18.9,2.8,0.0,0.0351648351648351,0
2020-11-13,8.8,13.9,2.2,0.0,0.0351648351648351,0
2020-11-14,9.1,17.8,3.9,0.0,0.0351648351648351,0
2020-11-15,12.0,20.0,3.3,0.0,0.0351648351648351,0
2020-11-16,18.1,26.7,9.4,0.0,0.0153846153846153,0
2020-11-17,13.9,18.9,12.2,0.0,0.0153846153846153,0
2020-11-18,12.4,15.0,6.7,0.0,0.0153846153846153,0
2020-11-19,10.3,16.7,5.6,0.0,0.0153846153846153,0
2020-11-20,13.0,17.2,8.9,0.0,0.0153846153846153,0
2020-11-21,13.9,18.3,10.6,0.0,0.0153846153846153,0
2020-11-22,9.8,17.2,4.4,0.0,0.0153846153846153,0
2020-11-23,9.2,15.6,5.0,0.0,0.0153846153846153,0
2020-11-24,10.3,19.4,3.9,0.0,0.0153846153846153,0
2020-11-25,9.2,16.1,3.9,0.0,0.0153846153846153,0
2020-11-26,10.6,16.7,4.4,0.0,0.0153846153846153,0
2020-11-27,10.8,20.6,3.9,0.0,0.0153846153846153,0
2020-11-28,10.7,21.1,3.3,0.0,0.0153846153846153,0
2020-11-29,10.9,21.7,4.4,0.0,0.0153846153846153,0
2020-11-30,9.9,20.0,3.3,0.0,0.0153846153846153,0
2020-12-01,12.0,19.4,3.3,0.0,0.0153846153846153,0
2020-12-02,12.8,21.1,6.7,0.0,0.0153846153846153,0
2020-12-03,11.6,21.1,6.1,0.0,0.0153846153846153,0
2020-12-04,12.7,22.8,7.2,0.0,0.0153846153846153,0
2020-12-05,9.6,18.3,5.0,0.0,0.0153846153846153,0
2020-12-06,10.0,16.1,5.0,0.0,0.0153846153846153,0
2020-12-07,16.2,20.6,10.0,0.0,0.0153846153846153,0
2020-12-08,17.7,25.0,10.6,0.0,0.0153846153846153,0
2020-12-09,14.3,25.0,7.8,0.0,0.0153846153846153,0
2020-12-10,10.8,18.9,4.4,0.0,0.0153846153846153,0
2020-12-11,9.2,13.9,6.1,0.0,0.0153846153846153,0
2020-12-12,11.1,13.9,7.2,0.0,0.0153846153846153,0
2020-12-13,10.2,12.8,5.0,0.0,0.0153846153846153,0
2020-12-14,6.5,13.9,2.8,0.0,0.0153846153846153,0
2020-12-15,7.9,15.6,3.3,0.0,0.0153846153846153,0
2020-12-16,10.8,18.3,5.6,0.0,0.0153846153846153,0
2020-12-17,8.5,12.2,3.9,0.0,0.0153846153846153,0
2020-12-18,8.8,15.6,3.3,0.0,0.0153846153846153,0
2020-12-19,9.6,18.3,2.8,0.0,0.0153846153846153,0
2020-12-20,12.3,20.6,7.8,0.0,0.0153846153846153,0
2020-12-21,11.2,21.1,4.4,0.0,0.0153846153846153,0
2020-12-22,10.1,13.3,5.6,0.0,0.0153846153846153,0
2020-12-23,10.7,15.0,6.7,0.0,0.0153846153846153,0
2020-12-24,13.0,20.0,8.3,0.5,0.0181318681318681,0
2020-12-25,11.9,16.7,9.4,0.0,0.0181318681318681,0
2020-12-26,9.5,14.4,4.4,0.0,0.0181318681318681,0
2020-12-27,8.9,14.4,5.0,0.3,0.0197802197802197,0
2020-12-28,6.6,11.7,2.2,46.0,0.2725274725274725,0
2020-12-29,7.3,15.6,1.7,0.0,0.2725274725274725,0
2020-12-30,7.6,14.4,1.1,0.0,0.2725274725274725,0
2020-12-31,8.6,15.0,4.4,0.0,0.2725274725274725,0
2021-01-01,8.1,16.7,3.3,0.0,0.2725274725274725,0
2021-01-02,9.3,11.7,6.7,0.0,0.2725274725274725,0
2021-01-03,9.3,14.4,5.0,0.0,0.2725274725274725,0
2021-01-04,10.1,13.3,5.0,0.0,0.2725274725274725,0
2021-01-05,7.3,12.8,2.8,0.0,0.2725274725274725,0
2021-01-06,7.7,16.7,2.8,0.0,0.2725274725274725,0
2021-01-07,10.6,17.2,6.7,0.0,0.2725274725274725,0
2021-01-08,10.7,16.1,6.7,0.0,0.2725274725274725,0
2021-01-09,9.6,15.6,3.9,0.0,0.2725274725274725,0
2021-01-10,9.8,19.4,3.9,0.0,0.2725274725274725,0
2021-01-11,9.8,17.2,6.1,0.0,0.2725274725274725,0
2021-01-12,10.9,17.8,6.7,0.0,0.2725274725274725,0
2021-01-13,13.7,21.1,7.8,0.0,0.2725274725274725,0
2021-01-14,15.7,21.7,9.4,0.0,0.2725274725274725,0
2021-01-15,17.3,22.2,10.6,0.0,0.2725274725274725,0
2021-01-16,16.3,23.9,9.4,0.0,0.2725274725274725,0
2021-01-17,18.6,25.0,12.2,0.0,0.2725274725274725,0
2021-01-18,18.4,22.8,14.4,0.0,0.2725274725274725,0
2021-01-19,13.2,16.7,10.0,0.0,0.2725274725274725,0
2021-01-20,13.6,20.0,6.1,0.0,0.2725274725274725,0
2021-01-21,8.8,17.8,3.3,0.0,0.2725274725274725,0
2021-01-22,6.9,8.9,3.9,0.0,0.2725274725274725,0
2021-01-23,6.5,11.7,2.8,9.7,0.3258241758241758,0
2021-01-24,6.3,8.3,3.3,1.8,0.3357142857142857,0
2021-01-25,6.3,10.0,5.0,7.4,0.3763736263736263,0
2021-01-26,4.4,8.3,-0.6,0.0,0.3763736263736263,0
2021-01-27,8.4,9.4,6.7,0.0,0.3763736263736263,0
2021-01-28,8.7,11.1,6.1,24.9,0.5131868131868133,0
2021-01-29,6.4,12.8,2.2,18.3,0.6137362637362638,0
2021-01-30,8.3,15.0,2.8,0.0,0.6137362637362638,0
2021-01-31,11.1,16.1,6.7,0.0,0.6137362637362638,0
2021-02-01,10.3,16.1,4.4,0.0,0.6137362637362638,0
2021-02-02,10.0,13.3,5.6,0.0,0.6137362637362638,0
2021-02-03,7.1,13.3,1.7,0.0,0.6137362637362638,0
2021-02-04,8.4,15.0,3.9,0.0,0.6137362637362638,0
2021-02-05,9.9,20.6,2.8,0.0,0.6137362637362638,0
2021-02-06,12.8,21.7,6.7,0.0,0.6137362637362638,0
2021-02-07,11.0,21.7,5.0,0.0,0.6137362637362638,0
2021-02-08,8.3,16.1,2.2,0.0,0.6137362637362638,0
2021-02-09,9.3,12.8,6.1,0.0,0.6137362637362638,0
2021-02-10,8.8,17.2,4.4,0.0,0.6137362637362638,0
2021-02-11,9.0,15.6,3.9,0.0,0.6137362637362638,0
2021-02-12,9.6,13.3,7.2,0.0,0.6137362637362638,0
2021-02-13,9.2,12.2,4.4,0.0,0.6137362637362638,0
2021-02-14,8.3,12.2,3.3,0.0,0.6137362637362638,0
2021-02-15,10.3,12.8,7.8,0.0,0.6137362637362638,0
2021-02-16,7.9,12.8,3.3,0.0,0.6137362637362638,0
2021-02-17,8.0,15.0,2.2,0.0,0.6137362637362638,0
2021-02-18,9.9,18.3,3.3,0.0,0.6137362637362638,0
2021-02-19,10.1,12.8,6.7,0.0,0.6137362637362638,0
2021-02-20,8.2,14.4,3.9,0.0,0.6137362637362638,0
2021-02-21,9.6,16.7,3.9,0.0,0.6137362637362638,0
2021-02-22,14.0,20.6,8.3,0.0,0.6137362637362638,0
2021-02-23,15.6,23.9,7.8,0.0,0.6137362637362638,0
2021-02-24,13.3,19.4,5.6,0.0,0.6137362637362638,0
2021-02-25,11.2,18.3,2.8,0.0,0.6137362637362638,0
2021-02-26,7.4,15.0,2.2,0.0,0.6137362637362638,0
2021-02-27,7.7,15.6,1.7,0.0,0.6137362637362638,0
2021-02-28,11.3,17.8,5.6,0.0,0.6137362637362638,0
2021-03-01,11.2,18.9,3.9,0.0,0.6137362637362638,0
2021-03-02,9.2,16.7,2.2,0.0,0.6137362637362638,0
2021-03-03,8.7,17.2,2.8,4.1,0.6362637362637362,0
2021-03-04,9.2,17.8,2.2,0.0,0.6362637362637362,0
2021-03-05,10.4,17.8,2.8,0.0,0.6362637362637362,0
2021-03-06,7.8,14.4,2.2,0.0,0.6362637362637362,0
2021-03-07,7.1,15.0,0.0,0.0,0.6362637362637362,0
2021-03-08,7.3,12.8,3.9,0.0,0.6362637362637362,0
2021-03-09,7.2,12.8,3.3,0.0,0.6362637362637362,0
2021-03-10,6.4,11.1,3.9,21.1,0.7521978021978022,0
2021-03-11,5.4,12.8,1.1,3.0,0.7686813186813187,0
2021-03-12,9.4,16.7,3.3,0.0,0.7686813186813187,0
2021-03-13,7.8,11.1,6.1,0.0,0.7686813186813187,0
2021-03-14,7.9,12.2,5.0,0.0,0.7686813186813187,0
2021-03-15,5.0,8.9,0.6,7.6,0.8104395604395604,0
2021-03-16,5.1,11.7,0.0,0.0,0.8104395604395604,0
2021-03-17,6.2,11.7,0.0,0.0,0.8104395604395604,0
2021-03-18,9.3,11.7,7.2,0.0,0.8104395604395604,0
2021-03-19,9.6,14.4,5.6,0.0,0.8104395604395604,0
2021-03-20,8.4,14.4,4.4,0.0,0.8104395604395604,0
2021-03-21,8.4,16.1,1.7,0.0,0.8104395604395604,0
2021-03-22,9.7,14.4,6.7,0.0,0.8104395604395604,0
2021-03-23,12.1,17.2,3.9,0.0,0.8104395604395604,0
2021-03-24,12.2,18.9,7.2,0.0,0.8104395604395604,0
2021-03-25,8.4,12.8,3.9,0.0,0.8104395604395604,0
2021-03-26,10.7,20.6,2.8,0.0,0.8104395604395604,0
2021-03-27,13.6,23.3,5.0,0.0,0.8104395604395604,0
2021-03-28,13.1,23.3,4.4,0.0,0.8104395604395604,0
2021-03-29,9.1,15.0,2.2,0.0,0.8104395604395604,0
2021-03-30,15.1,22.8,8.3,0.0,0.8104395604395604,0
2021-03-31,18.4,28.3,10.6,0.0,0.8104395604395604,0
2021-04-01,18.2,28.3,8.3,0.0,0.8104395604395604,0
2021-04-02,11.3,20.0,5.0,0.0,0.8104395604395604,0
2021-04-03,9.4,16.7,4.4,0.0,0.8104395604395604,0
2021-04-04,10.0,15.6,6.7,0.0,0.8104395604395604,0
2021-04-05,8.9,13.3,6.7,0.0,0.8104395604395604,0
2021-04-06,9.9,17.8,6.1,0.0,0.8104395604395604,0
2021-04-07,9.8,15.0,6.7,0.0,0.8104395604395604,0
2021-04-08,9.6,16.7,2.8,0.0,0.8104395604395604,0
2021-04-09,8.4,13.9,2.8,0.0,0.8104395604395604,0
2021-04-10,10.5,18.3,5.6,0.0,0.8104395604395604,0
2021-04-11,10.2,19.4,5.0,0.0,0.8104395604395604,0
2021-04-12,10.3,18.9,3.3,0.0,0.8104395604395604,0
2021-04-13,9.3,13.9,6.7,0.0,0.8104395604395604,0
2021-04-14,11.2,18.3,3.9,0.0,0.8104395604395604,0
2021-04-15,9.8,17.8,1.7,0.0,0.8104395604395604,0
2021-04-16,9.8,17.8,3.9,0.0,0.8104395604395604,0
2021-04-17,10.8,18.3,4.4,0.0,0.8104395604395604,0
2021-04-18,14.2,27.8,2.8,0.0,0.8104395604395604,0
2021-04-19,10.3,17.8,5.6,0.0,0.8104395604395604,0
2021-04-20,8.4,10.0,7.8,0.0,0.8104395604395604,0
2021-04-21,8.8,13.9,7.2,0.0,0.8104395604395604,0
2021-04-22,8.6,12.2,7.2,0.0,0.8104395604395604,0
2021-04-23,10.3,16.7,7.2,0.0,0.8104395604395604,0
2021-04-24,11.1,17.8,6.1,0.0,0.8104395604395604,0
2021-04-25,9.8,13.3,7.2,0.0,0.8104395604395604,0
2021-04-26,9.3,16.1,2.8,0.0,0.8104395604395604,0
2021-04-27,11.7,20.0,3.9,0.0,0.8104395604395604,0
2021-04-28,15.3,27.2,4.4,0.0,0.8104395604395604,0
2021-04-29,13.8,22.8,6.1,0.0,0.8104395604395604,0
2021-04-30,11.6,19.4,4.4,0.0,0.8104395604395604,0
2021-05-01,10.6,16.1,8.3,0.0,0.8104395604395604,0
2021-05-02,11.8,18.9,7.2,0.0,0.8104395604395604,0
2021-05-03,15.1,26.7,5.0,0.0,0.8104395604395604,0
2021-05-04,14.6,24.4,7.2,0.0,0.8104395604395604,0
2021-05-05,13.7,25.0,5.6,0.0,0.8104395604395604,0
2021-05-06,11.5,20.6,4.4,0.0,0.8104395604395604,0
2021-05-07,11.3,18.3,5.0,0.0,0.8104395604395604,0
2021-05-08,16.1,27.2,4.4,0.0,0.795054945054945,0
2021-05-09,13.5,23.9,6.1,0.0,0.795054945054945,0
2021-05-10,15.9,27.2,5.0,0.0,0.795054945054945,0
2021-05-11,15.8,25.0,6.7,0.0,0.795054945054945,0
2021-05-12,13.3,23.3,5.0,0.0,0.795054945054945,0
2021-05-13,12.2,20.6,7.2,0.0,0.795054945054945,0
2021-05-14,9.4,13.9,6.7,0.0,0.795054945054945,0
2021-05-15,9.6,12.2,7.8,0.0,0.795054945054945,0
2021-05-16,10.8,16.1,8.3,0.0,0.795054945054945,0
2021-05-17,10.8,17.2,8.3,0.0,0.795054945054945,0
2021-05-18,12.7,20.0,7.2,0.0,0.795054945054945,0
2021-05-19,10.7,16.1,7.2,0.0,0.795054945054945,0
2021-05-20,10.2,16.7,4.4,0.0,0.795054945054945,0
2021-05-21,9.7,16.7,2.2,0.0,0.795054945054945,0
2021-05-22,11.9,20.0,3.9,0.0,0.795054945054945,0
2021-05-23,12.1,18.9,8.3,0.0,0.795054945054945,0
2021-05-24,13.1,21.7,7.2,0.0,0.795054945054945,0
2021-05-25,12.1,18.3,5.6,0.0,0.795054945054945,0
2021-05-26,11.7,19.4,4.4,0.0,0.795054945054945,0
2021-05-27,13.5,20.6,7.2,0.0,0.795054945054945,0
2021-05-28,13.5,20.6,8.9,0.0,0.795054945054945,0
2021-05-29,9.8,12.2,8.9,0.0,0.795054945054945,0
2021-05-30,14.4,25.6,8.3,0.0,0.795054945054945,0
2021-05-31,17.8,28.3,7.8,0.0,0.795054945054945,0
2021-06-01,15.8,25.0,8.9,0.0,0.795054945054945,0
2021-06-02,14.2,22.8,8.3,0.0,0.795054945054945,0
2021-06-03,15.4,25.0,7.8,0.0,0.795054945054945,0
2021-06-04,13.4,21.1,7.8,0.0,0.795054945054945,0
2021-06-05,13.7,22.2,5.0,0.0,0.795054945054945,0
2021-06-06,12.5,21.1,6.1,0.0,0.795054945054945,0
2021-06-07,12.4,17.8,8.9,0.0,0.795054945054945,0
2021-06-08,12.9,18.3,8.3,0.0,0.795054945054945,0
2021-06-09,12.1,18.9,4.4,0.0,0.795054945054945,0
2021-06-10,12.3,20.0,5.6,0.0,0.795054945054945,0
2021-06-11,14.0,22.8,3.9,0.0,0.795054945054945,0
2021-06-12,18.7,26.1,11.1,0.0,0.795054945054945,0
2021-06-13,18.1,26.1,11.1,0.0,0.795054945054945,0
2021-06-14,16.7,23.3,11.1,0.0,0.795054945054945,0
2021-06-15,15.3,23.9,7.2,0.0,0.795054945054945,0
2021-06-16,21.1,32.8,9.4,0.0,0.795054945054945,0
2021-06-17,24.4,36.1,16.1,0.5,0.7978021978021977,0
2021-06-18,21.6,32.2,12.2,0.0,0.7978021978021977,0
2021-06-19,17.4,27.2,10.0,0.0,0.7978021978021977,0
2021-06-20,16.3,26.1,8.3,0.0,0.7978021978021977,0
2021-06-21,17.0,26.1,10.6,0.0,0.7978021978021977,0
2021-06-22,16.5,21.7,13.3,0.0,0.7978021978021977,0
2021-06-23,16.8,24.4,11.7,0.0,0.7978021978021977,0
2021-06-24,15.7,22.8,12.2,0.0,0.795054945054945,0
2021-06-25,15.7,23.9,11.1,0.0,0.795054945054945,0
2021-06-26,16.4,25.0,10.6,0.0,0.795054945054945,0
2021-06-27,15.9,25.6,11.1,0.0,0.7934065934065935,0
2021-06-28,16.1,25.6,10.6,0.0,0.5406593406593407,0
2021-06-29,16.6,23.3,11.1,0.0,0.5406593406593407,0
2021-06-30,15.6,22.2,12.8,0.0,0.5406593406593407,0
2021-07-01,15.0,22.8,11.7,0.0,0.5406593406593407,0
2021-07-02,15.6,23.3,11.1,0.0,0.5406593406593407,0
2021-07-03,16.0,23.9,9.4,0.0,0.5406593406593407,0
2021-07-04,16.3,23.3,11.7,0.0,0.5406593406593407,0
2021-07-05,15.9,24.4,11.1,0.0,0.5406593406593407,0
2021-07-06,15.0,23.9,10.6,0.0,0.5406593406593407,0
2021-07-07,13.8,21.1,10.0,0.0,0.5406593406593407,0
2021-07-08,18.6,31.1,6.7,0.0,0.5406593406593407,0
2021-07-09,21.3,31.1,11.1,0.0,0.5406593406593407,0
2021-07-10,19.1,31.1,10.0,0.0,0.5406593406593407,0
2021-07-11,15.9,25.6,10.0,0.0,0.5406593406593407,0
2021-07-12,14.7,22.8,10.0,0.0,0.5406593406593407,0
2021-07-13,13.6,20.6,10.0,2.5,0.5543956043956044,0
2021-07-14,15.7,23.3,11.1,0.0,0.5543956043956044,0
2021-07-15,14.0,21.7,9.4,0.0,0.5543956043956044,0
2021-07-16,13.7,22.8,6.7,0.0,0.5543956043956044,0
2021-07-17,16.2,26.7,7.8,0.0,0.5543956043956044,0
2021-07-18,17.9,28.3,8.3,0.0,0.5543956043956044,0
2021-07-19,17.1,27.2,10.6,0.0,0.5543956043956044,0
2021-07-20,14.9,23.9,8.9,0.0,0.5543956043956044,0
2021-07-21,15.7,25.0,7.2,0.0,0.5543956043956044,0
2021-07-22,8.9,8.9,8.9,0.0,0.5543956043956044,0
2021-07-23,15.4,25.6,6.7,0.0,0.5543956043956044,0
2021-07-24,15.9,26.7,7.8,0.0,0.5010989010989011,0
2021-07-25,16.7,26.7,8.9,0.0,0.4912087912087912,0
2021-07-26,16.7,26.1,10.0,3.0,0.467032967032967,0
2021-07-27,19.3,28.9,11.7,0.0,0.467032967032967,0
2021-07-28,17.9,28.9,10.0,0.0,0.467032967032967,0
2021-07-29,19.0,30.0,11.1,0.0,0.3302197802197802,0
2021-07-30,18.2,29.4,10.6,0.0,0.2296703296703296,0
2021-07-31,17.7,26.7,10.6,0.0,0.2296703296703296,0
2021-08-01,16.2,25.0,9.4,0.0,0.2296703296703296,0
2021-08-02,16.7,26.7,9.4,0.0,0.2296703296703296,0
2021-08-03,16.0,27.8,6.1,0.0,0.2296703296703296,0
2021-08-04,15.0,26.1,8.9,0.0,0.2296703296703296,0
2021-08-05,15.8,22.8,11.1,0.0,0.2296703296703296,0
2021-08-06,17.5,27.8,9.4,0.0,0.2296703296703296,0
2021-08-07,16.9,26.7,8.3,0.0,0.2296703296703296,0
2021-08-08,16.6,26.1,9.4,0.0,0.2296703296703296,0
2021-08-09,16.3,26.7,9.4,0.0,0.2296703296703296,0
2021-08-10,17.8,30.6,8.9,0.0,0.2296703296703296,0
2021-08-11,18.4,28.9,11.1,0.0,0.2296703296703296,0
2021-08-12,19.7,30.6,12.2,0.0,0.2296703296703296,0
2021-08-13,18.0,28.3,10.6,0.0,0.2296703296703296,0
2021-08-14,17.7,27.2,11.1,0.0,0.2296703296703296,0
2021-08-15,17.9,27.8,11.7,0.0,0.2296703296703296,0
2021-08-16,17.9,28.9,12.2,0.0,0.2296703296703296,0
2021-08-17,16.6,25.0,11.1,0.0,0.2296703296703296,0
2021-08-18,16.4,25.0,10.6,0.0,0.2296703296703296,0
2021-08-19,16.3,25.0,11.1,0.0,0.2296703296703296,0
2021-08-20,15.9,25.0,9.4,0.0,0.2296703296703296,0
2021-08-21,16.2,22.2,13.3,0.0,0.2296703296703296,0
2021-08-22,16.0,23.9,11.1,0.0,0.2296703296703296,0
2021-08-23,15.6,24.4,9.4,0.0,0.2296703296703296,0
2021-08-24,16.2,25.0,11.1,0.0,0.2296703296703296,0
2021-08-25,15.3,24.4,8.9,0.0,0.2296703296703296,0
2021-08-26,16.3,27.2,6.1,0.0,0.2296703296703296,0
2021-08-27,22.5,35.6,11.7,0.0,0.2296703296703296,0
2021-08-28,23.9,35.6,15.0,0.0,0.2296703296703296,0
2021-08-29,19.7,30.6,11.7,0.0,0.2296703296703296,0
2021-08-30,17.4,29.4,9.4,0.0,0.2296703296703296,0
2021-08-31,15.4,24.4,7.8,0.0,0.2296703296703296,0
2021-09-01,15.2,22.8,10.6,0.0,0.2071428571428571,0
2021-09-02,15.4,22.8,11.7,0.0,0.2071428571428571,0
2021-09-03,15.3,23.9,8.9,0.0,0.2071428571428571,0
2021-09-04,16.7,31.1,7.2,0.0,0.2071428571428571,0
2021-09-05,20.9,31.7,10.0,0.0,0.2071428571428571,0
2021-09-06,24.1,35.6,15.6,0.0,0.2071428571428571,0
2021-09-07,22.3,32.2,13.3,0.0,0.2071428571428571,0
2021-09-08,20.8,32.2,13.9,0.0,0.0912087912087912,0
2021-09-09,17.9,28.9,12.2,0.0,0.0747252747252747,0
2021-09-10,16.4,26.1,10.0,0.3,0.0763736263736263,0
2021-09-11,16.2,26.7,8.3,0.0,0.0763736263736263,0
2021-09-12,18.4,31.1,8.3,0.0,0.0763736263736263,0
2021-09-13,16.5,28.9,9.4,0.0,0.0346153846153846,0
2021-09-14,16.8,26.7,8.9,0.0,0.0346153846153846,0
2021-09-15,15.0,25.6,8.3,0.0,0.0346153846153846,0
2021-09-16,14.6,22.2,10.0,0.0,0.0346153846153846,0
2021-09-17,15.0,23.3,10.6,0.0,0.0346153846153846,0
2021-09-18,15.4,23.3,10.0,0.0,0.0346153846153846,0
2021-09-19,16.4,22.8,10.6,0.0,0.0346153846153846,0
2021-09-20,21.9,30.6,12.2,0.0,0.0346153846153846,0
2021-09-21,23.8,35.0,16.1,0.0,0.0346153846153846,0
2021-09-22,18.9,28.3,9.4,0.0,0.0346153846153846,0
2021-09-23,18.4,32.8,8.3,0.0,0.0346153846153846,0
2021-09-24,17.8,28.9,11.1,0.0,0.0346153846153846,0
2021-09-25,14.9,23.9,9.4,0.0,0.0346153846153846,0
2021-09-26,14.8,21.7,11.1,0.0,0.0346153846153846,0
2021-09-27,15.4,24.4,7.8,0.0,0.0346153846153846,0
2021-09-28,13.4,22.2,7.8,0.0,0.0346153846153846,0
2021-09-29,14.5,25.0,7.2,0.0,0.0346153846153846,0
2021-09-30,19.4,31.7,10.0,0.0,0.0346153846153846,0
2021-10-01,20.7,31.1,13.3,0.0,0.0346153846153846,0
2021-10-02,21.6,32.8,13.3,0.0,0.0346153846153846,0
2021-10-03,22.3,33.3,13.9,0.0,0.0346153846153846,0
2021-10-04,20.9,31.7,11.7,2.5,0.0483516483516483,0
2021-10-05,13.8,23.9,7.8,0.5,0.0510989010989011,0
2021-10-06,12.8,19.4,8.3,0.0,0.0510989010989011,0
2021-10-07,12.1,18.3,7.2,0.0,0.0510989010989011,0
2021-10-08,12.6,17.2,9.4,0.3,0.0527472527472527,0
2021-10-09,13.3,21.1,7.8,0.0,0.0527472527472527,0
2021-10-10,14.0,25.0,7.2,0.0,0.0527472527472527,0
2021-10-11,11.9,17.8,4.4,0.0,0.0527472527472527,0
2021-10-12,12.3,20.0,4.4,0.0,0.0527472527472527,0
2021-10-13,9.9,19.4,3.3,0.0,0.0527472527472527,0
2021-10-14,14.7,23.3,7.8,0.0,0.0527472527472527,0
2021-10-15,18.6,30.0,8.9,0.0,0.0527472527472527,0
2021-10-16,19.9,31.7,12.2,0.0,0.0527472527472527,0
2021-10-17,13.7,22.2,7.8,0.0,0.0527472527472527,0
2021-10-18,10.0,16.1,5.0,1.0,0.0582417582417582,0
2021-10-19,12.0,20.0,4.4,0.0,0.0582417582417582,0
2021-10-20,12.5,15.0,9.4,0.0,0.0582417582417582,0
2021-10-21,16.4,19.4,15.0,0.0,0.0582417582417582,0
2021-10-22,13.0,17.2,8.9,0.0,0.0582417582417582,0
2021-10-23,12.9,18.9,8.3,1.3,0.0653846153846153,0
2021-10-24,13.8,15.0,11.7,0.0,0.0653846153846153,0
2021-10-25,11.7,15.6,7.2,12.4,0.1335164835164835,0
2021-10-26,11.8,17.8,7.2,0.0,0.1335164835164835,0
2021-10-27,16.3,22.8,9.4,0.0,0.1335164835164835,0
2021-10-28,18.3,25.6,12.8,0.0,0.1335164835164835,0
2021-10-29,16.1,27.2,10.6,0.0,0.1335164835164835,0
2021-10-30,12.1,17.2,8.9,0.0,0.1335164835164835,0
2021-10-31,12.8,17.8,8.9,0.0,0.1335164835164835,0
2021-11-01,13.6,14.4,12.2,0.0,0.1335164835164835,0
2021-11-02,14.7,20.0,11.1,0.0,0.1335164835164835,0
2021-11-03,15.1,23.3,10.0,0.0,0.1335164835164835,0
2021-11-04,13.7,18.3,8.3,0.0,0.1335164835164835,0
2021-11-05,10.9,18.9,6.1,0.0,0.1335164835164835,0
2021-11-06,11.5,18.9,7.2,0.0,0.1335164835164835,0
2021-11-07,9.5,17.8,4.4,0.0,0.1335164835164835,0
2021-11-08,10.9,18.9,4.4,0.0,0.1335164835164835,0
2021-11-09,11.8,16.7,9.4,0.0,0.1335164835164835,0
2021-11-10,13.5,20.6,7.8,0.0,0.1335164835164835,0
2021-11-11,16.5,22.2,11.7,0.0,0.1335164835164835,0
2021-11-12,17.5,23.9,12.2,0.0,0.1335164835164835,0
2021-11-13,18.2,25.0,11.7,0.0,0.1335164835164835,0
2021-11-14,18.9,28.9,13.3,0.0,0.1335164835164835,0
2021-11-15,14.8,20.6,10.0,0.0,0.1335164835164835,0
2021-11-16,12.3,18.3,8.3,0.0,0.1335164835164835,0
2021-11-17,13.4,20.6,7.8,0.0,0.1335164835164835,0
2021-11-18,10.8,16.1,7.2,0.0,0.1335164835164835,0
2021-11-19,11.9,16.7,6.7,0.0,0.1335164835164835,0
2021-11-20,12.3,18.3,6.1,0.0,0.1335164835164835,0
2021-11-21,14.6,21.7,7.8,0.0,0.1335164835164835,0
2021-11-22,15.3,26.1,8.3,0.0,0.1335164835164835,0
2021-11-23,11.1,17.2,5.6,0.0,0.1335164835164835,0
2021-11-24,13.6,18.3,9.4,0.0,0.1335164835164835,0
2021-11-25,13.9,23.9,7.2,0.0,0.1335164835164835,0
2021-11-26,13.6,22.2,7.8,0.0,0.1335164835164835,0
2021-11-27,16.1,23.9,9.4,0.0,0.1335164835164835,0
2021-11-28,15.9,23.3,11.1,0.0,0.1335164835164835,0
2021-11-29,15.9,24.4,10.0,0.0,0.1335164835164835,0
2021-11-30,18.3,23.9,11.1,0.0,0.1335164835164835,0
2021-12-01,18.0,28.9,11.7,0.0,0.1335164835164835,0
2021-12-02,14.2,22.2,8.3,0.0,0.1335164835164835,0
2021-12-03,10.1,16.7,6.1,0.0,0.1335164835164835,0
2021-12-04,10.5,16.1,8.3,0.0,0.1335164835164835,0
2021-12-05,10.1,21.1,4.4,0.0,0.1335164835164835,0
2021-12-06,8.6,11.7,5.6,0.0,0.1335164835164835,0
2021-12-07,11.2,17.8,6.7,0.3,0.1351648351648351,0
2021-12-08,9.3,11.7,6.7,0.0,0.1351648351648351,0
2021-12-09,7.9,13.3,2.8,3.0,0.1516483516483516,0
2021-12-10,5.6,12.8,1.7,0.0,0.1516483516483516,0
2021-12-11,6.0,15.0,0.6,0.0,0.1516483516483516,0
2021-12-12,8.7,11.1,6.7,0.0,0.1516483516483516,0
2021-12-13,10.3,12.2,5.6,0.8,0.156043956043956,0
2021-12-14,5.4,9.4,2.2,54.9,0.4576923076923077,0
2021-12-15,7.3,11.1,3.3,0.0,0.4576923076923077,0
2021-12-16,9.4,12.8,5.0,0.8,0.4593406593406594,0
2021-12-17,7.0,12.8,2.2,0.0,0.4593406593406594,0
2021-12-18,6.5,15.0,0.6,0.0,0.4593406593406594,0
2021-12-19,6.7,12.2,1.7,0.0,0.4593406593406594,0
2021-12-20,9.0,11.7,6.1,0.0,0.4593406593406594,0
2021-12-21,10.0,16.1,5.0,0.0,0.4593406593406594,0
2021-12-22,11.4,13.3,8.9,0.0,0.4593406593406594,0
2021-12-23,11.9,13.9,10.6,42.2,0.6912087912087913,0
2021-12-24,9.2,11.1,7.8,7.4,0.7318681318681319,0
2021-12-25,7.7,10.6,4.4,13.7,0.8071428571428572,0
2021-12-26,6.1,8.9,2.8,1.8,0.8170329670329671,0
2021-12-27,6.1,9.4,3.3,6.1,0.8505494505494506,0
2021-12-28,5.3,7.8,2.8,0.0,0.8505494505494506,0
2021-12-29,7.4,11.1,5.6,44.2,1.0934065934065933,0
2021-12-30,7.6,15.0,3.3,65.3,1.4521978021978024,0
2021-12-31,5.8,12.8,1.7,0.0,1.4521978021978024,0
2022-01-01,5.2,11.7,0.0,0.0,1.4521978021978024,0
2022-01-02,7.4,14.4,0.6,0.0,1.4521978021978024,0
2022-01-03,8.9,10.6,6.7,0.0,1.4521978021978024,0
2022-01-04,11.0,15.0,7.8,0.0,1.4521978021978024,0
2022-01-05,10.1,16.1,5.0,0.0,1.4521978021978024,0
2022-01-06,10.7,16.1,7.8,0.0,1.4521978021978024,0
2022-01-07,8.8,11.1,6.7,0.0,1.4521978021978024,0
2022-01-08,8.3,15.6,3.9,0.0,1.4521978021978024,0
2022-01-09,10.0,20.0,3.3,0.0,1.4521978021978024,0
2022-01-10,12.1,21.7,6.1,0.0,1.4521978021978024,0
2022-01-11,12.9,21.1,7.2,0.0,1.4384615384615385,0
2022-01-12,12.9,23.3,6.1,0.0,1.4384615384615385,0
2022-01-13,11.4,18.3,6.1,0.0,1.4384615384615385,0
2022-01-14,13.8,18.3,9.4,0.0,1.4384615384615385,0
2022-01-15,14.4,22.8,8.3,0.3,1.4401098901098903,0
2022-01-16,13.8,21.1,9.4,0.0,1.4401098901098903,0
2022-01-17,11.6,19.4,6.7,4.6,1.4653846153846153,0
2022-01-18,8.7,16.7,3.9,0.0,1.4653846153846153,0
2022-01-19,9.8,18.3,2.8,0.0,1.4653846153846153,0
2022-01-20,12.6,20.6,6.1,0.0,1.4653846153846153,0
2022-01-21,15.3,18.3,10.6,0.0,1.4653846153846153,0
2022-01-22,12.6,17.8,5.6,0.0,1.4653846153846153,0
2022-01-23,10.1,20.0,3.9,0.0,1.4653846153846153,0
2022-01-24,8.8,18.9,3.3,0.0,1.4489010989010989,0
2022-01-25,7.7,17.2,3.3,0.0,1.4489010989010989,0
2022-01-26,10.0,20.6,3.3,0.0,1.4489010989010989,0
2022-01-27,11.6,20.6,5.6,0.0,1.4489010989010989,0
2022-01-28,12.6,22.8,5.0,0.0,1.4489010989010989,0
2022-01-29,10.5,20.6,4.4,0.0,1.4489010989010989,0
2022-01-30,8.4,17.2,1.1,0.0,1.4489010989010989,0
2022-01-31,8.2,13.9,3.3,0.0,1.4489010989010989,0
2022-02-01,10.2,14.4,2.8,0.0,1.4489010989010989,0
2022-02-02,11.0,15.6,5.0,0.0,1.4489010989010989,0
2022-02-03,10.3,18.3,4.4,0.0,1.4489010989010989,0
2022-02-04,9.8,20.0,2.8,0.0,1.4489010989010989,0
2022-02-05,9.9,17.8,3.9,0.0,1.4489010989010989,0
2022-02-06,12.2,20.0,4.4,0.0,1.4489010989010989,0
2022-02-07,12.1,22.2,5.0,0.0,1.4489010989010989,0
2022-02-08,15.7,22.8,7.2,0.0,1.4489010989010989,0
2022-02-09,19.3,23.3,16.1,0.0,1.4489010989010989,0
2022-02-10,19.3,25.0,12.8,0.0,1.4489010989010989,1
2022-02-11,17.7,25.6,11.1,0.0,1.4489010989010989,1
2022-02-12,17.8,29.4,10.6,0.0,1.4489010989010989,0
2022-02-13,16.0,27.8,6.7,0.0,1.4489010989010989,0
2022-02-14,7.6,11.7,3.9,0.0,1.4489010989010989,0
2022-02-15,8.6,15.0,2.2,1.5,1.457142857142857,0
2022-02-16,13.9,20.6,8.3,0.0,1.457142857142857,0
2022-02-17,12.7,21.1,4.4,0.0,1.457142857142857,0
2022-02-18,11.4,21.1,4.4,0.0,1.457142857142857,0
2022-02-19,13.2,23.3,5.6,0.0,1.457142857142857,0
2022-02-20,8.2,14.4,2.2,0.0,1.457142857142857,0
2022-02-21,7.4,12.8,1.1,0.0,1.457142857142857,0
2022-02-22,4.9,10.0,0.6,0.0,1.457142857142857,0
2022-02-23,4.6,11.1,-1.7,0.0,1.457142857142857,0
2022-02-24,4.4,14.4,-2.2,0.0,1.457142857142857,0
2022-02-25,5.6,16.1,-2.2,0.0,1.457142857142857,0
2022-02-26,8.1,17.2,0.6,0.0,1.457142857142857,0
2022-02-27,11.9,21.1,3.3,0.0,1.457142857142857,0
2022-02-28,14.3,24.4,7.2,0.0,1.457142857142857,0
2022-03-01,13.6,23.3,6.7,0.0,1.457142857142857,0
2022-03-02,13.0,22.8,6.7,0.0,1.457142857142857,0
2022-03-03,9.5,13.3,6.1,0.0,1.457142857142857,0
2022-03-04,8.1,11.1,4.4,0.0,1.457142857142857,0
2022-03-05,7.3,12.8,2.8,2.0,1.468131868131868,0
2022-03-06,7.4,15.6,1.7,0.0,1.468131868131868,0
2022-03-07,9.1,17.8,1.1,0.0,1.468131868131868,0
2022-03-08,13.2,22.2,4.4,0.0,1.468131868131868,0
2022-03-09,10.0,16.1,3.9,0.0,1.468131868131868,0
2022-03-10,10.6,17.8,3.9,0.0,1.468131868131868,0
2022-03-11,11.6,22.2,4.4,0.0,1.4664835164835164,0
2022-03-12,9.7,19.4,3.9,0.0,1.4664835164835164,0
2022-03-13,10.6,17.2,2.8,0.0,1.4664835164835164,0
2022-03-14,11.7,22.2,1.7,0.0,1.4664835164835164,0
2022-03-15,13.1,20.6,8.3,0.0,1.4664835164835164,0
2022-03-16,10.3,18.3,5.0,0.0,1.4664835164835164,0
2022-03-17,9.6,17.2,3.9,0.0,1.4664835164835164,0
2022-03-18,10.6,21.1,3.3,0.0,1.4664835164835164,0
2022-03-19,8.3,12.8,6.1,0.3,1.468131868131868,0
2022-03-20,8.3,16.1,2.8,0.0,1.468131868131868,0
2022-03-21,11.4,18.9,3.3,0.0,1.468131868131868,0
2022-03-22,19.1,26.7,8.3,0.0,1.468131868131868,0
2022-03-23,11.1,20.0,5.0,0.0,1.468131868131868,0
2022-03-24,10.7,21.1,3.9,0.0,1.468131868131868,0
2022-03-25,9.4,20.0,2.8,0.0,1.468131868131868,0
2022-03-26,11.2,21.7,3.9,0.0,1.468131868131868,0
2022-03-27,10.0,15.0,5.0,0.0,1.468131868131868,0
2022-03-28,11.2,16.7,7.8,33.5,1.652197802197802,0
2022-03-29,9.3,11.1,7.8,0.0,1.652197802197802,0
2022-03-30,8.8,13.3,7.2,0.0,1.652197802197802,0
2022-03-31,9.7,16.7,3.9,0.0,1.652197802197802,0
2022-04-01,10.3,18.9,3.9,0.0,1.652197802197802,0
2022-04-02,12.6,23.3,3.9,0.0,1.652197802197802,0
2022-04-03,10.1,17.2,4.4,0.0,1.652197802197802,0
2022-04-04,11.5,18.3,4.4,0.0,1.6384615384615384,0
2022-04-05,11.9,20.0,5.0,0.0,1.6357142857142857,0
2022-04-06,19.0,27.2,10.0,0.0,1.6357142857142857,0
2022-04-07,22.7,32.8,11.7,0.0,1.6357142857142857,0
2022-04-08,15.4,25.0,5.0,0.0,1.634065934065934,0
2022-04-09,10.4,18.9,3.3,0.0,1.634065934065934,0
2022-04-10,11.6,17.8,6.7,0.0,1.634065934065934,0
2022-04-11,7.5,11.1,2.2,0.0,1.634065934065934,0
2022-04-12,6.9,12.8,0.6,0.0,1.634065934065934,0
2022-04-13,8.6,15.0,1.7,0.0,1.634065934065934,0
2022-04-14,10.2,13.3,7.8,0.0,1.634065934065934,0
2022-04-15,11.3,18.3,6.7,0.0,1.634065934065934,0
2022-04-16,9.4,13.9,1.7,0.0,1.634065934065934,0
2022-04-17,7.3,15.6,0.6,0.0,1.634065934065934,0
2022-04-18,11.0,20.0,1.1,0.0,1.6285714285714283,0
2022-04-19,12.1,17.8,5.0,0.0,1.6285714285714283,0
2022-04-20,12.3,18.9,4.4,0.0,1.6285714285714283,0
2022-04-21,11.8,15.0,9.4,7.1,1.6675824175824177,0
2022-04-22,10.3,16.1,5.0,1.3,1.6747252747252748,0
2022-04-23,11.9,19.4,5.6,0.0,1.667582417582418,0
2022-04-24,12.0,20.6,6.7,0.0,1.667582417582418,0
2022-04-25,11.2,20.0,3.3,0.0,1.5994505494505495,0
2022-04-26,10.0,15.6,5.6,0.0,1.5994505494505495,0
2022-04-27,10.1,15.0,6.7,0.0,1.5994505494505495,0
2022-04-28,10.0,14.4,6.1,0.0,1.5994505494505495,0
2022-04-29,10.8,20.6,2.8,0.0,1.5994505494505495,0
2022-04-30,10.8,18.9,4.4,0.0,1.5994505494505495,0
2022-05-01,12.4,19.4,7.8,0.0,1.5994505494505495,0
2022-05-02,10.2,16.1,4.4,0.0,1.5994505494505495,0
2022-05-03,13.8,22.8,6.1,0.0,1.5994505494505495,0
2022-05-04,14.8,25.6,5.6,0.0,1.5994505494505495,0
2022-05-05,12.9,20.6,6.1,0.0,1.5994505494505495,0
2022-05-06,15.0,22.2,10.6,0.0,1.5994505494505495,0
2022-05-07,10.6,15.6,6.1,0.0,1.5994505494505495,0
2022-05-08,8.9,13.9,3.9,0.0,1.5994505494505495,0
2022-05-09,8.8,15.6,4.4,0.0,1.5994505494505495,0
2022-05-10,9.0,14.4,2.8,0.0,1.5994505494505495,0
2022-05-11,9.6,16.7,2.2,0.0,1.5994505494505495,0
2022-05-12,10.9,17.2,5.0,0.0,1.5994505494505495,0
2022-05-13,14.0,23.3,4.4,0.0,1.5994505494505495,0
2022-05-14,14.8,23.9,7.8,0.0,1.5994505494505495,0
2022-05-15,12.8,19.4,6.7,0.0,1.5994505494505495,0
2022-05-16,11.0,15.6,6.7,0.0,1.5994505494505495,0
2022-05-17,12.1,20.6,6.7,0.0,1.5994505494505495,0
2022-05-18,15.2,26.7,3.9,0.0,1.5994505494505495,0
2022-05-19,13.1,21.1,5.0,0.0,1.5994505494505495,0
2022-05-20,12.5,22.2,3.3,0.0,1.5994505494505495,0
2022-05-21,13.4,24.4,5.6,0.0,1.5994505494505495,0
2022-05-22,12.1,22.8,3.9,0.0,1.5994505494505495,0
2022-05-23,13.3,22.8,5.0,0.0,1.5994505494505495,0
2022-05-24,20.8,32.8,6.7,0.0,1.5994505494505495,0
2022-05-25,20.4,28.9,10.0,0.0,1.5994505494505495,0
2022-05-26,14.7,24.4,7.8,0.0,1.5994505494505495,0
2022-05-27,14.2,21.1,10.6,0.0,1.5994505494505495,0
2022-05-28,15.3,22.2,10.0,0.0,1.5994505494505495,0
2022-05-29,12.5,19.4,7.8,0.0,1.5994505494505495,0
2022-05-30,12.2,19.4,6.7,0.0,1.5994505494505495,0
2022-05-31,13.9,24.4,4.4,0.0,1.5994505494505495,0
2022-06-01,15.1,27.2,3.9,0.0,1.5994505494505495,0
2022-06-02,14.7,23.9,7.8,0.0,1.5994505494505495,0
2022-06-03,15.3,21.7,10.6,0.0,1.5994505494505495,0
2022-06-04,16.4,22.8,10.0,0.0,1.5994505494505495,0
2022-06-05,17.8,25.0,13.9,0.0,1.5994505494505495,0
2022-06-06,14.0,22.2,7.8,0.0,1.5994505494505495,0
2022-06-07,13.4,22.2,4.4,0.0,1.597802197802198,0
2022-06-08,16.0,25.0,8.3,0.0,1.597802197802198,0
2022-06-09,17.6,30.0,8.9,0.0,1.5813186813186817,0
2022-06-10,22.1,34.4,12.2,0.0,1.5813186813186817,0
2022-06-11,20.8,29.4,11.7,0.0,1.5813186813186817,0
2022-06-12,16.2,23.3,10.0,0.0,1.5813186813186817,0
2022-06-13,13.5,21.1,7.2,0.0,1.576923076923077,0
2022-06-14,15.7,26.1,7.2,0.0,1.2752747252747252,0
2022-06-15,14.4,25.0,6.7,0.0,1.2752747252747254,0
2022-06-16,13.1,20.6,5.6,0.0,1.270879120879121,0
2022-06-17,13.9,20.6,10.6,0.0,1.270879120879121,0
2022-06-18,13.2,19.4,6.7,0.0,1.270879120879121,0
2022-06-19,15.2,26.7,6.1,0.0,1.270879120879121,0
2022-06-20,17.9,28.3,6.1,0.0,1.270879120879121,0
2022-06-21,25.7,37.2,13.9,0.0,1.270879120879121,0
2022-06-22,22.2,35.0,16.1,0.3,1.272527472527473,0
2022-06-23,20.9,30.6,12.2,0.0,1.0406593406593407,0
2022-06-24,19.4,28.9,11.7,0.0,1.0000000000000002,0
2022-06-25,18.1,28.3,8.3,0.0,0.9247252747252748,0
2022-06-26,17.2,28.3,8.3,0.0,0.914835164835165,0
2022-06-27,16.4,28.9,7.2,0.0,0.8813186813186815,0
2022-06-28,15.8,25.0,7.8,0.0,0.8813186813186815,0
2022-06-29,14.2,21.7,9.4,0.0,0.6384615384615385,0
2022-06-30,13.2,20.0,10.0,0.0,0.2796703296703298,0
2022-07-01,13.6,21.1,10.0,0.0,0.2796703296703298,0
2022-07-02,11.9,14.4,10.6,0.0,0.2796703296703298,0
2022-07-03,12.3,18.9,8.3,0.0,0.2796703296703298,0
2022-07-04,17.6,25.6,9.4,0.0,0.2796703296703298,0
2022-07-05,18.3,23.3,14.4,0.0,0.2796703296703298,0
2022-07-06,16.7,22.8,13.3,0.0,0.2796703296703298,0
2022-07-07,15.7,23.3,9.4,0.0,0.2796703296703298,0
2022-07-08,15.6,24.4,7.8,0.0,0.2796703296703298,0
2022-07-09,16.0,23.3,8.9,0.0,0.2796703296703298,0
2022-07-10,19.7,30.6,8.3,0.0,0.2796703296703298,0
2022-07-11,19.9,30.0,11.7,0.0,0.2796703296703298,0
2022-07-12,17.3,26.1,10.6,0.0,0.2796703296703298,0
2022-07-13,17.2,25.6,12.2,0.0,0.2796703296703298,0
2022-07-14,15.7,24.4,10.6,0.0,0.2796703296703298,0
2022-07-15,15.2,22.8,9.4,0.0,0.2796703296703298,0
2022-07-16,16.3,27.8,6.7,0.0,0.2780219780219781,0
2022-07-17,17.0,28.3,8.3,0.0,0.2780219780219781,0
2022-07-18,18.4,28.9,9.4,0.0,0.2527472527472528,0
2022-07-19,15.4,25.0,8.3,0.0,0.2527472527472528,0
2022-07-20,15.4,25.6,8.9,0.0,0.2527472527472528,0
2022-07-21,15.4,27.2,7.8,0.0,0.2527472527472528,0
2022-07-22,15.3,26.1,6.7,0.0,0.2527472527472528,0
2022-07-23,14.6,23.9,8.9,0.0,0.2527472527472528,0
2022-07-24,14.3,23.9,7.8,0.0,0.2527472527472528,0
2022-07-25,15.3,23.9,8.9,0.0,0.2527472527472528,0
2022-07-26,16.9,25.0,11.1,0.0,0.2527472527472528,0
2022-07-27,16.1,24.4,8.9,0.0,0.2527472527472528,0
2022-07-28,15.8,24.4,7.8,0.0,0.2527472527472528,0
2022-07-29,16.2,23.3,12.8,0.0,0.2527472527472528,0
2022-07-30,16.4,21.7,13.3,0.0,0.2527472527472528,0
2022-07-31,17.8,24.4,13.3,0.0,0.2527472527472528,0
2022-08-01,19.9,28.9,13.3,0.0,0.2527472527472528,0
2022-08-02,19.4,28.9,12.8,0.0,0.2527472527472528,0
2022-08-03,19.1,27.2,11.7,0.0,0.2527472527472528,0
2022-08-04,18.6,28.3,12.2,0.0,0.2527472527472528,0
2022-08-05,18.4,26.1,13.9,0.0,0.2527472527472528,0
2022-08-06,17.2,24.4,10.6,0.0,0.2527472527472528,0
2022-08-07,16.2,23.9,10.0,0.0,0.2527472527472528,0
2022-08-08,16.7,25.0,9.4,0.0,0.2527472527472528,0
2022-08-09,17.3,25.6,10.0,0.0,0.2527472527472528,0
2022-08-10,17.3,25.6,9.4,0.0,0.2527472527472528,0
2022-08-11,17.1,25.0,10.0,0.0,0.2527472527472528,0
2022-08-12,16.6,23.9,9.4,0.0,0.2527472527472528,0
2022-08-13,16.4,25.6,7.8,0.0,0.2527472527472528,0
2022-08-14,16.6,27.2,8.9,0.0,0.2527472527472528,0
2022-08-15,17.8,29.4,8.3,0.0,0.2527472527472528,0
2022-08-16,21.7,33.9,11.1,0.0,0.2445054945054946,0
2022-08-17,19.3,31.1,12.2,0.0,0.2445054945054946,0
2022-08-18,17.1,27.8,10.0,0.0,0.2445054945054946,0
2022-08-19,16.6,25.0,11.1,0.0,0.2445054945054946,0
2022-08-20,17.0,28.9,8.9,0.0,0.2445054945054946,0
2022-08-21,16.8,26.7,8.9,0.0,0.2445054945054946,0
2022-08-22,18.0,28.9,9.4,0.0,0.2445054945054946,0
2022-08-23,17.7,27.8,11.1,0.0,0.2445054945054946,0
2022-08-24,15.4,24.4,8.9,0.0,0.2445054945054946,0
2022-08-25,15.6,25.0,8.3,0.0,0.2445054945054946,0
2022-08-26,16.8,26.7,9.4,0.0,0.2445054945054946,0
2022-08-27,15.7,25.0,8.9,0.0,0.2445054945054946,0
2022-08-28,16.2,25.0,10.6,0.0,0.2445054945054946,0
2022-08-29,16.6,25.0,10.0,0.0,0.2445054945054946,0
2022-08-30,16.3,25.6,9.4,0.0,0.2445054945054946,0
2022-08-31,15.5,26.1,7.2,0.0,0.2445054945054946,0
2022-09-01,17.8,30.0,8.3,0.0,0.2445054945054946,0
2022-09-02,16.0,26.7,8.3,0.0,0.2445054945054946,0
2022-09-03,19.3,28.9,11.1,0.0,0.2335164835164836,0
2022-09-04,24.5,38.3,11.7,0.0,0.2335164835164836,0
2022-09-05,30.1,42.2,20.0,0.0,0.2335164835164836,0
2022-09-06,31.7,42.8,21.1,0.0,0.2335164835164836,0
2022-09-07,27.5,38.9,20.0,0.0,0.2335164835164836,0
2022-09-08,28.8,40.0,18.9,0.0,0.2335164835164836,0
2022-09-09,21.8,31.7,13.3,3.0,0.2500000000000001,0
2022-09-10,19.4,25.0,13.3,6.1,0.2835164835164836,0
2022-09-11,20.9,27.2,15.0,0.3,0.2851648351648352,0
2022-09-12,17.3,23.9,13.9,0.0,0.2851648351648352,0
2022-09-13,16.4,22.8,12.8,0.0,0.2851648351648352,0
2022-09-14,16.7,22.2,12.2,0.0,0.2851648351648352,0
2022-09-15,15.5,22.2,10.6,0.0,0.2851648351648352,0
2022-09-16,16.7,23.3,12.8,0.0,0.2851648351648352,0
2022-09-17,15.2,20.6,12.2,0.0,0.2835164835164836,0
2022-09-18,14.7,17.2,12.8,0.0,0.2835164835164836,0
2022-09-19,15.7,23.3,10.0,0.0,0.2835164835164836,0
2022-09-20,15.6,22.8,9.4,0.0,0.2835164835164836,0
2022-09-21,15.2,21.7,9.4,0.0,0.2835164835164836,0
2022-09-22,15.9,26.1,8.3,0.0,0.2835164835164836,0
2022-09-23,19.3,29.4,11.1,0.0,0.2835164835164836,0
2022-09-24,19.3,28.9,12.2,0.0,0.2835164835164836,0
2022-09-25,15.4,24.4,10.6,0.0,0.2835164835164836,0
2022-09-26,14.7,23.3,10.6,0.0,0.0994505494505495,0
2022-09-27,14.2,22.8,8.9,0.0,0.0994505494505495,0
2022-09-28,15.8,25.6,7.8,0.0,0.0994505494505495,0
2022-09-29,16.5,26.7,10.0,0.0,0.0994505494505495,0
2022-09-30,18.1,29.4,11.1,0.0,0.0994505494505495,0
2022-10-01,14.4,22.2,8.9,0.0,0.0994505494505495,0
2022-10-02,15.9,23.3,10.0,0.0,0.0994505494505495,0
2022-10-03,14.6,23.3,8.9,0.0,0.0994505494505495,0
2022-10-04,14.1,22.2,10.6,0.0,0.0994505494505495,0
2022-10-05,15.1,26.1,7.8,0.0,0.0994505494505495,0
2022-10-06,15.1,25.0,7.8,0.0,0.0994505494505495,0
2022-10-07,15.8,26.7,8.9,0.0,0.0994505494505495,0
2022-10-08,15.5,27.2,9.4,0.0,0.0994505494505495,0
2022-10-09,13.3,21.7,6.7,0.0,0.0994505494505495,0
2022-10-10,13.9,25.6,8.3,0.0,0.0994505494505495,0
2022-10-11,13.1,22.8,6.1,0.0,0.0994505494505495,0
2022-10-12,13.9,23.3,8.3,0.0,0.0994505494505495,0
2022-10-13,13.6,20.0,10.0,0.0,0.0994505494505495,0
2022-10-14,13.1,22.2,7.2,0.0,0.0994505494505495,0
2022-10-15,13.7,20.0,10.0,0.5,0.1021978021978022,0
2022-10-16,14.0,18.3,8.3,0.0,0.1021978021978022,0
2022-10-17,14.3,23.3,7.8,0.0,0.1021978021978022,0
2022-10-18,20.4,28.9,11.1,0.0,0.1021978021978022,0
2022-10-19,25.1,33.9,16.1,0.0,0.1021978021978022,0
2022-10-20,17.2,27.8,8.3,0.0,0.0631868131868132,0
2022-10-21,12.6,20.6,6.7,0.0,0.0560439560439561,0
2022-10-22,12.3,17.2,5.0,0.0,0.0560439560439561,0
2022-10-23,11.1,18.9,3.9,0.0,0.0560439560439561,0
2022-10-24,14.3,23.3,8.3,0.0,0.0560439560439561,0
2022-10-25,10.8,18.9,4.4,0.0,0.0560439560439561,0
2022-10-26,9.4,18.9,3.3,0.0,0.0560439560439561,0
2022-10-27,11.8,21.1,4.4,0.0,0.0560439560439561,0
2022-10-28,10.3,20.0,4.4,0.0,0.0560439560439561,0
2022-10-29,12.7,22.8,3.9,0.0,0.0560439560439561,0
2022-10-30,11.8,21.7,6.1,0.0,0.0560439560439561,0
2022-10-31,10.6,18.3,5.0,0.0,0.0560439560439561,0
2022-11-01,9.9,12.8,5.6,0.3,0.0576923076923077,0
2022-11-02,8.6,13.9,4.4,2.8,0.0730769230769231,0
2022-11-03,6.9,15.0,1.7,0.0,0.0730769230769231,0
2022-11-04,10.3,18.9,2.8,0.0,0.0730769230769231,0
2022-11-05,12.6,14.4,10.0,0.0,0.0730769230769231,0
2022-11-06,10.8,14.4,6.7,0.0,0.0730769230769231,0
2022-11-07,9.2,14.4,6.1,3.8,0.093956043956044,0
2022-11-08,7.3,9.4,5.6,43.4,0.3324175824175825,0
2022-11-09,7.8,15.0,3.3,0.0,0.3324175824175824,0
2022-11-10,8.0,14.4,3.3,0.0,0.3324175824175824,0
2022-11-11,7.8,16.7,2.2,0.0,0.3324175824175824,0
2022-11-12,8.3,15.0,2.8,0.0,0.3324175824175824,0
2022-11-13,8.7,15.0,2.2,0.0,0.3324175824175824,0
2022-11-14,8.2,17.2,1.1,0.0,0.3324175824175824,0
2022-11-15,11.1,17.2,6.1,0.0,0.3324175824175824,0
2022-11-16,12.3,19.4,5.6,0.0,0.3324175824175824,0
2022-11-17,10.9,21.7,3.9,0.0,0.3324175824175824,0
2022-11-18,10.6,19.4,3.3,0.0,0.3324175824175824,0
2022-11-19,12.1,21.7,5.6,0.0,0.3324175824175824,0
2022-11-20,12.1,22.8,6.7,0.0,0.3324175824175824,0
2022-11-21,11.4,21.1,5.0,0.0,0.3324175824175824,0
2022-11-22,12.3,22.2,6.1,0.0,0.3324175824175824,0
2022-11-23,13.3,20.0,5.0,0.0,0.3324175824175824,0
2022-11-24,15.2,23.9,8.3,0.0,0.3324175824175824,0
2022-11-25,15.1,23.9,6.7,0.0,0.3324175824175824,0
2022-11-26,11.0,17.8,5.0,0.0,0.3324175824175824,0
2022-11-27,10.1,21.1,4.4,0.0,0.3324175824175824,0
2022-11-28,7.6,14.4,2.2,0.0,0.3324175824175824,0
2022-11-29,6.1,15.6,1.1,0.0,0.3324175824175824,0
2022-11-30,6.5,15.0,0.0,0.0,0.3324175824175824,0
2022-12-01,6.4,9.4,1.1,0.0,0.3324175824175824,0
2022-12-02,5.3,12.2,-0.6,3.0,0.3489010989010989,0
2022-12-03,8.6,10.6,6.1,0.0,0.3489010989010989,0
2022-12-04,9.7,14.4,5.6,0.5,0.3516483516483517,0
2022-12-05,9.5,12.8,6.1,0.0,0.3516483516483517,0
2022-12-06,7.4,12.8,3.9,0.0,0.3516483516483517,0
2022-12-07,6.4,13.9,2.2,0.0,0.3516483516483517,0
2022-12-08,7.1,11.7,2.2,0.0,0.3516483516483517,0
2022-12-09,7.9,12.8,2.2,0.0,0.3516483516483517,0
2022-12-10,10.4,12.8,6.7,0.0,0.3516483516483517,0
2022-12-11,6.6,10.6,5.0,21.1,0.4675824175824176,0
2022-12-12,5.7,11.1,0.6,6.6,0.5038461538461538,0
2022-12-13,4.3,12.2,0.0,0.0,0.5038461538461538,0
2022-12-14,5.7,14.4,0.6,0.0,0.5038461538461538,0
2022-12-15,7.8,13.9,2.8,0.0,0.5038461538461538,0
2022-12-16,7.8,16.7,3.3,0.0,0.5038461538461538,0
2022-12-17,8.1,18.3,2.2,0.0,0.5038461538461538,0
2022-12-18,6.7,15.0,1.7,0.0,0.5038461538461538,0
2022-12-19,6.9,15.0,1.1,0.0,0.5038461538461538,0
2022-12-20,8.9,15.6,5.6,0.0,0.5038461538461538,0
2022-12-21,10.3,18.3,4.4,0.0,0.5021978021978022,0
2022-12-22,11.2,17.8,7.8,0.0,0.5021978021978022,0
2022-12-23,12.2,18.3,8.9,0.0,0.5021978021978022,0
2022-12-24,13.4,20.0,6.1,0.0,0.5021978021978022,0
2022-12-25,15.4,22.8,10.0,0.0,0.5021978021978022,0
2022-12-26,12.1,16.7,8.9,0.0,0.5021978021978022,0
2022-12-27,11.4,13.9,6.7,11.4,0.5648351648351649,0
2022-12-28,7.6,12.8,3.3,0.3,0.5664835164835166,0
2022-12-29,9.3,12.2,7.2,0.0,0.5664835164835166,0
2022-12-30,13.5,14.4,12.2,0.3,0.5681318681318681,0
2022-12-31,11.7,13.9,8.3,28.2,0.7230769230769232,0
2023-01-01,8.9,15.0,4.4,0.3,0.7247252747252747,0
2023-01-02,7.0,8.9,3.9,0.8,0.7291208791208792,0
2023-01-03,9.6,12.2,8.3,1.5,0.7373626373626374,0
2023-01-04,11.3,13.3,8.9,11.7,0.8016483516483517,0
2023-01-05,10.1,12.8,7.8,34.8,0.992857142857143,0
2023-01-06,10.3,13.3,7.2,0.0,0.992857142857143,0
2023-01-07,10.2,13.3,8.3,0.0,0.992857142857143,0
2023-01-08,12.4,15.6,10.6,0.0,0.992857142857143,0
2023-01-09,12.1,13.9,8.3,51.8,1.2774725274725274,0
2023-01-10,10.6,12.8,8.3,33.3,1.4604395604395606,0
2023-01-11,10.3,12.2,8.3,0.0,1.4604395604395606,0
2023-01-12,13.5,17.2,11.1,0.0,1.4604395604395606,0
2023-01-13,11.6,12.8,8.9,0.0,1.4604395604395606,0
2023-01-14,10.7,12.2,7.8,46.2,1.7142857142857142,0
2023-01-15,8.1,10.0,6.1,17.5,1.8104395604395604,0
2023-01-16,7.1,10.6,5.0,10.4,1.8675824175824176,0
2023-01-17,6.3,13.3,1.7,0.0,1.8675824175824176,0
2023-01-18,8.0,13.9,3.3,0.0,1.8675824175824176,0
2023-01-19,6.3,10.6,2.8,0.0,1.8675824175824176,0
2023-01-20,7.2,11.7,3.9,0.0,1.8675824175824176,0
2023-01-21,7.7,14.4,2.2,0.0,1.8675824175824176,0
2023-01-22,8.4,13.9,2.2,0.0,1.8675824175824176,0
2023-01-23,9.0,15.0,3.9,0.0,1.8675824175824176,0
2023-01-24,11.2,17.2,5.6,0.0,1.8675824175824176,0
2023-01-25,13.2,18.3,5.0,0.0,1.8675824175824176,0
2023-01-26,12.8,18.9,5.6,0.0,1.8675824175824176,0
2023-01-27,8.8,17.2,3.9,0.0,1.8675824175824176,0
2023-01-28,8.4,16.1,3.9,0.0,1.8675824175824176,0
2023-01-29,6.7,9.4,5.0,4.6,1.8928571428571428,0
2023-01-30,6.4,11.1,1.7,14.5,1.9725274725274728,0
2023-01-31,8.0,15.6,1.7,0.0,1.9725274725274728,0
2023-02-01,7.5,16.7,1.1,0.0,1.9725274725274728,0
2023-02-02,10.4,17.8,1.7,0.0,1.9725274725274728,0
2023-02-03,9.7,11.7,7.2,0.0,1.9725274725274728,0
2023-02-04,10.6,13.3,8.3,0.0,1.9725274725274728,0
2023-02-05,8.2,10.6,4.4,0.8,1.976923076923077,0
2023-02-06,7.3,14.4,2.8,0.0,1.976923076923077,0
2023-02-07,8.2,16.1,2.2,0.0,1.976923076923077,0
2023-02-08,11.4,19.4,5.0,0.0,1.976923076923077,0
2023-02-09,12.4,22.8,5.0,0.0,1.976923076923077,0
2023-02-10,7.2,13.3,2.8,0.0,1.976923076923077,0
2023-02-11,6.0,8.9,1.7,0.0,1.976923076923077,0
2023-02-12,9.0,18.9,2.2,0.0,1.976923076923077,0
2023-02-13,7.2,13.3,2.8,0.0,1.976923076923077,0
2023-02-14,6.2,11.1,3.3,0.0,1.976923076923077,0
2023-02-15,6.2,12.8,0.0,0.0,1.976923076923077,0
2023-02-16,6.5,15.0,-0.6,0.0,1.976923076923077,0
2023-02-17,7.4,17.2,1.1,0.0,1.976923076923077,0
2023-02-18,8.9,18.9,1.7,0.0,1.976923076923077,0
2023-02-19,10.6,18.9,3.9,0.0,1.976923076923077,0
2023-02-20,11.3,21.1,5.6,0.0,1.976923076923077,0
2023-02-21,7.3,11.1,5.0,0.0,1.976923076923077,0
2023-02-22,4.8,10.0,0.6,0.0,1.976923076923077,0
2023-02-23,3.9,7.8,0.0,3.0,1.9934065934065932,0
2023-02-24,3.4,8.9,0.0,58.2,2.3131868131868134,0
2023-02-25,4.2,10.6,0.6,52.8,2.603296703296704,0
2023-02-26,5.2,7.8,1.7,1.8,2.613186813186813,0
2023-02-27,4.7,7.2,1.7,10.7,2.6719780219780223,0
2023-02-28,6.0,8.9,3.3,23.9,2.803296703296703,0
2023-03-01,5.8,11.7,0.0,6.9,2.8412087912087918,0
2023-03-02,8.3,13.9,2.8,0.0,2.8412087912087918,0
2023-03-03,8.0,15.0,3.3,0.0,2.8412087912087918,0
2023-03-04,5.8,9.4,2.8,0.0,2.8412087912087918,0
2023-03-05,5.6,9.4,1.1,1.3,2.8483516483516484,0
2023-03-06,5.7,12.2,1.1,0.3,2.85,0
2023-03-07,5.6,11.7,1.1,0.0,2.85,0
2023-03-08,6.6,13.3,0.6,0.0,2.85,0
2023-03-09,7.2,11.7,0.6,0.0,2.85,0
2023-03-10,10.5,12.8,8.3,20.6,2.9467032967032964,0
2023-03-11,11.6,14.4,8.9,3.0,2.929670329670329,0
2023-03-12,11.5,12.8,11.1,0.0,2.928021978021978,0
2023-03-13,12.7,16.7,10.6,0.0,2.928021978021978,0
2023-03-14,10.6,13.9,6.1,48.0,3.191758241758241,0
2023-03-15,7.6,15.0,2.8,31.0,3.362087912087912,0
2023-03-16,7.9,16.1,2.2,0.0,3.362087912087912,0
2023-03-17,9.5,18.9,2.8,0.0,3.362087912087912,0
2023-03-18,13.1,18.9,6.1,0.0,3.362087912087912,0
2023-03-19,9.7,12.8,8.3,2.5,3.375824175824176,0
2023-03-20,8.6,13.9,5.6,3.3,3.3939560439560443,0
2023-03-21,6.9,9.4,5.6,36.3,3.593406593406593,0
2023-03-22,8.4,13.9,6.1,8.4,3.63956043956044,0
2023-03-23,8.2,12.2,4.4,0.5,3.642307692307692,0
2023-03-24,7.2,13.3,2.2,0.0,3.642307692307692,0
2023-03-25,6.4,13.9,0.0,0.0,3.642307692307692,0
2023-03-26,5.7,13.3,-0.6,0.0,3.642307692307692,0
2023-03-27,7.6,16.7,-1.7,0.0,3.642307692307692,0
2023-03-28,7.3,9.4,6.1,0.0,3.642307692307692,0
2023-03-29,6.6,10.0,3.9,23.4,3.770879120879121,0
2023-03-30,6.9,13.9,2.2,10.4,3.828021978021978,0
2023-03-31,7.2,15.0,1.1,0.0,3.828021978021978,0
2023-04-01,8.9,16.7,1.1,0.0,3.828021978021978,0
2023-04-02,8.6,12.8,6.1,0.0,3.828021978021978,0
2023-04-03,7.1,11.7,1.7,0.0,3.828021978021978,0
2023-04-04,6.9,13.3,-1.1,0.0,3.828021978021978,0
2023-04-05,7.9,13.9,2.2,0.0,3.828021978021978,0
2023-04-06,9.2,18.9,1.7,0.0,3.828021978021978,0
2023-04-07,10.1,12.8,8.3,0.0,3.828021978021978,0
2023-04-08,11.6,18.3,6.7,0.0,3.828021978021978,0
2023-04-09,13.9,22.8,5.6,0.0,3.828021978021978,0
2023-04-10,13.9,23.3,7.8,0.0,3.828021978021978,0
2023-04-11,11.0,16.7,6.1,0.0,3.828021978021978,0
2023-04-12,7.7,12.2,2.2,0.3,3.82967032967033,0
2023-04-13,9.0,16.1,2.2,1.3,3.8368131868131874,0
2023-04-14,9.8,15.0,6.1,0.0,3.8368131868131874,0
2023-04-15,9.8,16.1,6.1,0.0,3.834065934065935,0
2023-04-16,10.6,16.7,6.1,0.0,3.834065934065935,0
2023-04-17,10.1,14.4,7.2,0.0,3.834065934065935,0
2023-04-18,8.6,14.4,2.8,0.0,3.834065934065935,0
2023-04-19,8.4,15.6,2.2,0.0,3.834065934065935,0
2023-04-20,10.9,18.9,2.2,0.0,3.834065934065935,0
2023-04-21,15.4,23.3,7.2,0.0,3.834065934065935,0
2023-04-22,12.2,21.1,6.1,0.0,3.834065934065935,0
2023-04-23,10.7,15.6,7.8,0.0,3.834065934065935,0
2023-04-24,10.3,17.8,3.9,0.0,3.834065934065935,0
2023-04-25,13.2,25.0,2.8,0.0,3.834065934065935,0
2023-04-26,16.4,26.1,6.7,0.0,3.834065934065935,0
2023-04-27,18.1,29.4,8.9,0.0,3.834065934065935,0
2023-04-28,15.0,23.9,8.9,0.0,3.834065934065935,0
2023-04-29,12.8,21.7,6.1,0.0,3.834065934065935,0
2023-04-30,10.2,15.0,7.2,0.0,3.834065934065935,0
2023-05-01,8.9,12.2,7.2,1.0,3.83956043956044,0
2023-05-02,8.9,12.2,6.1,0.0,3.837912087912088,0
2023-05-03,9.6,12.8,7.2,0.8,3.826923076923077,0
2023-05-04,9.6,13.3,6.7,11.9,3.892307692307692,0
2023-05-05,10.7,15.6,7.8,0.0,3.892307692307692,0
2023-05-06,11.5,15.0,9.4,0.0,3.892307692307692,0
2023-05-07,11.7,17.8,5.6,0.0,3.892307692307692,0
2023-05-08,9.9,16.7,4.4,0.0,3.871428571428571,0
2023-05-09,11.0,17.8,4.4,0.0,3.632967032967033,0
2023-05-10,10.7,15.6,8.9,0.0,3.632967032967033,0
2023-05-11,10.9,13.9,8.9,0.0,3.632967032967033,0
2023-05-12,12.8,20.0,8.3,0.0,3.632967032967033,0
2023-05-13,17.9,28.9,7.2,0.0,3.632967032967033,0
2023-05-14,16.4,24.4,8.9,0.0,3.632967032967033,0
2023-05-15,15.2,22.2,10.0,0.0,3.632967032967033,0
2023-05-16,15.0,26.1,8.3,0.0,3.632967032967033,0
2023-05-17,14.2,23.9,7.8,0.0,3.632967032967033,0
2023-05-18,13.1,21.1,7.8,0.0,3.632967032967033,0
2023-05-19,13.3,20.6,8.9,0.0,3.632967032967033,0
2023-05-20,12.4,18.9,9.4,0.0,3.632967032967033,0
2023-05-21,13.4,22.8,9.4,0.0,3.632967032967033,0
2023-05-22,13.6,22.8,7.8,0.0,3.632967032967033,0
2023-05-23,11.9,18.3,8.9,0.3,3.6346153846153846,0
2023-05-24,12.2,18.9,8.9,0.0,3.6346153846153846,0
2023-05-25,11.3,14.4,8.9,0.0,3.6346153846153846,0
2023-05-26,11.7,15.6,9.4,0.0,3.6346153846153846,0
2023-05-27,12.9,20.0,8.9,0.0,3.6346153846153846,0
2023-05-28,10.7,13.3,9.4,0.0,3.6346153846153846,0
2023-05-29,12.7,19.4,7.8,0.0,3.6346153846153846,0
2023-05-30,12.8,19.4,7.2,0.0,3.6346153846153846,0
2023-05-31,11.9,18.9,8.9,0.0,3.6346153846153846,0
2023-06-01,12.1,18.9,8.9,0.0,3.6346153846153846,0
2023-06-02,13.1,20.0,8.9,0.0,3.618131868131868,0
2023-06-03,14.1,23.3,6.7,0.0,3.618131868131868,0
2023-06-04,13.8,23.3,6.7,0.0,3.615384615384616,0
2023-06-05,14.0,22.2,10.0,0.0,3.615384615384616,0
2023-06-06,13.3,16.1,12.2,0.0,3.615384615384616,0
2023-06-07,13.2,18.9,8.9,0.0,3.615384615384616,0
2023-06-08,14.7,21.7,7.8,0.0,3.615384615384616,0
2023-06-09,14.0,20.6,10.6,0.0,3.615384615384616,0
2023-06-10,12.3,17.8,10.0,0.0,3.615384615384616,0
2023-06-11,12.7,18.3,10.0,0.0,3.49945054945055,0
2023-06-12,14.6,22.2,10.0,0.0,3.4631868131868138,0
2023-06-13,14.7,21.7,11.7,0.0,3.4631868131868138,0
2023-06-14,14.9,23.3,10.6,0.0,3.4631868131868138,0
2023-06-15,15.5,24.4,10.6,0.0,3.4631868131868138,0
2023-06-16,15.9,23.3,10.6,0.0,3.4631868131868138,0
2023-06-17,15.8,23.9,11.1,0.0,3.4631868131868138,0
2023-06-18,14.3,21.7,9.4,0.0,3.4631868131868138,0
2023-06-19,12.9,18.3,7.8,0.0,3.4631868131868138,0
2023-06-20,12.7,21.1,6.7,0.0,3.4631868131868138,0
2023-06-21,12.7,20.0,7.2,0.0,3.4631868131868138,0
2023-06-22,12.5,17.8,8.9,0.0,3.4631868131868138,0
2023-06-23,12.2,16.1,10.6,0.0,3.4631868131868138,0
2023-06-24,13.7,20.0,10.6,0.0,3.4631868131868138,0
2023-06-25,13.3,20.0,10.0,0.0,3.4631868131868138,0
2023-06-26,12.5,20.0,10.0,0.0,3.4631868131868138,0
2023-06-27,11.9,16.7,10.0,0.0,3.400549450549451,0
2023-06-28,12.9,20.6,9.4,0.0,3.398901098901099,0
2023-06-29,15.6,26.1,6.7,0.0,3.398901098901099,0
2023-06-30,19.2,31.1,8.9,0.0,3.397252747252748,0
2023-07-01,24.0,36.1,10.6,0.0,3.2423076923076923,0
2023-07-02,23.0,33.3,12.8,0.0,3.240659340659341,0
2023-07-03,17.3,26.1,11.1,0.0,3.2362637362637363,0
2023-07-04,16.1,24.4,11.1,0.0,3.228021978021978,0
2023-07-05,15.4,22.8,10.6,0.0,3.163736263736264,0
2023-07-06,14.7,21.1,11.1,0.0,2.9725274725274726,0
2023-07-07,12.2,14.4,10.6,0.0,2.9725274725274726,0
2023-07-08,12.6,17.2,10.0,0.0,2.9725274725274726,0
2023-07-09,13.9,21.1,10.0,0.0,2.9725274725274726,0
2023-07-10,14.1,21.7,8.3,0.0,2.687912087912088,0
2023-07-11,15.7,26.7,6.1,0.0,2.504945054945055,0
2023-07-12,15.1,25.0,6.7,0.0,2.504945054945055,0
2023-07-13,17.6,29.4,7.8,0.0,2.504945054945055,0
2023-07-14,16.8,27.8,8.3,0.0,2.504945054945055,0
2023-07-15,18.6,31.1,8.3,0.0,2.251098901098901,0
2023-07-16,20.6,30.6,10.0,0.0,2.154945054945055,0
2023-07-17,18.6,28.9,11.1,0.0,2.097802197802198,0
2023-07-18,16.0,26.1,10.0,0.0,2.097802197802198,0
2023-07-19,14.9,23.3,10.0,0.0,2.097802197802198,0
2023-07-20,15.6,26.7,8.9,0.0,2.097802197802198,0
2023-07-21,17.8,30.6,8.3,0.0,2.097802197802198,0
2023-07-22,18.6,31.7,7.2,0.0,2.097802197802198,0
2023-07-23,18.1,28.3,10.0,0.0,2.097802197802198,0
2023-07-24,16.2,25.6,10.0,0.0,2.097802197802198,0
2023-07-25,18.8,28.9,9.4,0.0,2.097802197802198,0
2023-07-26,16.7,25.6,10.0,0.0,2.097802197802198,0
2023-07-27,15.5,24.4,9.4,0.0,2.097802197802198,0
2023-07-28,15.9,26.1,7.8,0.0,2.097802197802198,0
2023-07-29,16.3,26.7,8.9,0.0,2.097802197802198,0
2023-07-30,16.7,28.9,6.7,0.0,2.0725274725274723,0
2023-07-31,15.7,25.0,7.2,0.0,1.9928571428571429,0
2023-08-01,14.8,21.7,10.6,0.0,1.9928571428571429,0
2023-08-02,14.2,21.1,10.0,0.0,1.9928571428571429,0
2023-08-03,15.6,21.7,11.7,0.0,1.9928571428571429,0
2023-08-04,15.9,23.9,11.7,0.0,1.9928571428571429,0
2023-08-05,16.9,27.8,10.6,0.0,1.9928571428571429,0
2023-08-06,18.8,31.1,8.9,0.0,1.9884615384615385,0
2023-08-07,18.9,29.4,11.7,0.0,1.9884615384615385,0
2023-08-08,16.1,23.3,10.6,0.0,1.9884615384615385,0
2023-08-09,16.9,26.1,11.7,0.0,1.9884615384615385,0
2023-08-10,16.9,25.6,8.9,0.0,1.9884615384615385,0
2023-08-11,17.1,23.9,13.3,0.0,1.9884615384615385,0
2023-08-12,18.4,29.4,10.6,0.0,1.9884615384615385,0
2023-08-13,20.8,30.0,11.7,0.0,1.9884615384615385,0
2023-08-14,19.6,28.9,13.9,0.0,1.9884615384615385,0
2023-08-15,20.6,30.6,12.2,0.0,1.9884615384615385,0
2023-08-16,21.2,29.4,13.9,0.0,1.9884615384615385,0
2023-08-17,18.4,27.2,12.2,0.0,1.9884615384615385,0
2023-08-18,17.8,26.1,12.2,0.0,1.9884615384615385,0
2023-08-19,17.6,26.7,10.6,0.0,1.9884615384615385,0
2023-08-20,21.6,32.8,11.1,63.0,2.3346153846153843,0
2023-08-21,17.3,20.6,12.8,13.0,2.406043956043956,0
2023-08-22,19.3,26.7,14.4,0.0,2.406043956043956,0
2023-08-23,22.6,32.8,13.9,0.0,2.406043956043956,0
2023-08-24,20.1,28.3,13.9,0.0,2.3895604395604395,0
2023-08-25,16.7,23.3,12.8,0.0,2.0697802197802195,0
2023-08-26,15.4,23.3,11.1,0.0,1.7796703296703296,0
2023-08-27,15.8,25.6,7.8,0.0,1.7697802197802197,0
2023-08-28,16.4,27.8,9.4,0.0,1.710989010989011,0
2023-08-29,16.4,26.1,7.8,0.0,1.5796703296703296,0
2023-08-30,23.1,33.9,13.3,0.0,1.5417582417582416,0
2023-08-31,15.4,21.7,9.4,0.0,1.5417582417582416,0
2023-09-01,14.7,17.2,10.6,0.0,1.5417582417582416,0
2023-09-02,14.9,20.0,10.0,0.8,1.546153846153846,0
2023-09-03,17.4,23.3,13.9,0.0,1.539010989010989,0
2023-09-04,16.4,22.2,13.3,0.0,1.5373626373626377,0
2023-09-05,15.8,25.0,9.4,0.0,1.5373626373626377,0
2023-09-06,15.9,25.0,8.3,0.0,1.5373626373626377,0
2023-09-07,16.1,24.4,10.6,0.0,1.5373626373626377,0
2023-09-08,17.7,28.3,8.3,0.0,1.4241758241758242,0
2023-09-09,16.7,26.7,10.0,0.0,1.4076923076923076,0
2023-09-10,14.6,26.1,6.1,0.0,1.4076923076923076,0
2023-09-11,15.7,24.4,8.3,0.0,1.4076923076923076,0
2023-09-12,15.7,23.9,10.0,0.0,1.143956043956044,0
2023-09-13,15.0,24.4,8.9,0.0,0.9736263736263736,0
2023-09-14,16.2,24.4,10.0,0.0,0.9736263736263736,0
2023-09-15,16.7,24.4,13.3,0.0,0.9736263736263736,0
2023-09-16,16.1,23.3,13.3,0.0,0.9736263736263736,0
2023-09-17,16.7,23.9,10.0,0.0,0.9598901098901098,0
2023-09-18,15.7,23.9,9.4,0.0,0.9417582417582416,0
2023-09-19,15.5,23.9,9.4,0.0,0.7423076923076924,0
2023-09-20,15.7,24.4,11.7,0.0,0.6961538461538461,0
2023-09-21,15.2,23.3,9.4,0.0,0.6934065934065934,0
2023-09-22,13.9,22.2,7.8,0.0,0.6934065934065934,0
2023-09-23,13.2,21.7,8.3,0.0,0.6934065934065934,0
2023-09-24,13.3,21.7,6.1,0.0,0.6934065934065934,0
2023-09-25,16.0,22.8,8.3,0.0,0.6934065934065934,0
2023-09-26,16.7,25.0,9.4,0.0,0.6934065934065934,0
2023-09-27,15.3,24.4,7.8,0.0,0.5648351648351649,0
2023-09-28,15.3,25.0,8.9,0.0,0.5076923076923078,0
2023-09-29,13.2,17.2,8.3,0.0,0.5076923076923078,0
2023-09-30,12.1,13.9,11.1,0.5,0.5104395604395605,0
2023-10-01,13.4,20.6,8.3,0.0,0.5104395604395605,0
2023-10-02,13.5,22.2,7.2,0.0,0.5104395604395605,0
2023-10-03,16.6,24.4,8.9,0.0,0.5104395604395605,0
2023-10-04,21.6,30.0,12.8,0.0,0.5104395604395605,0
2023-10-05,23.1,32.8,15.0,0.0,0.5104395604395605,0
2023-10-06,24.3,35.0,16.7,0.0,0.5104395604395605,0
2023-10-07,24.7,35.0,14.4,0.0,0.5104395604395605,0
2023-10-08,17.0,26.7,11.1,0.0,0.5104395604395605,0
2023-10-09,15.1,20.6,11.1,0.0,0.5104395604395605,0
2023-10-10,15.4,21.7,11.7,0.0,0.5104395604395605,0
2023-10-11,13.4,20.0,7.8,0.0,0.5087912087912089,0
2023-10-12,14.7,25.0,7.8,0.0,0.5016483516483518,0
2023-10-13,14.6,23.3,8.9,0.0,0.5016483516483518,0
2023-10-14,16.0,24.4,11.1,0.0,0.5016483516483518,0
2023-10-15,16.8,26.1,10.0,0.0,0.5016483516483518,0
2023-10-16,16.4,25.6,10.0,0.0,0.5016483516483518,0
2023-10-17,17.2,26.7,11.7,0.0,0.5016483516483518,0
2023-10-18,21.7,32.2,12.8,0.0,0.5016483516483518,0
2023-10-19,22.7,34.4,12.8,0.0,0.5016483516483518,0
2023-10-20,14.3,22.2,10.0,0.0,0.5016483516483518,0
2023-10-21,13.7,20.6,8.9,0.0,0.5016483516483518,0
2023-10-22,14.5,16.1,12.8,0.0,0.5016483516483518,0
2023-10-23,15.1,20.6,11.7,0.0,0.5016483516483518,0
2023-10-24,13.7,21.7,8.9,0.0,0.5016483516483518,0
2023-10-25,12.8,17.2,10.0,0.0,0.5016483516483518,0
2023-10-26,9.9,17.8,3.9,0.0,0.5016483516483518,0
2023-10-27,9.1,17.8,2.8,0.0,0.5016483516483518,0
2023-10-28,11.0,18.3,3.9,0.0,0.5016483516483518,0
2023-10-29,14.8,21.7,10.6,0.0,0.5016483516483518,0
2023-10-30,14.7,23.3,7.2,0.0,0.4961538461538462,0
2023-10-31,14.8,26.1,7.2,0.0,0.4961538461538462,0
2023-11-01,16.4,28.9,8.9,0.0,0.4917582417582418,0
2023-11-02,18.1,28.3,10.6,0.0,0.4263736263736264,0
2023-11-03,18.1,27.8,11.7,0.0,0.4263736263736264,0
2023-11-04,16.0,26.1,6.7,0.0,0.4263736263736264,0
2023-11-05,15.7,22.8,7.8,0.0,0.4263736263736264,0
2023-11-06,14.4,18.9,12.2,0.0,0.4263736263736264,0
2023-11-07,11.8,18.3,6.7,0.0,0.4263736263736264,0
2023-11-08,11.7,18.9,4.4,0.0,0.4263736263736264,0
2023-11-09,10.1,20.6,3.9,0.0,0.4263736263736264,0
2023-11-10,12.1,21.1,5.0,0.0,0.4263736263736264,0
2023-11-11,14.8,22.2,9.4,0.0,0.4263736263736264,0
2023-11-12,14.3,24.4,8.9,0.0,0.4263736263736264,0
2023-11-13,12.4,20.0,7.8,0.0,0.4263736263736264,0
2023-11-14,14.4,21.1,10.0,0.0,0.4263736263736264,0
2023-11-15,14.9,20.6,11.1,8.6,0.4736263736263736,0
2023-11-16,14.4,18.9,11.7,0.0,0.4736263736263736,0
2023-11-17,14.3,19.4,10.6,0.0,0.4736263736263736,0
2023-11-18,13.4,15.0,10.0,0.5,0.4763736263736264,0
2023-11-19,10.9,16.7,5.6,0.0,0.4763736263736264,0
2023-11-20,12.4,18.3,7.2,0.0,0.4763736263736264,0
2023-11-21,12.7,23.3,7.2,0.0,0.4747252747252747,0
2023-11-22,13.9,23.3,6.7,0.0,0.4747252747252747,0
2023-11-23,12.1,20.0,6.7,0.0,0.4747252747252747,0
2023-11-24,10.3,15.0,7.2,0.0,0.4747252747252747,0
2023-11-25,10.2,15.0,5.0,0.0,0.4747252747252747,0
2023-11-26,9.9,17.8,5.0,0.0,0.4747252747252747,0
2023-11-27,11.6,20.6,5.0,0.0,0.4747252747252747,0
2023-11-28,11.1,19.4,5.0,0.0,0.4747252747252747,0
2023-11-29,10.9,17.8,5.6,0.0,0.4747252747252747,0
2023-11-30,9.9,14.4,5.6,0.0,0.4747252747252747,0
2023-12-01,10.0,16.1,4.4,0.0,0.4747252747252747,0
2023-12-02,11.6,13.3,10.0,0.0,0.4747252747252747,0
2023-12-03,11.1,15.0,7.2,0.0,0.4747252747252747,0
2023-12-04,12.2,18.3,7.2,0.0,0.4747252747252747,0
2023-12-05,14.3,23.3,8.9,0.0,0.4747252747252747,0
2023-12-06,11.2,15.0,7.8,0.0,0.4747252747252747,0
2023-12-07,8.8,13.9,3.3,0.0,0.4747252747252747,0
2023-12-08,7.1,12.8,2.8,0.0,0.4747252747252747,0
2023-12-09,10.2,15.0,6.1,0.0,0.4747252747252747,0
2023-12-10,10.3,19.4,4.4,0.0,0.4747252747252747,0
2023-12-11,10.6,17.8,5.6,0.0,0.4747252747252747,0
2023-12-12,9.8,17.2,5.0,0.0,0.4747252747252747,0
2023-12-13,10.8,16.7,5.6,0.0,0.4747252747252747,0
2023-12-14,11.1,20.6,5.0,0.0,0.4747252747252747,0
2023-12-15,12.8,21.1,7.8,0.0,0.4747252747252747,0
2023-12-16,14.3,24.4,8.3,0.0,0.4747252747252747,0
2023-12-17,14.7,17.2,10.6,0.0,0.4747252747252747,0
2023-12-18,13.7,15.0,11.1,0.5,0.4774725274725275,0
2023-12-19,13.6,15.0,12.2,4.8,0.5038461538461538,0
2023-12-20,11.3,13.9,10.0,10.4,0.560989010989011,0
2023-12-21,12.1,15.6,9.4,22.6,0.6851648351648353,0
2023-12-22,12.8,17.8,9.4,14.7,0.765934065934066,0
2023-12-23,9.6,18.3,3.3,0.0,0.765934065934066,0
2023-12-24,7.3,14.4,3.3,0.0,0.765934065934066,0
2023-12-25,8.6,17.2,2.8,0.0,0.765934065934066,0
2023-12-26,9.4,16.1,5.0,0.0,0.765934065934066,0
2023-12-27,11.6,12.2,10.6,0.0,0.765934065934066,0
2023-12-28,13.7,16.1,11.7,0.0,0.765934065934066,0
2023-12-29,13.0,16.1,10.6,0.0,0.765934065934066,0
2023-12-30,11.0,15.6,7.8,18.5,0.8675824175824176,0
2024-01-01,9.6,17.8,5.0,0.0,0.8675824175824176,0
2024-01-02,9.4,15.6,5.6,0.0,0.8675824175824176,0
2024-01-03,8.2,12.2,5.0,5.6,0.8983516483516484,0
2024-01-04,8.6,15.6,2.8,0.0,0.8983516483516484,0
2024-01-05,10.1,15.0,5.0,0.0,0.8983516483516484,0
2024-01-06,5.8,11.7,1.7,0.0,0.8983516483516484,0
2024-01-07,4.9,12.2,-0.6,0.0,0.8983516483516484,0
2024-01-08,7.0,14.4,1.1,0.0,0.8983516483516484,0
2024-01-09,7.8,11.1,4.4,0.0,0.8983516483516484,0
2024-01-10,6.8,10.0,2.2,0.0,0.8983516483516484,0
2024-01-11,5.3,13.3,0.6,0.0,0.8983516483516484,0
2024-01-12,6.1,13.3,1.1,0.0,0.8983516483516484,0
2024-01-13,8.4,11.7,3.3,0.0,0.8983516483516484,0
2024-01-14,10.9,16.1,5.6,0.0,0.8983516483516484,0
2024-01-15,8.8,17.8,5.0,0.0,0.8983516483516484,0
2024-01-16,11.1,15.6,6.1,0.0,0.8983516483516484,0
2024-01-17,10.4,15.0,5.0,0.0,0.8983516483516484,0
2024-01-18,9.9,17.8,5.0,0.0,0.8983516483516484,0
2024-01-19,11.6,15.0,9.4,0.0,0.8983516483516484,0
2024-01-20,11.3,12.8,9.4,10.4,0.9554945054945057,0
2024-01-21,11.7,13.9,10.0,0.0,0.9554945054945057,0
2024-01-22,12.6,16.1,11.1,34.8,1.1467032967032966,0
2024-01-23,10.9,15.0,8.9,0.0,1.1467032967032966,0
2024-01-24,10.9,12.8,8.9,0.0,1.1467032967032966,0
2024-01-25,10.2,16.1,5.6,1.3,1.1538461538461535,0
2024-01-26,10.4,16.1,6.7,0.0,1.1538461538461535,0
2024-01-27,14.2,23.9,7.8,0.0,1.1538461538461535,0
2024-01-28,16.0,25.0,10.6,0.0,1.1538461538461535,0
2024-01-29,15.7,25.0,9.4,0.0,1.1538461538461535,0
2024-01-30,13.8,19.4,8.9,0.0,1.1538461538461535,0
2024-01-31,11.8,13.9,9.4,0.0,1.1538461538461535,0
2024-02-01,9.7,13.9,7.8,39.1,1.3686813186813187,0
2024-02-02,8.3,11.7,5.6,0.0,1.3686813186813187,0
2024-02-03,7.7,11.1,5.6,3.8,1.3895604395604395,0
2024-02-04,10.6,13.9,7.8,104.1,1.9615384615384612,0
2024-02-05,9.6,13.3,6.1,74.4,2.3703296703296703,0
2024-02-06,7.9,13.3,3.3,37.6,2.576923076923077,0
2024-02-07,7.1,8.9,4.4,9.4,2.628571428571429,0
2024-02-08,6.6,12.2,1.7,0.0,2.628571428571429,0
2024-02-09,6.4,13.3,1.7,0.0,2.628571428571429,0
2024-02-10,10.1,16.1,3.3,0.0,2.628571428571429,0
2024-02-11,8.7,16.7,3.9,0.0,2.628571428571429,0
2024-02-12,8.4,17.8,3.3,0.0,2.628571428571429,0
2024-02-13,8.5,17.2,3.3,0.0,2.628571428571429,0
2024-02-14,9.4,12.2,5.6,0.0,2.628571428571429,0
2024-02-15,10.5,16.7,6.7,0.0,2.628571428571429,0
2024-02-16,10.3,15.6,6.1,0.0,2.628571428571429,0
2024-02-17,10.9,11.7,10.0,0.3,2.63021978021978,0
2024-02-18,12.4,17.2,9.4,0.3,2.631868131868132,0
2024-02-19,12.1,12.8,11.1,26.7,2.432417582417582,0
2024-02-20,10.8,14.4,8.3,17.5,2.4571428571428573,0
2024-02-21,9.3,15.0,5.6,5.8,2.489010989010989,0
2024-02-22,9.7,17.2,3.9,0.0,2.489010989010989,0
2024-02-23,11.8,17.2,5.6,0.0,2.489010989010989,0
2024-02-24,15.3,23.9,7.2,0.0,2.489010989010989,0
2024-02-25,11.3,20.0,5.6,0.0,2.489010989010989,0
2024-02-26,10.6,16.7,6.1,2.5,2.5027472527472527,0
2024-02-27,9.1,16.1,3.3,0.0,2.5027472527472527,0
2024-02-28,10.0,19.4,2.8,0.0,2.5027472527472527,0
2024-02-29,9.5,12.2,6.1,0.0,2.5027472527472527,0
2024-03-01,10.0,12.2,8.3,1.8,2.5126373626373626,0
2024-03-02,7.2,8.9,6.1,7.1,2.5516483516483515,0
2024-03-03,7.1,11.1,4.4,0.8,2.5516483516483515,0
2024-03-04,8.2,13.3,4.4,0.0,2.5516483516483515,0
2024-03-05,9.8,13.9,6.1,0.0,2.5516483516483515,0
2024-03-06,10.3,14.4,8.3,18.3,2.652197802197802,0
2024-03-07,9.2,16.1,3.9,0.3,2.6538461538461537,0
2024-03-08,10.3,18.9,3.3,0.0,2.6538461538461537,0
2024-03-09,10.3,16.1,5.6,0.0,2.6538461538461537,0
2024-03-10,10.9,17.2,7.2,0.0,2.6538461538461537,0
2024-03-11,10.5,15.6,6.7,0.0,2.6538461538461537,0
2024-03-12,10.7,15.6,6.7,0.0,2.6538461538461537,0
2024-03-13,10.4,17.2,3.3,0.0,2.6538461538461537,0
2024-03-14,14.6,18.9,11.1,0.0,2.6538461538461537,0
2024-03-15,14.6,21.7,7.2,0.0,2.6538461538461537,0
2024-03-16,12.3,21.1,5.0,0.0,2.6538461538461537,0
2024-03-17,10.4,19.4,3.3,0.0,2.6538461538461537,0
2024-03-18,11.6,20.6,3.3,0.0,2.6538461538461537,0
2024-03-19,10.9,21.1,4.4,0.0,2.6538461538461537,0
2024-03-20,10.7,20.6,2.2,0.0,2.6538461538461537,0
2024-03-21,12.2,20.0,5.6,0.0,2.6538461538461537,0
2024-03-22,11.1,17.8,7.2,0.0,2.6538461538461537,0
2024-03-23,9.6,13.9,7.2,7.1,2.692857142857143,0
2024-03-24,9.9,13.9,7.2,0.3,2.6945054945054943,0
2024-03-25,10.2,13.3,7.8,0.0,2.6945054945054943,0
2024-03-26,9.6,15.0,4.4,0.0,2.6945054945054943,0
2024-03-27,9.4,15.0,3.3,0.0,2.6945054945054943,0
2024-03-28,9.8,16.1,4.4,0.0,2.6945054945054943,0
2024-03-29,7.8,12.2,4.4,3.0,2.7109890109890107,0
2024-03-30,8.9,14.4,5.0,43.9,2.952197802197802,0
2024-03-31,9.3,17.2,4.4,6.4,2.9846153846153847,0
2024-04-01,12.1,21.1,4.4,0.0,2.9846153846153847,0
2024-04-02,13.1,23.9,5.6,0.0,2.9846153846153847,0
2024-04-03,9.7,15.6,6.1,0.0,2.9846153846153847,0
2024-04-04,6.1,11.1,2.2,0.3,2.9862637362637363,0
2024-04-05,6.6,12.2,1.7,2.3,2.9989010989010985,0
2024-04-06,7.8,15.6,1.7,0.0,2.9989010989010985,0
2024-04-07,7.9,15.6,2.2,0.0,2.9989010989010985,0
2024-04-08,10.3,19.4,3.3,0.0,2.9989010989010985,0
2024-04-09,13.1,22.8,4.4,0.0,2.9989010989010985,0
2024-04-10,15.4,27.2,5.0,0.0,2.9989010989010985,0
2024-04-11,14.8,24.4,7.2,0.0,2.9989010989010985,0
2024-04-12,10.6,16.1,6.1,0.0,2.9989010989010985,0
2024-04-13,7.8,11.1,5.6,9.1,3.0489010989010987,0
2024-04-14,9.7,16.7,6.1,4.3,3.0725274725274727,0
2024-04-15,10.9,17.8,5.6,0.0,3.0725274725274727,0
2024-04-16,13.4,23.9,5.0,0.0,3.0725274725274727,0
2024-04-17,15.6,24.4,8.3,0.0,3.0725274725274727,0
2024-04-18,13.5,22.2,7.2,0.0,3.0725274725274727,0
2024-04-19,12.1,20.0,7.2,0.0,3.0725274725274727,0
2024-04-20,12.6,21.1,5.6,0.0,3.0725274725274727,0
2024-04-21,14.2,23.3,5.6,0.0,3.0725274725274727,0
2024-04-22,14.6,22.8,10.0,0.0,3.0725274725274727,0
2024-04-23,11.6,13.3,10.6,0.0,3.0725274725274727,0
2024-04-24,12.1,15.0,10.0,0.0,3.0725274725274727,0
2024-04-25,10.9,13.9,9.4,0.0,3.0725274725274727,0
2024-04-26,10.9,13.3,9.4,0.0,3.0725274725274727,0
2024-04-27,11.2,16.1,7.8,0.0,3.0725274725274727,0
2024-04-28,11.8,18.3,7.2,0.0,3.0725274725274727,0
2024-04-29,11.2,18.9,5.0,0.0,3.0725274725274727,0
2024-04-30,9.7,17.8,3.9,0.0,3.0725274725274727,0
2024-05-01,11.9,21.7,3.9,0.0,3.0725274725274727,0
2024-05-02,11.9,20.0,5.0,0.0,3.0725274725274727,0
2024-05-03,12.6,20.0,7.2,0.0,3.0725274725274727,0
2024-05-04,8.9,11.7,5.6,0.0,3.0725274725274727,0
2024-05-05,9.1,14.4,5.0,3.3,3.090659340659341,0
2024-05-06,11.1,18.3,2.8,0.0,3.090659340659341,0
2024-05-07,12.1,19.4,6.1,0.0,3.090659340659341,0
2024-05-08,17.6,23.9,6.1,0.0,3.090659340659341,0
2024-05-09,18.0,26.7,9.4,0.0,3.090659340659341,0
2024-05-10,17.2,26.7,8.3,0.0,3.090659340659341,0
2024-05-11,16.6,26.7,8.3,0.0,3.090659340659341,0
2024-05-12,13.6,22.8,8.3,0.0,3.090659340659341,0
2024-05-13,12.5,20.0,7.2,0.0,3.090659340659341,0
2024-05-14,13.2,21.1,7.8,0.0,3.090659340659341,0
2024-05-15,13.7,21.1,7.8,0.0,3.090659340659341,0
2024-05-16,14.5,21.7,10.0,0.0,3.0434065934065933,0
2024-05-17,13.4,20.6,9.4,0.0,3.0434065934065933,0
2024-05-18,13.8,21.7,10.0,0.0,3.0434065934065933,0
2024-05-19,12.8,19.4,8.3,0.0,3.0406593406593405,0
2024-05-20,12.7,21.1,6.1,0.0,3.0406593406593405,0
2024-05-21,13.9,25.0,5.0,0.0,3.0406593406593405,0
2024-05-22,12.1,20.6,5.6,0.0,3.0406593406593405,0
2024-05-23,11.5,20.0,3.9,0.0,3.0406593406593405,0
2024-05-24,10.4,14.4,8.3,0.0,3.0406593406593405,0
2024-05-25,11.1,15.6,8.3,0.0,3.0406593406593405,0
2024-05-26,13.2,21.7,7.2,0.0,3.0406593406593405,0
2024-05-27,12.1,19.4,7.2,0.0,3.0406593406593405,0
2024-05-28,12.8,19.4,7.2,0.0,3.0406593406593405,0
2024-05-29,13.9,24.4,5.6,0.0,3.0406593406593405,0
2024-05-30,16.2,26.1,7.2,0.0,3.0406593406593405,0
2024-05-31,16.1,25.0,8.9,0.0,3.0406593406593405,0
2024-06-01,12.9,18.3,8.9,0.0,3.0406593406593405,0
2024-06-02,14.1,20.6,10.6,0.0,3.0406593406593405,0
2024-06-03,14.6,21.7,8.3,0.0,3.0406593406593405,0
2024-06-04,19.4,28.9,8.3,0.0,3.0406593406593405,0
2024-06-05,20.6,30.6,12.2,0.0,3.0406593406593405,0
2024-06-06,15.9,24.4,8.9,0.0,3.0406593406593405,0
2024-06-07,14.6,22.8,8.3,0.0,3.0406593406593405,0
2024-06-08,14.1,21.7,8.3,0.0,3.0406593406593405,0
2024-06-09,14.4,22.8,10.6,0.0,3.0406593406593405,0
2024-06-10,14.8,24.4,9.4,0.0,3.0406593406593405,0
2024-06-11,18.9,31.7,8.3,0.0,3.0406593406593405,0
2024-06-12,14.9,23.9,8.9,0.0,3.0406593406593405,0
2024-06-13,12.4,18.9,8.9,0.0,3.0406593406593405,0
2024-06-14,13.9,23.3,6.1,0.0,3.0406593406593405,0
2024-06-15,12.9,22.8,6.1,0.0,3.0406593406593405,0
2024-06-16,13.2,21.7,5.6,0.0,3.0406593406593405,0
2024-06-17,15.4,25.6,5.6,0.0,3.0406593406593405,0
2024-06-18,15.4,27.2,6.1,0.0,3.037912087912088,0
2024-06-19,12.8,20.6,5.6,0.0,3.011538461538461,0
2024-06-20,12.7,20.6,8.9,0.0,2.954395604395605,0
2024-06-21,13.4,22.8,8.3,0.0,2.8302197802197804,0
2024-06-22,19.0,30.6,7.8,0.0,2.749450549450549,0
2024-06-23,18.0,28.3,8.9,0.0,2.749450549450549,0
2024-06-24,19.3,29.4,9.4,0.0,2.749450549450549,0
2024-06-25,18.6,29.4,10.0,0.0,2.749450549450549,0
2024-06-26,13.9,22.2,8.3,0.0,2.749450549450549,0
2024-06-27,14.2,23.9,7.2,0.0,2.749450549450549,0
2024-06-28,15.8,25.6,6.7,0.0,2.749450549450549,0
2024-06-29,17.8,27.2,8.3,0.0,2.749450549450549,0
2024-06-30,16.9,25.6,10.6,0.0,2.647802197802198,0
2024-07-01,17.8,28.9,8.9,0.0,2.647802197802198,0
2024-07-02,24.9,35.0,13.3,0.0,2.647802197802198,0
2024-07-03,25.2,34.4,16.1,0.0,2.617032967032967,0
2024-07-04,23.5,33.3,15.0,0.0,2.617032967032967,0
2024-07-05,22.7,33.3,12.8,0.0,2.617032967032967,0
2024-07-06,21.1,33.3,10.0,0.0,2.617032967032967,0
2024-07-07,19.7,29.4,11.7,0.0,2.617032967032967,0
2024-07-08,16.7,26.7,9.4,0.0,2.617032967032967,0
2024-07-09,16.9,26.1,10.0,0.0,2.617032967032967,0
2024-07-10,19.9,30.6,11.7,0.0,2.617032967032967,0
2024-07-11,22.9,37.2,11.1,0.0,2.617032967032967,0
2024-07-12,18.9,28.9,10.6,0.0,2.617032967032967,0
2024-07-13,16.9,26.7,10.6,0.0,2.617032967032967,0
2024-07-14,16.4,24.4,11.1,0.0,2.617032967032967,0
2024-07-15,15.4,23.3,9.4,0.0,2.617032967032967,0
2024-07-16,15.4,23.3,8.9,0.0,2.617032967032967,0
2024-07-17,16.0,23.9,10.6,0.0,2.617032967032967,0
2024-07-18,16.9,27.8,7.8,0.0,2.617032967032967,0
2024-07-19,19.7,32.8,8.9,0.0,2.617032967032967,0
2024-07-20,16.2,23.9,10.0,0.0,2.55989010989011,0
2024-07-21,14.9,21.7,10.6,0.0,2.55989010989011,0
2024-07-22,19.4,30.6,8.9,0.0,2.3686813186813187,0
2024-07-23,24.0,35.0,16.1,0.0,2.3686813186813187,0
2024-07-24,22.9,31.1,15.6,0.0,2.3686813186813187,0
2024-07-25,21.3,32.2,13.3,0.0,2.3615384615384616,0
2024-07-26,17.4,27.8,10.6,0.0,2.3615384615384616,0
2024-07-27,13.0,16.7,11.1,0.0,2.3615384615384616,0
2024-07-28,14.7,22.8,10.6,0.0,2.3615384615384616,0
2024-07-29,16.0,23.9,11.1,0.0,2.3615384615384616,0
2024-07-30,17.1,24.4,11.7,0.0,2.3615384615384616,0
2024-07-31,17.4,28.3,10.0,0.0,2.3615384615384616,0
2024-08-01,17.3,29.4,9.4,0.0,2.1467032967032966,0
2024-08-02,17.7,26.7,10.0,0.0,2.1467032967032966,0
2024-08-03,18.7,29.4,12.2,0.0,2.125824175824176,0
2024-08-04,15.5,24.4,11.1,0.0,1.553846153846154,0
2024-08-05,15.0,23.3,10.6,0.0,1.145054945054945,0
2024-08-06,19.3,32.8,8.9,0.0,0.9384615384615386,0
2024-08-07,19.7,30.6,11.1,0.0,0.8868131868131869,0
2024-08-08,16.7,26.7,9.4,0.0,0.8868131868131869,0
2024-08-09,15.9,25.0,10.0,0.0,0.8868131868131869,0
2024-08-10,16.9,26.7,10.0,0.0,0.8868131868131869,0
2024-08-11,15.6,24.4,10.0,0.0,0.8868131868131869,0
2024-08-12,15.2,25.6,8.9,0.0,0.8868131868131869,0
2024-08-13,16.1,25.0,7.8,0.0,0.8868131868131869,0
2024-08-14,16.7,26.7,9.4,0.0,0.8868131868131869,0
2024-08-15,15.7,25.0,8.9,0.0,0.8868131868131869,0
2024-08-16,16.7,25.0,9.4,0.0,0.8868131868131869,0
2024-08-17,17.1,24.4,11.7,0.0,0.8851648351648351,0
2024-08-18,16.6,24.4,10.0,0.0,0.8835164835164836,0
2024-08-19,15.8,25.6,7.8,0.0,0.7368131868131867,0
2024-08-20,18.1,28.9,8.9,0.0,0.6406593406593407,0
2024-08-21,16.8,25.6,10.0,0.0,0.6087912087912088,0
2024-08-22,16.2,22.2,13.3,0.0,0.6087912087912088,0
2024-08-23,15.9,21.7,11.7,0.0,0.6087912087912088,0
2024-08-24,17.2,25.0,10.0,0.0,0.6087912087912088,0
2024-08-25,17.8,27.2,8.9,0.0,0.6087912087912088,0
2024-08-26,19.9,29.4,11.7,0.0,0.5950549450549452,0
2024-08-27,22.0,32.2,11.1,0.0,0.5950549450549452,0
2024-08-28,18.9,28.3,11.1,0.0,0.5950549450549452,0
2024-08-29,16.1,25.6,10.0,0.0,0.5950549450549452,0
2024-08-30,16.3,25.6,10.6,0.0,0.5851648351648352,0
2024-08-31,15.7,24.4,9.4,0.0,0.5461538461538462,0
2024-09-01,15.9,24.4,9.4,0.0,0.5417582417582418,0
2024-09-02,15.8,25.6,8.3,0.0,0.5417582417582418,0
2024-09-03,20.6,33.9,7.8,0.0,0.5417582417582418,0
2024-09-04,19.4,30.6,12.2,0.0,0.4412087912087912,0
2024-09-05,22.1,35.6,12.2,0.0,0.4395604395604395,0
2024-09-06,21.0,34.4,11.7,0.0,0.4395604395604395,0
2024-09-07,18.8,31.1,10.0,0.0,0.4395604395604395,0
2024-09-08,19.8,30.6,11.1,0.0,0.4395604395604395,0
2024-09-09,15.7,25.0,8.9,0.0,0.4395604395604395,0
2024-09-10,15.3,23.3,12.2,0.0,0.4395604395604395,0
2024-09-11,15.8,22.8,11.1,0.0,0.4395604395604395,0
2024-09-12,16.6,25.6,9.4,0.0,0.4395604395604395,0
2024-09-13,16.9,27.8,9.4,0.0,0.4395604395604395,0
2024-09-14,14.7,23.9,7.2,0.0,0.4395604395604395,0
2024-09-15,13.1,15.0,12.2,0.0,0.4395604395604395,0
2024-09-16,12.3,16.1,9.4,0.0,0.4395604395604395,0
2024-09-17,12.7,16.1,10.6,0.0,0.4395604395604395,0
2024-09-18,15.3,20.0,12.8,0.0,0.4395604395604395,0
2024-09-19,14.8,23.3,10.0,0.0,0.4395604395604395,0
2024-09-20,14.6,23.3,10.0,0.0,0.4395604395604395,0
2024-09-21,15.2,23.9,9.4,0.0,0.4005494505494505,0
2024-09-22,16.3,27.2,8.9,0.0,0.3989010989010989,0
2024-09-23,22.9,35.0,12.8,0.0,0.3989010989010989,0
2024-09-24,20.4,31.1,13.3,0.0,0.3989010989010989,0
2024-09-25,15.7,22.8,12.2,0.0,0.3989010989010989,0
2024-09-26,15.9,25.0,10.6,0.0,0.3989010989010989,0
2024-09-27,21.3,35.0,10.6,0.0,0.3824175824175824,0
2024-09-28,16.0,23.9,11.1,0.0,0.1412087912087912,0
2024-09-29,14.2,23.3,8.3,0.0,0.106043956043956,0
2024-09-30,25.3,33.3,11.7,0.0,0.106043956043956,0
2024-10-01,28.3,39.4,21.7,0.0,0.106043956043956,0
2024-10-02,29.4,41.7,20.0,0.0,0.106043956043956,0
2024-10-03,26.7,38.9,18.3,0.0,0.1043956043956044,0
2024-10-04,24.8,35.0,17.8,0.0,0.0917582417582417,0
2024-10-05,28.7,36.7,21.7,0.0,0.0917582417582417,0
2024-10-06,29.9,37.2,22.8,0.0,0.0917582417582417,0
2024-10-07,25.9,36.7,15.6,0.0,0.0917582417582417,0
2024-10-08,17.3,27.8,11.1,0.0,0.0917582417582417,0
2024-10-09,15.6,23.9,7.8,0.0,0.0917582417582417,0
2024-10-10,15.8,26.1,8.3,0.0,0.0917582417582417,0
2024-10-11,14.6,26.1,7.8,0.0,0.0917582417582417,0
2024-10-12,17.1,23.9,8.9,0.0,0.0417582417582417,0
2024-10-13,17.2,24.4,12.8,0.0,0.0181318681318681,0
2024-10-14,13.8,21.7,10.6,0.0,0.0181318681318681,0
2024-10-15,15.4,25.0,8.9,0.0,0.0181318681318681,0
2024-10-16,15.3,23.3,11.1,0.0,0.0181318681318681,0
2024-10-17,13.6,18.9,8.3,0.0,0.0181318681318681,0
2024-10-18,16.4,23.3,12.2,0.0,0.0181318681318681,0
2024-10-19,18.4,26.1,10.0,0.0,0.0181318681318681,0
2024-10-20,17.2,29.4,9.4,0.0,0.0181318681318681,0
2024-10-21,14.2,24.4,6.7,0.0,0.0181318681318681,0
2024-10-22,11.8,21.7,5.6,0.0,0.0181318681318681,0
2024-10-23,15.7,27.8,6.7,0.0,0.0181318681318681,0
2024-10-24,17.7,23.9,11.1,0.0,0.0181318681318681,0
2024-10-25,15.4,25.6,9.4,0.0,0.0181318681318681,0
2024-10-26,16.1,26.7,8.3,0.0,0.0181318681318681,0
2024-10-27,15.3,21.7,10.0,0.0,0.0181318681318681,0
2024-10-28,11.1,17.8,6.1,0.0,0.0181318681318681,0
2024-10-29,9.4,18.9,3.3,0.0,0.0181318681318681,0
2024-10-30,10.4,18.9,3.9,0.0,0.0181318681318681,0
2024-10-31,10.9,17.8,5.6,0.0,0.0181318681318681,0
2024-11-01,11.7,18.3,5.0,0.0,0.0181318681318681,0
2024-11-02,12.2,16.7,8.3,1.8,0.028021978021978,0
2024-11-03,12.1,20.0,5.0,0.0,0.0098901098901098,0
2024-11-04,15.1,22.8,7.8,0.0,0.0098901098901098,0
2024-11-05,13.7,21.1,6.1,0.0,0.0098901098901098,0
2024-11-06,15.2,18.9,12.2,0.0,0.0098901098901098,0
2024-11-07,13.8,23.3,6.7,0.0,0.0098901098901098,0
2024-11-08,12.2,22.8,5.6,0.0,0.0098901098901098,0
2024-11-09,11.9,22.8,5.6,0.0,0.0098901098901098,0
2024-11-10,12.8,22.2,5.0,0.0,0.0098901098901098,0
2024-11-11,11.2,15.6,5.6,0.0,0.0098901098901098,0
2024-11-12,9.6,17.2,5.0,0.0,0.0098901098901098,0
2024-11-13,9.8,16.1,4.4,0.0,0.0098901098901098,0
2024-11-14,10.9,16.7,7.8,0.0,0.0098901098901098,0
2024-11-15,8.6,15.0,3.3,0.0,0.0098901098901098,0
2024-11-16,7.9,16.1,2.2,0.0,0.0098901098901098,0
2024-11-17,9.2,17.2,2.2,0.0,0.0098901098901098,0
2024-11-18,7.2,14.4,1.1,0.0,0.0098901098901098,0
2024-11-19,8.1,15.0,1.1,0.0,0.0098901098901098,0
2024-11-20,11.2,14.4,10.0,0.0,0.0098901098901098,0
2024-11-21,11.6,13.3,8.9,0.0,0.0098901098901098,0
2024-11-22,12.8,14.4,10.6,0.0,0.0098901098901098,0
2024-11-23,10.1,13.9,4.4,0.5,0.0126373626373626,0
2024-11-24,8.8,15.6,3.3,0.8,0.017032967032967,0
2024-11-25,10.7,12.8,9.4,0.0,0.017032967032967,0
2024-11-26,9.7,12.2,6.1,0.5,0.0197802197802197,0
2024-11-27,10.2,15.0,6.1,0.0,0.0197802197802197,0
2024-11-28,9.1,16.1,3.9,0.0,0.0197802197802197,0
2024-11-29,9.8,20.0,4.4,0.0,0.0197802197802197,0
2024-11-30,12.7,23.3,5.6,0.0,0.0197802197802197,0
2024-12-01,14.6,22.2,10.0,0.0,0.0197802197802197,0
2024-12-02,13.1,23.9,7.8,0.0,0.0197802197802197,0
2024-12-03,13.2,22.8,7.2,0.0,0.0197802197802197,0
2024-12-04,12.7,21.1,7.2,0.0,0.0197802197802197,0
2024-12-05,13.3,22.8,8.9,0.0,0.0197802197802197,0
2024-12-06,14.2,21.7,8.3,0.0,0.0197802197802197,0
2024-12-07,14.0,21.7,8.9,0.0,0.0197802197802197,0
2024-12-08,13.9,20.0,7.8,0.0,0.0197802197802197,0
2024-12-09,13.8,17.8,11.1,0.0,0.0197802197802197,0
2024-12-10,11.9,21.1,5.0,0.0,0.0197802197802197,0
2024-12-11,12.6,21.7,7.2,0.0,0.0197802197802197,0
2024-12-12,9.8,11.7,8.9,0.0,0.0197802197802197,0
2024-12-13,10.3,11.7,8.3,0.0,0.0197802197802197,0
2024-12-14,8.9,11.7,3.9,0.0,0.0197802197802197,0
2024-12-15,7.4,15.6,2.2,0.0,0.0197802197802197,0
2024-12-16,8.4,10.6,6.1,0.0,0.0197802197802197,0
2024-12-17,11.8,19.4,6.1,0.0,0.0197802197802197,0
2024-12-18,15.2,21.1,7.8,0.0,0.0197802197802197,0
2024-12-19,15.6,23.3,10.6,0.0,0.0197802197802197,0
2024-12-20,13.4,19.4,10.0,0.0,0.0197802197802197,0
2024-12-21,12.1,12.8,11.1,0.0,0.0197802197802197,0
2024-12-22,14.2,17.2,12.2,0.0,0.0197802197802197,0
2024-12-23,15.7,18.3,13.9,0.0,0.0197802197802197,0
2024-12-24,9.7,15.0,4.4,0.5,0.0225274725274725,0
2024-12-25,6.9,13.3,3.9,0.0,0.0225274725274725,0
2024-12-26,10.6,15.0,6.1,0.0,0.0225274725274725,0
2024-12-27,12.5,15.6,8.9,0.0,0.0225274725274725,0
2024-12-28,12.7,16.1,10.0,0.0,0.0225274725274725,0
2024-12-29,11.1,13.3,6.7,0.0,0.0225274725274725,0
2024-12-30,7.7,13.3,3.9,0.0,0.0225274725274725,0
2024-12-31,7.6,15.6,2.8,0.0,0.0225274725274725,0
2025-01-01,7.8,18.3,1.7,0.0,0.0225274725274725,0
2025-01-02,12.9,22.2,7.2,0.0,0.0225274725274725,0
2025-01-03,9.9,12.8,7.2,0.0,0.0225274725274725,0
2025-01-04,8.7,12.8,5.0,0.0,0.0225274725274725,0
2025-01-05,9.8,16.7,4.4,0.0,0.0225274725274725,0
2025-01-06,10.7,16.1,6.1,0.0,0.0225274725274725,0
2025-01-07,13.8,17.8,11.1,0.0,0.0225274725274725,1
2025-01-08,11.5,18.9,5.6,0.0,0.0225274725274725,1
2025-01-09,15.8,20.0,7.2,0.0,0.0225274725274725,1
2025-01-10,12.3,21.1,6.1,0.0,0.0225274725274725,1
2025-01-11,12.9,17.8,6.7,0.0,0.0225274725274725,1
2025-01-12,11.5,17.8,3.9,0.0,0.0225274725274725,1
2025-01-13,9.2,15.6,2.8,0.0,0.0225274725274725,1
2025-01-14,8.3,16.1,1.7,0.0,0.0225274725274725,1
2025-01-15,9.6,18.9,2.8,0.0,0.0225274725274725,1
2025-01-16,9.7,21.1,3.3,0.0,0.0225274725274725,1
2025-01-17,7.7,14.4,1.7,0.0,0.0225274725274725,1
2025-01-18,7.3,16.7,2.2,0.0,0.0225274725274725,1
2025-01-19,5.7,12.2,2.2,0.0,0.0225274725274725,1
2025-01-20,9.3,15.6,2.2,0.0,0.0225274725274725,1
2025-01-21,10.7,21.1,2.8,0.0,0.0225274725274725,1
2025-01-22,13.9,19.4,6.1,0.0,0.0225274725274725,1
2025-01-23,14.2,23.9,7.2,0.0,0.0225274725274725,1
2025-01-24,10.2,19.4,5.0,0.0,0.0225274725274725,1
2025-01-25,8.3,12.2,3.9,2.8,0.0379120879120879,1
2025-01-26,5.8,11.1,1.1,,0.0381215469613259,1
2025-01-27,6.3,15.0,0.6,,0.0383333333333333,1
2025-01-28,7.1,15.0,0.6,0.0,0.0383333333333333,1
2025-01-29,8.1,13.3,6.7,0.0,0.0383333333333333,1
2025-01-30,7.2,13.3,3.9,0.0,0.0383333333333333,1
2025-01-31,8.6,10.6,6.1,0.0,0.0383333333333333,1
2025-02-01,11.9,13.9,10.6,0.0,0.0383333333333333,0
2025-02-02,12.6,13.3,11.1,0.0,0.0383333333333333,0
2025-02-03,11.2,12.2,10.0,0.0,0.0383333333333333,0
2025-02-04,9.9,13.9,3.3,0.0,0.0383333333333333,0
2025-02-05,6.5,12.8,1.7,6.1,0.0722222222222222,0
2025-02-06,10.1,13.3,6.1,25.1,0.2116666666666666,0
2025-02-07,7.7,11.7,2.8,18.0,0.3116666666666666,0
2025-02-08,6.3,13.3,2.2,0.0,0.3116666666666666,0
2025-02-09,5.6,13.3,0.6,0.0,0.3116666666666666,0
2025-02-10,5.5,13.9,-1.1,0.0,0.3116666666666666,0
2025-02-11,5.3,11.1,0.0,0.0,0.3116666666666666,0
2025-02-12,7.5,10.6,3.3,1.5,0.32,0
2025-02-13,11.0,12.8,9.4,71.1,0.715,0
2025-02-14,7.9,12.8,2.2,2.0,0.726111111111111,0
2025-02-15,8.1,16.7,1.7,0.0,0.726111111111111,0
2025-02-16,9.7,16.7,3.3,0.0,0.726111111111111,0
2025-02-17,8.1,14.4,3.9,0.0,0.726111111111111,0
2025-02-18,9.8,18.3,3.3,0.0,0.726111111111111,0
2025-02-19,9.9,15.6,5.6,0.0,0.726111111111111,0
2025-02-20,11.2,18.3,5.0,0.0,0.726111111111111,0
2025-02-21,11.4,20.0,5.0,0.0,0.726111111111111,0
2025-02-22,12.0,22.2,5.0,0.0,0.726111111111111,0
2025-02-23,11.7,18.9,5.6,0.0,0.726111111111111,0
2025-02-24,12.5,17.8,8.3,0.0,0.726111111111111,0
2025-02-25,11.7,18.9,6.1,0.0,0.726111111111111,0
2025-02-26,15.4,23.9,8.3,0.0,0.726111111111111,0
2025-02-27,15.9,26.7,7.8,0.0,0.726111111111111,0
2025-02-28,14.3,23.3,7.8,0.0,0.726111111111111,0
2025-03-01,9.3,15.0,5.0,0.0,0.726111111111111,0
2025-03-02,8.4,11.7,6.7,0.0,0.726111111111111,0
2025-03-03,8.8,12.8,6.7,0.0,0.726111111111111,0
2025-03-04,10.4,16.7,6.7,0.0,0.726111111111111,0
2025-03-05,8.9,11.1,6.1,13.5,0.801111111111111,0
2025-03-06,7.3,12.8,3.3,2.3,0.8138888888888889,0
2025-03-07,8.8,17.2,2.8,0.3,0.8155555555555555,0
2025-03-08,9.6,20.0,2.2,0.0,0.8155555555555555,0
2025-03-09,9.3,17.8,2.2,0.0,0.8155555555555555,0
2025-03-10,9.9,20.0,3.3,0.0,0.8155555555555555,0
2025-03-11,10.4,17.2,2.8,0.8,0.82,0
2025-03-12,8.8,11.1,5.6,7.9,0.8638888888888889,0
2025-03-13,6.6,11.1,4.4,26.2,1.0094444444444444,0
2025-03-14,7.3,12.2,3.3,1.0,1.015,0
2025-03-15,8.7,15.0,3.9,0.0,1.015,0
2025-03-16,9.3,12.2,3.9,0.0,1.015,0
2025-03-17,8.6,11.7,6.1,0.5,1.0177777777777777,0
2025-03-18,7.6,15.6,1.1,0.0,1.0177777777777777,0
2025-03-19,8.4,15.6,1.1,0.0,1.0177777777777777,0
2025-03-20,8.8,16.7,2.8,0.0,1.0177777777777777,0
2025-03-21,8.7,16.7,2.2,0.0,1.0177777777777777,0
2025-03-22,10.1,16.7,5.0,0.0,1.0177777777777777,0
2025-03-23,12.8,21.1,6.7,0.0,1.0177777777777777,0
2025-03-24,18.1,27.2,9.4,0.0,1.0177777777777777,0
2025-03-25,19.6,30.0,11.1,0.0,1.0177777777777777,0
2025-03-26,11.6,15.0,9.4,0.0,1.0177777777777777,0
2025-03-27,11.3,14.4,8.3,0.0,1.0177777777777777,0
2025-03-28,10.3,15.6,6.1,0.0,1.0177777777777777,0
2025-03-29,9.4,16.7,4.4,0.0,1.0177777777777777,0
2025-03-30,11.1,15.6,6.7,1.8,1.0277777777777777,0
2025-03-31,9.9,15.6,6.7,2.0,1.038888888888889,0
2025-04-01,8.2,11.1,6.7,0.0,1.038888888888889,0
2025-04-02,8.3,13.9,2.2,0.0,1.038888888888889,0
2025-04-03,9.6,17.2,3.3,2.3,1.0516666666666663,0
2025-04-04,10.6,20.6,2.2,0.0,1.0516666666666663,0
2025-04-05,11.8,21.7,4.4,0.0,1.0516666666666663,0
2025-04-06,12.2,21.7,3.9,0.0,1.0516666666666663,0
2025-04-07,12.1,18.9,6.7,0.0,1.0516666666666663,0
2025-04-08,11.6,19.4,5.6,0.0,1.0516666666666663,0
2025-04-09,14.2,23.9,5.6,0.0,1.0516666666666663,0
2025-04-10,13.1,22.2,7.8,0.0,1.0516666666666663,0
2025-04-11,12.8,20.0,8.3,0.0,1.0516666666666663,0
2025-04-12,10.1,16.1,3.9,0.0,1.0516666666666663,0
2025-04-13,13.6,24.4,3.3,0.0,1.0516666666666663,0
2025-04-14,13.6,20.6,7.8,0.0,1.0516666666666663,0
2025-04-15,11.7,18.3,6.7,0.0,1.0516666666666663,0
2025-04-16,11.5,17.8,5.0,0.0,1.0516666666666663,0
2025-04-17,10.4,12.2,9.4,0.0,1.0516666666666663,0
2025-04-18,11.1,18.3,6.7,0.0,1.0516666666666663,0
2025-04-19,10.9,18.3,6.7,0.0,1.0516666666666663,0
2025-04-20,12.1,21.1,6.1,0.0,1.0516666666666663,0
2025-04-21,12.7,22.8,3.9,0.0,1.0516666666666663,0
2025-04-22,11.2,18.9,4.4,0.0,1.0516666666666663,0
2025-04-23,9.3,12.8,7.8,0.0,1.0516666666666663,0
2025-04-24,9.1,11.7,7.8,0.0,1.0516666666666663,0
2025-04-25,8.9,12.8,5.0,0.0,1.0516666666666663,0
2025-04-26,8.9,14.4,3.3,5.6,1.0827777777777776,0
2025-04-27,8.6,10.0,7.8,0.0,1.0827777777777776,0
2025-04-28,11.2,18.3,4.4,0.0,1.0827777777777776,0
2025-04-29,12.9,22.8,4.4,0.0,1.0827777777777776,0
2025-04-30,12.8,20.6,7.2,0.0,1.0827777777777776,0
2025-05-01,12.2,18.3,8.3,0.0,1.0827777777777776,0
2025-05-02,11.8,17.8,7.8,0.0,1.0827777777777776,0
2025-05-03,9.6,11.7,7.8,0.0,1.0727777777777776,0
2025-05-04,11.1,18.3,6.1,0.0,1.0727777777777776,0
2025-05-05,19.2,26.7,10.0,0.0,1.0727777777777776,0
2025-05-06,14.4,22.8,7.2,0.8,1.077222222222222,0
2025-05-07,12.5,20.6,8.3,0.0,1.077222222222222,0
2025-05-08,14.5,24.4,6.1,0.0,1.077222222222222,0
2025-05-09,18.6,29.4,8.3,0.0,1.077222222222222,0
2025-05-10,15.6,25.6,7.2,0.0,1.077222222222222,0
2025-05-11,11.4,18.3,5.6,0.0,1.077222222222222,0
2025-05-12,11.4,15.0,9.4,0.0,1.077222222222222,0
2025-05-13,11.9,17.8,8.9,0.0,1.077222222222222,0
2025-05-14,12.9,20.0,8.3,0.0,1.077222222222222,0
2025-05-15,12.9,22.8,6.1,0.0,1.077222222222222,0
2025-05-16,11.6,19.4,6.7,0.0,1.077222222222222,0
2025-05-17,11.2,15.0,9.4,0.0,1.077222222222222,0
2025-05-18,12.5,19.4,6.7,0.0,1.077222222222222,0
2025-05-19,13.5,21.7,5.6,0.0,1.077222222222222,0
2025-05-20,12.2,18.9,5.0,0.0,1.077222222222222,0
2025-05-21,13.1,23.3,4.4,0.0,1.077222222222222,0
2025-05-22,11.8,20.0,5.0,0.0,1.077222222222222,0
2025-05-23,10.7,14.4,8.9,0.0,1.077222222222222,0
2025-05-24,10.1,12.2,8.9,0.0,1.0744444444444443,0
2025-05-25,12.6,17.2,9.4,0.0,1.07,0
2025-05-26,12.5,18.9,8.9,0.0,1.07,0
2025-05-27,13.1,22.8,5.6,0.0,1.0672222222222223,0
2025-05-28,11.7,17.8,8.9,0.0,1.0672222222222223,0
2025-05-29,14.8,21.7,10.0,0.0,1.0672222222222223,0
2025-05-30,18.9,29.4,8.3,0.0,1.0672222222222223,0
2025-05-31,19.4,28.9,10.0,0.0,1.0672222222222223,0
2025-06-01,12.8,19.4,8.3,0.0,1.0672222222222223,0
2025-06-02,14.5,22.8,8.3,0.0,1.0672222222222223,0
2025-06-03,14.3,22.2,7.8,0.8,1.0716666666666668,0
2025-06-04,14.4,21.1,7.2,0.3,1.0733333333333333,0
2025-06-05,15.2,22.8,11.1,0.0,1.0733333333333333,0
2025-06-06,15.6,22.2,11.1,0.0,1.0733333333333333,0
2025-06-07,14.3,21.7,10.6,0.0,1.0733333333333333,0
2025-06-08,14.3,22.2,10.0,0.0,1.0733333333333333,0
2025-06-09,13.6,20.0,9.4,0.0,1.0733333333333333,0
2025-06-10,13.3,20.0,8.9,0.0,1.0733333333333333,0
2025-06-11,12.7,18.3,8.9,0.0,1.0733333333333333,0
2025-06-12,12.8,19.4,7.2,0.0,1.0733333333333333,0
2025-06-13,12.8,20.0,6.1,0.0,1.0733333333333333,0
2025-06-14,12.2,20.6,4.4,0.0,1.0733333333333333,0
2025-06-15,12.8,21.7,4.4,0.0,1.0733333333333333,0
2025-06-16,11.8,18.9,6.7,0.0,1.0733333333333333,0
2025-06-17,13.1,21.1,5.6,0.0,1.0733333333333333,0
2025-06-18,14.6,23.9,7.8,0.0,1.0733333333333333,0
2025-06-19,12.1,17.8,7.2,0.0,1.0733333333333333,0
2025-06-20,11.8,16.7,6.1,0.0,1.0733333333333333,0
2025-06-21,12.3,19.4,5.0,0.0,1.0733333333333333,0
2025-06-22,12.7,20.0,6.1,0.0,1.0733333333333333,0
2025-06-23,13.8,23.9,5.6,0.0,1.0733333333333333,0
2025-06-24,13.2,19.4,9.4,0.0,1.0705555555555557,0
2025-06-25,13.2,20.6,9.4,0.0,1.0705555555555557,0
2025-06-26,13.2,18.3,8.9,0.0,1.0705555555555557,0
2025-06-27,15.5,24.4,7.8,0.0,1.0705555555555557,0
2025-06-28,17.4,27.8,7.8,0.0,1.0705555555555557,0
2025-06-29,17.8,28.3,10.6,0.0,1.0705555555555557,0
2025-06-30,16.4,25.6,9.4,0.0,1.0705555555555557,0
2025-07-01,15.9,27.2,8.9,0.0,1.0705555555555557,0
2025-07-02,13.9,21.7,10.0,0.0,1.0705555555555557,0
2025-07-03,12.8,19.4,7.2,0.0,1.0705555555555557,0
2025-07-04,13.8,20.6,8.3,0.0,1.0705555555555557,0
2025-07-05,14.4,21.1,10.6,0.0,1.0705555555555557,0
2025-07-06,14.1,22.2,8.9,0.0,1.0705555555555557,0
2025-07-07,15.1,23.3,9.4,0.0,1.0705555555555557,0
2025-07-08,15.7,22.8,10.6,0.0,1.0705555555555557,0
2025-07-09,14.6,22.2,10.0,0.0,1.0705555555555557,0
2025-07-10,17.2,27.8,7.8,0.0,1.0705555555555557,0
2025-07-11,16.9,27.2,8.3,0.0,1.0705555555555557,0
2025-07-12,16.4,25.0,8.9,0.0,1.0705555555555557,0
2025-07-13,15.9,25.6,8.3,0.0,1.0705555555555557,0
2025-07-14,16.2,26.1,8.3,0.0,1.0705555555555557,0
2025-07-15,15.7,23.3,9.4,0.0,1.0705555555555557,0
2025-07-16,15.4,21.7,11.7,0.0,1.0705555555555557,0
2025-07-17,15.7,23.3,11.7,0.0,1.0705555555555557,0
2025-07-18,15.3,22.2,11.1,0.0,1.0705555555555557,0
2025-07-19,14.4,22.2,10.6,0.0,1.0705555555555557,0
2025-07-20,14.5,20.6,9.4,0.0,1.0705555555555557,0
2025-07-21,14.8,20.6,12.2,0.0,1.0705555555555557,0
2025-07-22,13.7,18.3,11.7,0.0,1.0705555555555557,0
2025-07-23,15.4,21.1,11.7,0.0,1.0705555555555557,0
2025-07-24,15.4,22.2,12.2,0.0,1.0705555555555557,0
2025-07-25,14.7,20.6,11.1,0.0,1.0705555555555557,0
2025-07-26,14.8,21.7,11.7,0.0,1.055,0
2025-07-27,15.1,21.1,10.6,0.0,1.049171270718232,0
2025-07-28,16.4,23.3,10.6,0.0,1.0434065934065933,0
2025-07-29,15.6,24.4,8.3,0.0,1.0434065934065933,0
2025-07-30,14.5,20.0,12.8,0.0,1.0434065934065933,0
2025-07-31,15.5,22.2,12.2,0.0,1.0434065934065933,0
2025-08-01,14.9,21.7,11.7,0.0,1.0434065934065933,0
2025-08-02,15.1,22.2,11.1,0.0,1.0434065934065933,0
2025-08-03,14.6,21.7,10.0,0.0,1.0434065934065933,0
2025-08-04,14.8,22.8,8.9,0.0,1.0434065934065933,0
2025-08-05,14.9,23.3,7.8,0.0,1.0434065934065933,0
2025-08-06,16.6,28.3,8.9,0.0,1.00989010989011,0
